sweep-cont400m_ep01_seed2-8860522/checkpoint-1062	4746534912
sweep-s200m_ck220k_lr1e4_kl100_t007_seed2-8856116/checkpoint-1347	2434523136
sweep-s200m_ck192k_lr4e-4_p170k2_seed2-8880712/checkpoint-1593	2434588672
sweep-s200m_ck192k_lr4e-4_p170k2_seed2-8880712/checkpoint-1060	2434572288
sweep-s200m_ck192k_lr4e-4_p170k2_seed2-8880712/checkpoint-1590	2434588672
sweep-s200m_ck192k_lr4e-4_p170k2_seed2-8880712/checkpoint-795	2434564096
sweep-s200m_ck192k_lr4e-4_p170k2_seed2-8880712/checkpoint-1325	2434580480
sweep-s200m_ck192k_lr4e-4_p170k2_seed2-8880712/checkpoint-530	2434555904
sweep-s200m_ck192k_lr4e-4_p170k2_seed2-8880712/checkpoint-265	2434547712
sweep-50m_ep16_seed3-8847663/checkpoint-113800	103051264
sweep-50m_ep16_seed3-8847663/checkpoint-116200	103108608
sweep-50m_ep16_seed3-8847663/checkpoint-116288	103108608
sweep-s200m_ck430k_lr4e-4_p170k2_seed1-8880712/checkpoint-1593	2434588672
sweep-s200m_ck430k_lr4e-4_p170k2_seed1-8880712/checkpoint-1060	2434572288
sweep-s200m_ck430k_lr4e-4_p170k2_seed1-8880712/checkpoint-1590	2434588672
sweep-s200m_ck430k_lr4e-4_p170k2_seed1-8880712/checkpoint-795	2434564096
sweep-s200m_ck430k_lr4e-4_p170k2_seed1-8880712/checkpoint-1325	2434580480
sweep-s200m_ck430k_lr4e-4_p170k2_seed1-8880712/checkpoint-530	2434555904
sweep-s200m_ck430k_lr4e-4_p170k2_seed1-8880712/checkpoint-265	2434547712
sweep-cls_seed0-8863044/checkpoint-12081	14467072
sweep-cls_seed0-8863044/checkpoint-11000	14458880
sweep-cls_seed0-8863044/checkpoint-12000	14467072
sweep-s050m_ck540k_cons_w1_seed2-8878582/checkpoint-352	597966848
sweep-s050m_ck540k_cons_w1_seed2-8878582/checkpoint-1760	598011904
sweep-s050m_ck540k_cons_w1_seed2-8878582/checkpoint-1056	597987328
sweep-s050m_ck540k_cons_w1_seed2-8878582/checkpoint-2277	598032384
sweep-s050m_ck540k_cons_w1_seed2-8878582/checkpoint-1408	597999616
sweep-s050m_ck540k_cons_w1_seed2-8878582/checkpoint-704	597979136
sweep-s050m_ck540k_cons_w1_seed2-8878582/checkpoint-2112	598024192
sweep-s050m_ck540k_sigmoid_mass_seed2-8872141/checkpoint-3186	598011904
v2_align-ft-a1-align-100k-400m-oodsel-8867817/checkpoint-12081	19193856
v2_align-ft-a1-align-100k-400m-oodsel-8867817/checkpoint-11000	19185664
v2_align-ft-a1-align-100k-400m-oodsel-8867817/checkpoint-12000	19193856
sweep-s050m_ck220k_lr1e4_kl100_t003_seed2-8856116/checkpoint-1347	597954560
sweep-s200m_ck220k_lr1e4_kl10_t003_seed1-8856116/checkpoint-1347	2434523136
sweep-s200m_ck330k_besteval_seed1-8856159/checkpoint-1347	2434592768
sweep-s200m_ck330k_besteval_seed1-8856159/checkpoint-1200	2434584576
sweep-s050m_ck540k_supcon_regions50_seed1-8873563/checkpoint-1593	597958656
sweep-s050m_ck540k_supcon_regions50_seed1-8873563/checkpoint-2124	597983232
sweep-s050m_ck540k_supcon_regions50_seed1-8873563/checkpoint-3186	598007808
sweep-s050m_ck540k_supcon_regions50_seed1-8873563/checkpoint-2655	597999616
sweep-s050m_ck540k_supcon_regions50_seed1-8873563/checkpoint-531	597925888
sweep-s050m_ck540k_supcon_regions50_seed1-8873563/checkpoint-1062	597938176
sweep-s200m_ck220k_lr4e-4_p170k2_seed2-8880712/checkpoint-1593	2434588672
sweep-s200m_ck220k_lr4e-4_p170k2_seed2-8880712/checkpoint-1060	2434572288
sweep-s200m_ck220k_lr4e-4_p170k2_seed2-8880712/checkpoint-1590	2434588672
sweep-s200m_ck220k_lr4e-4_p170k2_seed2-8880712/checkpoint-795	2434564096
sweep-s200m_ck220k_lr4e-4_p170k2_seed2-8880712/checkpoint-1325	2434580480
sweep-s200m_ck220k_lr4e-4_p170k2_seed2-8880712/checkpoint-530	2434555904
sweep-s200m_ck220k_lr4e-4_p170k2_seed2-8880712/checkpoint-265	2434547712
sweep-cont050m_ep01_seed2-8860522/checkpoint-1062	597946368
validate-sweep-conhp-eval-8856119.aurora-pbs-0001.hostmgmt.cm.aurora.alcf.anl.gov/checkpoint-6	2434482176
sweep-massb_seed1-8869110/checkpoint-3021	19120128
sweep-massb_seed1-8869110/checkpoint-3000	19120128
sweep-massb_seed1-8869110/checkpoint-2000	19111936
sweep-s200m_ck220k_lr1e4_kl10_t003_seed0-8856116/checkpoint-1347	2434523136
sweep-s200m_ck010k_lr4e-4_p170k2_seed0-8880712/checkpoint-1593	2434588672
sweep-s200m_ck010k_lr4e-4_p170k2_seed0-8880712/checkpoint-1060	2434572288
sweep-s200m_ck010k_lr4e-4_p170k2_seed0-8880712/checkpoint-1590	2434588672
sweep-s200m_ck010k_lr4e-4_p170k2_seed0-8880712/checkpoint-795	2434564096
sweep-s200m_ck010k_lr4e-4_p170k2_seed0-8880712/checkpoint-1325	2434580480
sweep-s200m_ck010k_lr4e-4_p170k2_seed0-8880712/checkpoint-530	2434555904
sweep-s200m_ck010k_lr4e-4_p170k2_seed0-8880712/checkpoint-265	2434547712
sweep-s050m_ck540k_cons_k3_kl0_seed1-8873850/checkpoint-1593	398680064
sweep-s050m_ck540k_cons_k3_kl0_seed1-8873850/checkpoint-3429	398737408
sweep-s050m_ck540k_cons_k3_kl0_seed1-8873850/checkpoint-2124	398696448
sweep-s050m_ck540k_cons_k3_kl0_seed1-8873850/checkpoint-3186	398725120
sweep-s050m_ck540k_cons_k3_kl0_seed1-8873850/checkpoint-2655	398712832
sweep-s050m_ck540k_cons_k3_kl0_seed1-8873850/checkpoint-531	398643200
sweep-s050m_ck540k_cons_k3_kl0_seed1-8873850/checkpoint-1062	398659584
sweep-s100m_ck540k_lr2e-4_p128k2_seed2-8875262/checkpoint-352	1209593856
sweep-s100m_ck540k_lr2e-4_p128k2_seed2-8875262/checkpoint-1760	1209638912
sweep-s100m_ck540k_lr2e-4_p128k2_seed2-8875262/checkpoint-1056	1209614336
sweep-s100m_ck540k_lr2e-4_p128k2_seed2-8875262/checkpoint-1408	1209626624
sweep-s100m_ck540k_lr2e-4_p128k2_seed2-8875262/checkpoint-2115	1209651200
sweep-s100m_ck540k_lr2e-4_p128k2_seed2-8875262/checkpoint-704	1209602048
sweep-s100m_ck540k_lr2e-4_p128k2_seed2-8875262/checkpoint-2112	1209651200
sweep-s050m_ck330k_gcon_seed5-8856115/checkpoint-1347	597954560
validate-sweep-ckpt-contrastive-8850498.aurora-pbs-0001.hostmgmt.cm.aurora.alcf.anl.gov/checkpoint-6	597909504
sweep-s050m_ck540k_supcon_between75_seed2-8873159/checkpoint-1593	597962752
sweep-s050m_ck540k_supcon_between75_seed2-8873159/checkpoint-2124	597975040
sweep-s050m_ck540k_supcon_between75_seed2-8873159/checkpoint-3186	598011904
sweep-s050m_ck540k_supcon_between75_seed2-8873159/checkpoint-2655	597995520
sweep-s050m_ck540k_supcon_between75_seed2-8873159/checkpoint-531	597925888
sweep-s050m_ck540k_supcon_between75_seed2-8873159/checkpoint-1062	597942272
sweep-s050m_ck540k_supcon_within75_seed1-8873159/checkpoint-1593	597962752
sweep-s050m_ck540k_supcon_within75_seed1-8873159/checkpoint-2124	597979136
sweep-s050m_ck540k_supcon_within75_seed1-8873159/checkpoint-3186	598016000
sweep-s050m_ck540k_supcon_within75_seed1-8873159/checkpoint-2655	597999616
sweep-s050m_ck540k_supcon_within75_seed1-8873159/checkpoint-531	597929984
sweep-s050m_ck540k_supcon_within75_seed1-8873159/checkpoint-1062	597942272
sweep-s050m_ck540k_lr4e-4_p170k2_cons_seed0-8882196/checkpoint-1060	597999616
sweep-s050m_ck540k_lr4e-4_p170k2_cons_seed0-8882196/checkpoint-1590	598016000
sweep-s050m_ck540k_lr4e-4_p170k2_cons_seed0-8882196/checkpoint-795	597991424
sweep-s050m_ck540k_lr4e-4_p170k2_cons_seed0-8882196/checkpoint-1325	598011904
sweep-s050m_ck540k_lr4e-4_p170k2_cons_seed0-8882196/checkpoint-530	597987328
sweep-s050m_ck540k_lr4e-4_p170k2_cons_seed0-8882196/checkpoint-265	597975040
sweep-s050m_ck540k_lr4e-4_p170k2_cons_seed0-8882196/checkpoint-1713	598024192
sweep-400m_ck120k_seed1-8860472/checkpoint-29072	793190400
sweep-400m_ck120k_seed1-8860472/checkpoint-21800	793018368
sweep-400m_ck120k_seed1-8860472/checkpoint-29000	793186304
sweep-s050m_ck330k_lr1e4_kl100_t007_seed0-8856116/checkpoint-1347	597946368
sweep-s050m_ck540k_kl1-8872806/checkpoint-1593	597962752
sweep-s050m_ck540k_kl1-8872806/checkpoint-2124	597983232
sweep-s050m_ck540k_kl1-8872806/checkpoint-3186	598016000
sweep-s050m_ck540k_kl1-8872806/checkpoint-2655	597995520
sweep-s050m_ck540k_kl1-8872806/checkpoint-531	597929984
sweep-s050m_ck540k_kl1-8872806/checkpoint-1062	597946368
sweep-s050m_ck220k_lr1e4_kl100_t003_seed1-8856116/checkpoint-1347	597950464
validate-sweep-denoise-400m-8842180.aurora-pbs-0001.hostmgmt.cm.aurora.alcf.anl.gov/checkpoint-20	792514560
validate-sweep-denoise-400m-8842180.aurora-pbs-0001.hostmgmt.cm.aurora.alcf.anl.gov/checkpoint-30	792518656
validate-sweep-denoise-400m-8842180.aurora-pbs-0001.hostmgmt.cm.aurora.alcf.anl.gov/checkpoint-36	792518656
sweep-s200m_ck540k_lr4e-4_p170k2_seed2-8875261/checkpoint-1593	2434531328
sweep-s200m_ck540k_lr4e-4_p170k2_seed2-8875261/checkpoint-1060	2434514944
sweep-s200m_ck540k_lr4e-4_p170k2_seed2-8875261/checkpoint-1590	2434531328
sweep-s200m_ck540k_lr4e-4_p170k2_seed2-8875261/checkpoint-795	2434506752
sweep-s200m_ck540k_lr4e-4_p170k2_seed2-8875261/checkpoint-1325	2434523136
sweep-s200m_ck540k_lr4e-4_p170k2_seed2-8875261/checkpoint-530	2434498560
sweep-s200m_ck540k_lr4e-4_p170k2_seed2-8875261/checkpoint-265	2434490368
sweep-s050m_ck330k_besteval_seed5-8856159/checkpoint-1347	598024192
sweep-s050m_ck330k_besteval_seed5-8856159/checkpoint-1200	598016000
sweep-100m_ck540k_seed2-8856549/checkpoint-29072	203206656
sweep-100m_ck540k_seed2-8856549/checkpoint-21400	203022336
sweep-100m_ck540k_seed2-8856549/checkpoint-29000	203198464
sweep-400m_ck540k_seed2-8864759/checkpoint-21000	793001984
sweep-400m_ck540k_seed2-8864759/checkpoint-29072	793190400
sweep-400m_ck540k_seed2-8864759/checkpoint-29000	793186304
sweep-massb_seed0-8869110/checkpoint-3021	19120128
sweep-massb_seed0-8869110/checkpoint-3000	19120128
sweep-massb_seed0-8869110/checkpoint-2000	19111936
v2_align-ft-a1-align-100k-400m-c7final-8866359/checkpoint-12081	19193856
v2_align-ft-a1-align-100k-400m-c7final-8866359/checkpoint-11000	19185664
v2_align-ft-a1-align-100k-400m-c7final-8866359/checkpoint-12000	19193856
sweep-s400m_ck540k_lr8e-4_p128k2_seed2-8878459/checkpoint-352	4746559488
sweep-s400m_ck540k_lr8e-4_p128k2_seed2-8878459/checkpoint-1760	4746604544
sweep-s400m_ck540k_lr8e-4_p128k2_seed2-8878459/checkpoint-1056	4746579968
sweep-s400m_ck540k_lr8e-4_p128k2_seed2-8878459/checkpoint-1408	4746592256
sweep-s400m_ck540k_lr8e-4_p128k2_seed2-8878459/checkpoint-2115	4746616832
sweep-s400m_ck540k_lr8e-4_p128k2_seed2-8878459/checkpoint-704	4746567680
sweep-s400m_ck540k_lr8e-4_p128k2_seed2-8878459/checkpoint-2112	4746616832
validate-sweep-denoise-scratch-scale-8847643.aurora-pbs-0001.hostmgmt.cm.aurora.alcf.anl.gov/checkpoint-370	100462592
validate-sweep-denoise-scratch-scale-8847643.aurora-pbs-0001.hostmgmt.cm.aurora.alcf.anl.gov/checkpoint-544	100487168
validate-sweep-denoise-scratch-scale-8847643.aurora-pbs-0001.hostmgmt.cm.aurora.alcf.anl.gov/checkpoint-540	100483072
sweep-s050m_ck540k_cons_k4_seed0-8873850/checkpoint-705	597929984
sweep-s050m_ck540k_cons_k4_seed0-8873850/checkpoint-4554	598056960
sweep-s050m_ck540k_cons_k4_seed0-8873850/checkpoint-4230	598044672
sweep-s050m_ck540k_cons_k4_seed0-8873850/checkpoint-2820	598003712
sweep-s050m_ck540k_cons_k4_seed0-8873850/checkpoint-3525	598024192
sweep-s050m_ck540k_cons_k4_seed0-8873850/checkpoint-2115	597979136
sweep-s050m_ck540k_cons_k4_seed0-8873850/checkpoint-1410	597958656
sweep-50m_ck120k_seed1-8856549/checkpoint-29072	101093376
sweep-50m_ck120k_seed1-8856549/checkpoint-29000	101089280
sweep-50m_ck120k_seed1-8856549/checkpoint-27200	101048320
denoise-ft-50m-8839842/checkpoint-1500	199684096
denoise-ft-50m-8839842/checkpoint-2018	199684096
denoise-ft-50m-8839842/checkpoint-2000	199684096
sweep-50m_ck330k_seed2-8850494/checkpoint-29072	101093376
sweep-50m_ck330k_seed2-8850494/checkpoint-26000	101019648
sweep-50m_ck330k_seed2-8850494/checkpoint-29000	101089280
sweep-s050m_ck540k_lr1.6e-3_seed0-8873825/checkpoint-1593	597958656
sweep-s050m_ck540k_lr1.6e-3_seed0-8873825/checkpoint-2124	597979136
sweep-s050m_ck540k_lr1.6e-3_seed0-8873825/checkpoint-3186	598016000
sweep-s050m_ck540k_lr1.6e-3_seed0-8873825/checkpoint-2655	597999616
sweep-s050m_ck540k_lr1.6e-3_seed0-8873825/checkpoint-531	597925888
sweep-s050m_ck540k_lr1.6e-3_seed0-8873825/checkpoint-1062	597946368
sweep-lit_hn4_mse0_seed0-8864663/checkpoint-3021	16490496
sweep-lit_hn4_mse0_seed0-8864663/checkpoint-3000	16490496
sweep-lit_hn4_mse0_seed0-8864663/checkpoint-2000	16482304
validate-sweep-denoise-seeds-ep8-mid-8846290.aurora-pbs-0001.hostmgmt.cm.aurora.alcf.anl.gov/checkpoint-272	406945792
validate-sweep-denoise-seeds-ep8-mid-8846290.aurora-pbs-0001.hostmgmt.cm.aurora.alcf.anl.gov/checkpoint-270	406945792
validate-sweep-denoise-seeds-ep8-mid-8846290.aurora-pbs-0001.hostmgmt.cm.aurora.alcf.anl.gov/checkpoint-150	406929408
sweep-400m_ck255k_seed3-8860472/checkpoint-20200	792981504
sweep-400m_ck255k_seed3-8860472/checkpoint-29072	793190400
sweep-400m_ck255k_seed3-8860472/checkpoint-29000	793186304
sweep-100m_ck430k_seed2-8856549/checkpoint-29072	203206656
sweep-100m_ck430k_seed2-8856549/checkpoint-21400	203022336
sweep-100m_ck430k_seed2-8856549/checkpoint-29000	203202560
sweep-s050m_ck540k_lr4e-4-8872806/checkpoint-1593	597958656
sweep-s050m_ck540k_lr4e-4-8872806/checkpoint-2124	597979136
sweep-s050m_ck540k_lr4e-4-8872806/checkpoint-3186	598016000
sweep-s050m_ck540k_lr4e-4-8872806/checkpoint-2655	597995520
sweep-s050m_ck540k_lr4e-4-8872806/checkpoint-531	597925888
sweep-s050m_ck540k_lr4e-4-8872806/checkpoint-1062	597946368
sweep-s050m_ck220k_lr1e4_kl100_t007_seed1-8856116/checkpoint-1347	597950464
sweep-s200m_ck220k_lr4e-4_p170k2_seed1-8880712/checkpoint-1593	2434588672
sweep-s200m_ck220k_lr4e-4_p170k2_seed1-8880712/checkpoint-1060	2434572288
sweep-s200m_ck220k_lr4e-4_p170k2_seed1-8880712/checkpoint-1590	2434588672
sweep-s200m_ck220k_lr4e-4_p170k2_seed1-8880712/checkpoint-795	2434564096
sweep-s200m_ck220k_lr4e-4_p170k2_seed1-8880712/checkpoint-1325	2434580480
sweep-s200m_ck220k_lr4e-4_p170k2_seed1-8880712/checkpoint-530	2434555904
sweep-s200m_ck220k_lr4e-4_p170k2_seed1-8880712/checkpoint-265	2434547712
sweep-s400m_ck540k_lr4e-4_p170k2_seed0-8878459/checkpoint-1593	4746596352
sweep-s400m_ck540k_lr4e-4_p170k2_seed0-8878459/checkpoint-1060	4746579968
sweep-s400m_ck540k_lr4e-4_p170k2_seed0-8878459/checkpoint-1590	4746596352
sweep-s400m_ck540k_lr4e-4_p170k2_seed0-8878459/checkpoint-795	4746571776
sweep-s400m_ck540k_lr4e-4_p170k2_seed0-8878459/checkpoint-1325	4746588160
sweep-s400m_ck540k_lr4e-4_p170k2_seed0-8878459/checkpoint-530	4746563584
sweep-s400m_ck540k_lr4e-4_p170k2_seed0-8878459/checkpoint-265	4746555392
sweep-200m_ck540k_seed2-8860472/checkpoint-29072	407584768
sweep-200m_ck540k_seed2-8860472/checkpoint-29000	407584768
sweep-200m_ck540k_seed2-8860472/checkpoint-20800	407396352
sweep-s400m_ck540k_lr4e-4_p170k2_cons_seed2-8882196/checkpoint-1060	4746592256
sweep-s400m_ck540k_lr4e-4_p170k2_cons_seed2-8882196/checkpoint-1590	4746608640
sweep-s400m_ck540k_lr4e-4_p170k2_cons_seed2-8882196/checkpoint-795	4746584064
sweep-s400m_ck540k_lr4e-4_p170k2_cons_seed2-8882196/checkpoint-1325	4746600448
sweep-s400m_ck540k_lr4e-4_p170k2_cons_seed2-8882196/checkpoint-530	4746575872
sweep-s400m_ck540k_lr4e-4_p170k2_cons_seed2-8882196/checkpoint-265	4746567680
sweep-s400m_ck540k_lr4e-4_p170k2_cons_seed2-8882196/checkpoint-1713	4746612736
sweep-50m_ck220k_seed1-8850494/checkpoint-26800	101040128
sweep-50m_ck220k_seed1-8850494/checkpoint-29072	101093376
sweep-50m_ck220k_seed1-8850494/checkpoint-29000	101089280
sweep-50m_ck330k_seed1-8850494/checkpoint-29072	101093376
sweep-50m_ck330k_seed1-8850494/checkpoint-26000	101019648
sweep-50m_ck330k_seed1-8850494/checkpoint-29000	101089280
sweep-s050m_ck540k_supcon_within50_seed0-8873159/checkpoint-1593	597958656
sweep-s050m_ck540k_supcon_within50_seed0-8873159/checkpoint-2124	597979136
sweep-s050m_ck540k_supcon_within50_seed0-8873159/checkpoint-3186	598011904
sweep-s050m_ck540k_supcon_within50_seed0-8873159/checkpoint-2655	597999616
sweep-s050m_ck540k_supcon_within50_seed0-8873159/checkpoint-531	597925888
sweep-s050m_ck540k_supcon_within50_seed0-8873159/checkpoint-1062	597938176
sweep-s025m_ck540k_lr4e-4_p170k2_cons_seed2-8882196/checkpoint-1060	307613696
sweep-s025m_ck540k_lr4e-4_p170k2_cons_seed2-8882196/checkpoint-1590	307630080
sweep-s025m_ck540k_lr4e-4_p170k2_cons_seed2-8882196/checkpoint-795	307609600
sweep-s025m_ck540k_lr4e-4_p170k2_cons_seed2-8882196/checkpoint-1325	307625984
sweep-s025m_ck540k_lr4e-4_p170k2_cons_seed2-8882196/checkpoint-530	307597312
sweep-s025m_ck540k_lr4e-4_p170k2_cons_seed2-8882196/checkpoint-265	307593216
sweep-s025m_ck540k_lr4e-4_p170k2_cons_seed2-8882196/checkpoint-1713	307634176
sweep-s050m_ck540k_p170k3-8872806/checkpoint-1593	597962752
sweep-s050m_ck540k_p170k3-8872806/checkpoint-1060	597938176
sweep-s050m_ck540k_p170k3-8872806/checkpoint-1590	597962752
sweep-s050m_ck540k_p170k3-8872806/checkpoint-795	597934080
sweep-s050m_ck540k_p170k3-8872806/checkpoint-1325	597950464
sweep-s050m_ck540k_p170k3-8872806/checkpoint-530	597929984
sweep-s050m_ck540k_p170k3-8872806/checkpoint-265	597917696
sweep-50m_ck430k_seed3-8856549/checkpoint-29072	101093376
sweep-50m_ck430k_seed3-8856549/checkpoint-29000	101089280
sweep-50m_ck430k_seed3-8856549/checkpoint-27200	101048320
sweep-s200m_ck330k_lr1e4_kl100_t007_seed1-8856116/checkpoint-1347	2434523136
sweep-s050m_ck220k_lr1e4_kl10_t007_seed0-8856116/checkpoint-1347	597950464
sweep-s050m_ck330k_gcon_seed4-8856115/checkpoint-1347	597946368
sweep-s050m_ck220k_lr1e4_kl10_t003_seed1-8856116/checkpoint-1347	597950464
validate-sweep-contrastive-scale-v2-random-8848414.aurora-pbs-0001.hostmgmt.cm.aurora.alcf.anl.gov/checkpoint-6	3164364800
sweep-50m_ck010k_seed2-8856549/checkpoint-29072	101093376
sweep-50m_ck010k_seed2-8856549/checkpoint-29000	101089280
sweep-50m_ck010k_seed2-8856549/checkpoint-27200	101048320
sweep-cont050m_ep01_seed0-8860469/checkpoint-11	597909504
sweep-cont050m_ep01_seed0-8860469/checkpoint-10	597909504
sweep-400m_ck540k_seed1-8864458/checkpoint-668	792596480
sweep-400m_ck540k_seed1-8864458/checkpoint-480	792576000
sweep-400m_ck540k_seed1-8864458/checkpoint-660	792596480
sweep-lr1e4_kl0_t02-8840665/checkpoint-80	199294976
sweep-lr1e4_kl0_t02-8840665/checkpoint-90	199294976
sweep-s050m_ck540k_cons_k3_seed2-8873850/checkpoint-1593	597958656
sweep-s050m_ck540k_cons_k3_seed2-8873850/checkpoint-3429	598020096
sweep-s050m_ck540k_cons_k3_seed2-8873850/checkpoint-2124	597983232
sweep-s050m_ck540k_cons_k3_seed2-8873850/checkpoint-3186	598016000
sweep-s050m_ck540k_cons_k3_seed2-8873850/checkpoint-2655	597995520
sweep-s050m_ck540k_cons_k3_seed2-8873850/checkpoint-531	597921792
sweep-s050m_ck540k_cons_k3_seed2-8873850/checkpoint-1062	597946368
sweep-s200m_ck330k_lr4e-4_p170k2_seed0-8880712/checkpoint-1593	2434588672
sweep-s200m_ck330k_lr4e-4_p170k2_seed0-8880712/checkpoint-1060	2434572288
sweep-s200m_ck330k_lr4e-4_p170k2_seed0-8880712/checkpoint-1590	2434588672
sweep-s200m_ck330k_lr4e-4_p170k2_seed0-8880712/checkpoint-795	2434564096
sweep-s200m_ck330k_lr4e-4_p170k2_seed0-8880712/checkpoint-1325	2434580480
sweep-s200m_ck330k_lr4e-4_p170k2_seed0-8880712/checkpoint-530	2434555904
sweep-s200m_ck330k_lr4e-4_p170k2_seed0-8880712/checkpoint-265	2434547712
sweep-200m_ck010k_seed1-8860472/checkpoint-29072	407588864
sweep-200m_ck010k_seed1-8860472/checkpoint-27000	407539712
sweep-200m_ck010k_seed1-8860472/checkpoint-29000	407584768
sweep-lit_hn4_mse0_seed0-8865869/checkpoint-3021	16490496
sweep-lit_hn4_mse0_seed0-8865869/checkpoint-3000	16490496
sweep-lit_hn4_mse0_seed0-8865869/checkpoint-2000	16482304
sweep-s050m_ck540k_supcon_mass_seed1-8872141/checkpoint-3186	598011904
validate-sweep-ckpthp-contrastive-8848873.aurora-pbs-0001.hostmgmt.cm.aurora.alcf.anl.gov/checkpoint-6	597905408
sweep-s050m_ck330k_lr1e4_kl10_t003_seed0-8856116/checkpoint-1347	597950464
sweep-s200m_ck330k_lr1e4_kl100_t003_seed2-8856116/checkpoint-1347	2434523136
sweep-attn_seed1-8863044/checkpoint-12081	15523840
sweep-attn_seed1-8863044/checkpoint-11000	15515648
sweep-attn_seed1-8863044/checkpoint-12000	15523840
sweep-s200m_ck540k_lr4e-4_p128k2_seed2-8875261/checkpoint-352	2434494464
sweep-s200m_ck540k_lr4e-4_p128k2_seed2-8875261/checkpoint-1760	2434539520
sweep-s200m_ck540k_lr4e-4_p128k2_seed2-8875261/checkpoint-1056	2434514944
sweep-s200m_ck540k_lr4e-4_p128k2_seed2-8875261/checkpoint-1408	2434527232
sweep-s200m_ck540k_lr4e-4_p128k2_seed2-8875261/checkpoint-2115	2434551808
sweep-s200m_ck540k_lr4e-4_p128k2_seed2-8875261/checkpoint-704	2434502656
sweep-s200m_ck540k_lr4e-4_p128k2_seed2-8875261/checkpoint-2112	2434551808
sweep-s200m_ck330k_besteval_seed3-8856159/checkpoint-1347	2434592768
sweep-s200m_ck330k_besteval_seed3-8856159/checkpoint-800	2434551808
sweep-s050m_ck220k_lr1e4_kl10_t007_seed2-8856116/checkpoint-1347	597950464
sweep-s200m_ck330k_lr4e-4_p170k2_seed2-8880712/checkpoint-1593	2434588672
sweep-s200m_ck330k_lr4e-4_p170k2_seed2-8880712/checkpoint-1060	2434572288
sweep-s200m_ck330k_lr4e-4_p170k2_seed2-8880712/checkpoint-1590	2434588672
sweep-s200m_ck330k_lr4e-4_p170k2_seed2-8880712/checkpoint-795	2434564096
sweep-s200m_ck330k_lr4e-4_p170k2_seed2-8880712/checkpoint-1325	2434580480
sweep-s200m_ck330k_lr4e-4_p170k2_seed2-8880712/checkpoint-530	2434555904
sweep-s200m_ck330k_lr4e-4_p170k2_seed2-8880712/checkpoint-265	2434547712
v2_contrastive-50m-p256-b32-8840656/checkpoint-25	398569472
v2_contrastive-50m-p256-b32-8840656/checkpoint-39	398573568
sweep-s100m_ck430k_lr4e-4_p170k2_seed0-8880712/checkpoint-1593	1209688064
sweep-s100m_ck430k_lr4e-4_p170k2_seed0-8880712/checkpoint-1060	1209671680
sweep-s100m_ck430k_lr4e-4_p170k2_seed0-8880712/checkpoint-1590	1209688064
sweep-s100m_ck430k_lr4e-4_p170k2_seed0-8880712/checkpoint-795	1209663488
sweep-s100m_ck430k_lr4e-4_p170k2_seed0-8880712/checkpoint-1325	1209675776
sweep-s100m_ck430k_lr4e-4_p170k2_seed0-8880712/checkpoint-530	1209655296
sweep-s100m_ck430k_lr4e-4_p170k2_seed0-8880712/checkpoint-265	1209647104
sweep-50m_ck220k_seed2-8850494/checkpoint-29072	101093376
sweep-50m_ck220k_seed2-8850494/checkpoint-29000	101089280
sweep-50m_ck220k_seed2-8850494/checkpoint-27200	101048320
sweep-200m_ck120k_seed1-8860472/checkpoint-20600	407388160
sweep-200m_ck120k_seed1-8860472/checkpoint-29072	407584768
sweep-200m_ck120k_seed1-8860472/checkpoint-29000	407584768
sweep-200m_ck540k_seed1-8860472/checkpoint-29072	407588864
sweep-200m_ck540k_seed1-8860472/checkpoint-21800	407416832
sweep-200m_ck540k_seed1-8860472/checkpoint-29000	407584768
sweep-s025m_ck540k_lr2e-4_p128k2_seed0-8878461/checkpoint-352	307580928
sweep-s025m_ck540k_lr2e-4_p128k2_seed0-8878461/checkpoint-1760	307630080
sweep-s025m_ck540k_lr2e-4_p128k2_seed0-8878461/checkpoint-1056	307605504
sweep-s025m_ck540k_lr2e-4_p128k2_seed0-8878461/checkpoint-1408	307613696
sweep-s025m_ck540k_lr2e-4_p128k2_seed0-8878461/checkpoint-2115	307642368
sweep-s025m_ck540k_lr2e-4_p128k2_seed0-8878461/checkpoint-704	307589120
sweep-s025m_ck540k_lr2e-4_p128k2_seed0-8878461/checkpoint-2112	307642368
sweep-s100m_ck330k_lr4e-4_p170k2_seed2-8880712/checkpoint-1593	1209688064
sweep-s100m_ck330k_lr4e-4_p170k2_seed2-8880712/checkpoint-1060	1209671680
sweep-s100m_ck330k_lr4e-4_p170k2_seed2-8880712/checkpoint-1590	1209688064
sweep-s100m_ck330k_lr4e-4_p170k2_seed2-8880712/checkpoint-795	1209663488
sweep-s100m_ck330k_lr4e-4_p170k2_seed2-8880712/checkpoint-1325	1209679872
sweep-s100m_ck330k_lr4e-4_p170k2_seed2-8880712/checkpoint-530	1209655296
sweep-s100m_ck330k_lr4e-4_p170k2_seed2-8880712/checkpoint-265	1209647104
sweep-s200m_ck540k_lr4e-4_p170k2_cons_seed0-8882196/checkpoint-1060	2434572288
sweep-s200m_ck540k_lr4e-4_p170k2_cons_seed0-8882196/checkpoint-1590	2434588672
sweep-s200m_ck540k_lr4e-4_p170k2_cons_seed0-8882196/checkpoint-795	2434564096
sweep-s200m_ck540k_lr4e-4_p170k2_cons_seed0-8882196/checkpoint-1325	2434580480
sweep-s200m_ck540k_lr4e-4_p170k2_cons_seed0-8882196/checkpoint-530	2434555904
sweep-s200m_ck540k_lr4e-4_p170k2_cons_seed0-8882196/checkpoint-265	2434547712
sweep-s200m_ck540k_lr4e-4_p170k2_cons_seed0-8882196/checkpoint-1713	2434592768
sweep-s050m_ck540k_lr4e-4_kl1_seed2-8873825/checkpoint-1593	597958656
sweep-s050m_ck540k_lr4e-4_kl1_seed2-8873825/checkpoint-2124	597979136
sweep-s050m_ck540k_lr4e-4_kl1_seed2-8873825/checkpoint-3186	598016000
sweep-s050m_ck540k_lr4e-4_kl1_seed2-8873825/checkpoint-2655	597995520
sweep-s050m_ck540k_lr4e-4_kl1_seed2-8873825/checkpoint-531	597925888
sweep-s050m_ck540k_lr4e-4_kl1_seed2-8873825/checkpoint-1062	597942272
sweep-s200m_ck540k_lr4e-4_p170k2_cons_seed1-8882196/checkpoint-1060	2434572288
sweep-s200m_ck540k_lr4e-4_p170k2_cons_seed1-8882196/checkpoint-1590	2434588672
sweep-s200m_ck540k_lr4e-4_p170k2_cons_seed1-8882196/checkpoint-795	2434564096
sweep-s200m_ck540k_lr4e-4_p170k2_cons_seed1-8882196/checkpoint-1325	2434580480
sweep-s200m_ck540k_lr4e-4_p170k2_cons_seed1-8882196/checkpoint-530	2434555904
sweep-s200m_ck540k_lr4e-4_p170k2_cons_seed1-8882196/checkpoint-265	2434547712
sweep-s200m_ck540k_lr4e-4_p170k2_cons_seed1-8882196/checkpoint-1713	2434592768
sweep-s050m_ck540k_base-8872806/checkpoint-1593	597958656
sweep-s050m_ck540k_base-8872806/checkpoint-2124	597979136
sweep-s050m_ck540k_base-8872806/checkpoint-3186	598011904
sweep-s050m_ck540k_base-8872806/checkpoint-2655	597991424
sweep-s050m_ck540k_base-8872806/checkpoint-531	597925888
sweep-s050m_ck540k_base-8872806/checkpoint-1062	597942272
sweep-s050m_ck330k_lr1e4_kl10_t007_seed1-8856116/checkpoint-1347	597950464
sweep-s050m_ck540k_cons_w3_seed0-8878582/checkpoint-352	597966848
sweep-s050m_ck540k_cons_w3_seed0-8878582/checkpoint-1760	598011904
sweep-s050m_ck540k_cons_w3_seed0-8878582/checkpoint-1056	597983232
sweep-s050m_ck540k_cons_w3_seed0-8878582/checkpoint-2277	598032384
sweep-s050m_ck540k_cons_w3_seed0-8878582/checkpoint-1408	597999616
sweep-s050m_ck540k_cons_w3_seed0-8878582/checkpoint-704	597979136
sweep-s050m_ck540k_cons_w3_seed0-8878582/checkpoint-2112	598028288
sweep-s050m_ck540k_supcon_random_seed2-8872141/checkpoint-3186	598011904
sweep-s200m_ck220k_lr1e4_kl100_t003_seed2-8856116/checkpoint-1347	2434523136
sweep-100m_ck010k_seed1-8856549/checkpoint-29072	203202560
sweep-100m_ck010k_seed1-8856549/checkpoint-29000	203202560
sweep-100m_ck010k_seed1-8856549/checkpoint-28200	203182080
sweep-massb_hn4_seed0-8869110/checkpoint-3021	19120128
sweep-massb_hn4_seed0-8869110/checkpoint-3000	19120128
sweep-massb_hn4_seed0-8869110/checkpoint-2000	19111936
sweep-s100m_ck540k_lr8e-4_p128k2_seed1-8875262/checkpoint-352	1209593856
sweep-s100m_ck540k_lr8e-4_p128k2_seed1-8875262/checkpoint-1760	1209638912
sweep-s100m_ck540k_lr8e-4_p128k2_seed1-8875262/checkpoint-1056	1209614336
sweep-s100m_ck540k_lr8e-4_p128k2_seed1-8875262/checkpoint-1408	1209626624
sweep-s100m_ck540k_lr8e-4_p128k2_seed1-8875262/checkpoint-2115	1209651200
sweep-s100m_ck540k_lr8e-4_p128k2_seed1-8875262/checkpoint-704	1209602048
sweep-s100m_ck540k_lr8e-4_p128k2_seed1-8875262/checkpoint-2112	1209651200
sweep-s200m_ck330k_lr1e4_kl10_t003_seed0-8856116/checkpoint-1347	2434523136
sweep-s050m_ck330k_gcon_seed2-8856115/checkpoint-1347	597954560
validate-sweep-contrastive-random-8842265.aurora-pbs-0001.hostmgmt.cm.aurora.alcf.anl.gov/checkpoint-6	597913600
sweep-s050m_ck540k_supcon_mass_seed0-8872141/checkpoint-3186	598016000
sweep-s100m_ck540k_lr4e-4_p128k2_seed2-8875262/checkpoint-352	1209593856
sweep-s100m_ck540k_lr4e-4_p128k2_seed2-8875262/checkpoint-1760	1209638912
sweep-s100m_ck540k_lr4e-4_p128k2_seed2-8875262/checkpoint-1056	1209614336
sweep-s100m_ck540k_lr4e-4_p128k2_seed2-8875262/checkpoint-1408	1209626624
sweep-s100m_ck540k_lr4e-4_p128k2_seed2-8875262/checkpoint-2115	1209651200
sweep-s100m_ck540k_lr4e-4_p128k2_seed2-8875262/checkpoint-704	1209602048
sweep-s100m_ck540k_lr4e-4_p128k2_seed2-8875262/checkpoint-2112	1209651200
sweep-s200m_ck330k_lr1e4_kl10_t003_seed2-8856116/checkpoint-1347	2434523136
sweep-200m_ck010k_seed2-8860472/checkpoint-29072	407588864
sweep-200m_ck010k_seed2-8860472/checkpoint-25800	407511040
sweep-200m_ck010k_seed2-8860472/checkpoint-29000	407584768
sweep-s200m_ck330k_lr1e4_kl10_t007_seed2-8856116/checkpoint-1347	2434523136
sweep-s050m_ck540k_lr5e-5-8872806/checkpoint-1593	597958656
sweep-s050m_ck540k_lr5e-5-8872806/checkpoint-2124	597975040
sweep-s050m_ck540k_lr5e-5-8872806/checkpoint-3186	598011904
sweep-s050m_ck540k_lr5e-5-8872806/checkpoint-2655	597995520
sweep-s050m_ck540k_lr5e-5-8872806/checkpoint-531	597921792
sweep-s050m_ck540k_lr5e-5-8872806/checkpoint-1062	597946368
sweep-s050m_ck540k_lr4e-4_p170k2_cons_seed2-8882196/checkpoint-1060	597999616
sweep-s050m_ck540k_lr4e-4_p170k2_cons_seed2-8882196/checkpoint-1590	598020096
sweep-s050m_ck540k_lr4e-4_p170k2_cons_seed2-8882196/checkpoint-795	597991424
sweep-s050m_ck540k_lr4e-4_p170k2_cons_seed2-8882196/checkpoint-1325	598011904
sweep-s050m_ck540k_lr4e-4_p170k2_cons_seed2-8882196/checkpoint-530	597987328
sweep-s050m_ck540k_lr4e-4_p170k2_cons_seed2-8882196/checkpoint-265	597979136
sweep-s050m_ck540k_lr4e-4_p170k2_cons_seed2-8882196/checkpoint-1713	598024192
sweep-s400m_ck540k_lr4e-4_p170k2_seed1-8878459/checkpoint-1593	4746596352
sweep-s400m_ck540k_lr4e-4_p170k2_seed1-8878459/checkpoint-1060	4746579968
sweep-s400m_ck540k_lr4e-4_p170k2_seed1-8878459/checkpoint-1590	4746596352
sweep-s400m_ck540k_lr4e-4_p170k2_seed1-8878459/checkpoint-795	4746571776
sweep-s400m_ck540k_lr4e-4_p170k2_seed1-8878459/checkpoint-1325	4746588160
sweep-s400m_ck540k_lr4e-4_p170k2_seed1-8878459/checkpoint-530	4746563584
sweep-s400m_ck540k_lr4e-4_p170k2_seed1-8878459/checkpoint-265	4746555392
sweep-s200m_ck220k_lr4e-4_p170k2_seed0-8880712/checkpoint-1593	2434588672
sweep-s200m_ck220k_lr4e-4_p170k2_seed0-8880712/checkpoint-1060	2434572288
sweep-s200m_ck220k_lr4e-4_p170k2_seed0-8880712/checkpoint-1590	2434588672
sweep-s200m_ck220k_lr4e-4_p170k2_seed0-8880712/checkpoint-795	2434564096
sweep-s200m_ck220k_lr4e-4_p170k2_seed0-8880712/checkpoint-1325	2434580480
sweep-s200m_ck220k_lr4e-4_p170k2_seed0-8880712/checkpoint-530	2434555904
sweep-s200m_ck220k_lr4e-4_p170k2_seed0-8880712/checkpoint-265	2434547712
sweep-s050m_ck330k_lr1e4_kl10_t003_seed2-8856116/checkpoint-1347	597946368
sweep-200m_ck540k_seed1-8860442/checkpoint-650	406990848
sweep-200m_ck540k_seed1-8860442/checkpoint-668	406994944
sweep-200m_ck540k_seed1-8860442/checkpoint-660	406994944
sweep-s200m_ck540k_lr8e-4_p128k2_seed2-8875261/checkpoint-352	2434494464
sweep-s200m_ck540k_lr8e-4_p128k2_seed2-8875261/checkpoint-1760	2434539520
sweep-s200m_ck540k_lr8e-4_p128k2_seed2-8875261/checkpoint-1056	2434514944
sweep-s200m_ck540k_lr8e-4_p128k2_seed2-8875261/checkpoint-1408	2434527232
sweep-s200m_ck540k_lr8e-4_p128k2_seed2-8875261/checkpoint-2115	2434551808
sweep-s200m_ck540k_lr8e-4_p128k2_seed2-8875261/checkpoint-704	2434502656
sweep-s200m_ck540k_lr8e-4_p128k2_seed2-8875261/checkpoint-2112	2434551808
sweep-50m_ck330k_seed3-8850494/checkpoint-29072	101093376
sweep-50m_ck330k_seed3-8850494/checkpoint-27000	101044224
sweep-50m_ck330k_seed3-8850494/checkpoint-29000	101089280
sweep-50m_ck120k_seed3-8856549/checkpoint-29072	101093376
sweep-50m_ck120k_seed3-8856549/checkpoint-29000	101089280
sweep-50m_ck120k_seed3-8856549/checkpoint-27200	101048320
sweep-s050m_ck540k_cons_k3_kl0_seed0-8873850/checkpoint-1593	398684160
sweep-s050m_ck540k_cons_k3_kl0_seed0-8873850/checkpoint-3429	398741504
sweep-s050m_ck540k_cons_k3_kl0_seed0-8873850/checkpoint-2124	398692352
sweep-s050m_ck540k_cons_k3_kl0_seed0-8873850/checkpoint-3186	398725120
sweep-s050m_ck540k_cons_k3_kl0_seed0-8873850/checkpoint-2655	398712832
sweep-s050m_ck540k_cons_k3_kl0_seed0-8873850/checkpoint-531	398643200
sweep-s050m_ck540k_cons_k3_kl0_seed0-8873850/checkpoint-1062	398659584
v2_r1-align-400m-1tile-8857948/checkpoint-28630	19345408
v2_r1-align-400m-1tile-8857948/checkpoint-22800	19296256
v2_r1-align-400m-1tile-8857948/checkpoint-28600	19345408
sweep-s050m_ck540k_cons_k3_seed0-8873850/checkpoint-1593	597958656
sweep-s050m_ck540k_cons_k3_seed0-8873850/checkpoint-3429	598020096
sweep-s050m_ck540k_cons_k3_seed0-8873850/checkpoint-2124	597975040
sweep-s050m_ck540k_cons_k3_seed0-8873850/checkpoint-3186	598011904
sweep-s050m_ck540k_cons_k3_seed0-8873850/checkpoint-2655	597999616
sweep-s050m_ck540k_cons_k3_seed0-8873850/checkpoint-531	597925888
sweep-s050m_ck540k_cons_k3_seed0-8873850/checkpoint-1062	597942272
sweep-400m_ck220k_seed1-8850494/checkpoint-29072	793190400
sweep-400m_ck220k_seed1-8850494/checkpoint-21800	793018368
sweep-400m_ck220k_seed1-8850494/checkpoint-29000	793186304
sweep-s050m_ck220k_lr1e4_kl10_t003_seed2-8856116/checkpoint-1347	597950464
sweep-s025m_ck540k_lr8e-4_p128k2_seed1-8878461/checkpoint-352	307585024
sweep-s025m_ck540k_lr8e-4_p128k2_seed1-8878461/checkpoint-1760	307625984
sweep-s025m_ck540k_lr8e-4_p128k2_seed1-8878461/checkpoint-1056	307601408
sweep-s025m_ck540k_lr8e-4_p128k2_seed1-8878461/checkpoint-1408	307613696
sweep-s025m_ck540k_lr8e-4_p128k2_seed1-8878461/checkpoint-2115	307638272
sweep-s025m_ck540k_lr8e-4_p128k2_seed1-8878461/checkpoint-704	307589120
sweep-s025m_ck540k_lr8e-4_p128k2_seed1-8878461/checkpoint-2112	307638272
sweep-400m_ck220k_seed2-8850494/checkpoint-29072	793190400
sweep-400m_ck220k_seed2-8850494/checkpoint-21400	793010176
sweep-400m_ck220k_seed2-8850494/checkpoint-29000	793186304
validate-sweep-gradcache-confirm-8855965.aurora-pbs-0001.hostmgmt.cm.aurora.alcf.anl.gov/checkpoint-6	597909504
sweep-s050m_ck540k_lr4e-4_kl1_seed0-8873825/checkpoint-1593	597954560
sweep-s050m_ck540k_lr4e-4_kl1_seed0-8873825/checkpoint-2124	597979136
sweep-s050m_ck540k_lr4e-4_kl1_seed0-8873825/checkpoint-3186	598011904
sweep-s050m_ck540k_lr4e-4_kl1_seed0-8873825/checkpoint-2655	597991424
sweep-s050m_ck540k_lr4e-4_kl1_seed0-8873825/checkpoint-531	597929984
sweep-s050m_ck540k_lr4e-4_kl1_seed0-8873825/checkpoint-1062	597942272
sweep-s050m_ck330k_gcoff_seed4-8856115/checkpoint-1347	597950464
sweep-s200m_ck540k_lr2e-4_p128k2_seed1-8875261/checkpoint-352	2434494464
sweep-s200m_ck540k_lr2e-4_p128k2_seed1-8875261/checkpoint-1760	2434539520
sweep-s200m_ck540k_lr2e-4_p128k2_seed1-8875261/checkpoint-1056	2434514944
sweep-s200m_ck540k_lr2e-4_p128k2_seed1-8875261/checkpoint-1408	2434527232
sweep-s200m_ck540k_lr2e-4_p128k2_seed1-8875261/checkpoint-2115	2434551808
sweep-s200m_ck540k_lr2e-4_p128k2_seed1-8875261/checkpoint-704	2434502656
sweep-s200m_ck540k_lr2e-4_p128k2_seed1-8875261/checkpoint-2112	2434551808
sweep-s050m_ck540k_lr8e-4_seed1-8873825/checkpoint-1593	597954560
sweep-s050m_ck540k_lr8e-4_seed1-8873825/checkpoint-2124	597979136
sweep-s050m_ck540k_lr8e-4_seed1-8873825/checkpoint-3186	598016000
sweep-s050m_ck540k_lr8e-4_seed1-8873825/checkpoint-2655	597995520
sweep-s050m_ck540k_lr8e-4_seed1-8873825/checkpoint-531	597929984
sweep-s050m_ck540k_lr8e-4_seed1-8873825/checkpoint-1062	597942272
sweep-s050m_ck540k_lr4e-4_p128k2_seed2-8873825/checkpoint-352	597925888
sweep-s050m_ck540k_lr4e-4_p128k2_seed2-8873825/checkpoint-1760	597970944
sweep-s050m_ck540k_lr4e-4_p128k2_seed2-8873825/checkpoint-1056	597938176
sweep-s050m_ck540k_lr4e-4_p128k2_seed2-8873825/checkpoint-1408	597954560
sweep-s050m_ck540k_lr4e-4_p128k2_seed2-8873825/checkpoint-2115	597979136
sweep-s050m_ck540k_lr4e-4_p128k2_seed2-8873825/checkpoint-704	597925888
sweep-s050m_ck540k_lr4e-4_p128k2_seed2-8873825/checkpoint-2112	597983232
sweep-s050m_ck540k_supcon_regions75_seed1-8873563/checkpoint-1593	597962752
sweep-s050m_ck540k_supcon_regions75_seed1-8873563/checkpoint-2124	597983232
sweep-s050m_ck540k_supcon_regions75_seed1-8873563/checkpoint-3186	598007808
sweep-s050m_ck540k_supcon_regions75_seed1-8873563/checkpoint-2655	597999616
sweep-s050m_ck540k_supcon_regions75_seed1-8873563/checkpoint-531	597929984
sweep-s050m_ck540k_supcon_regions75_seed1-8873563/checkpoint-1062	597946368
sweep-s050m_ck540k_cons_w3_seed2-8878582/checkpoint-352	597970944
sweep-s050m_ck540k_cons_w3_seed2-8878582/checkpoint-1760	598011904
sweep-s050m_ck540k_cons_w3_seed2-8878582/checkpoint-1056	597987328
sweep-s050m_ck540k_cons_w3_seed2-8878582/checkpoint-2277	598028288
sweep-s050m_ck540k_cons_w3_seed2-8878582/checkpoint-1408	597995520
sweep-s050m_ck540k_cons_w3_seed2-8878582/checkpoint-704	597975040
sweep-s050m_ck540k_cons_w3_seed2-8878582/checkpoint-2112	598028288
sweep-lit_hn4_mse0_seed1-8865869/checkpoint-3021	16490496
sweep-lit_hn4_mse0_seed1-8865869/checkpoint-3000	16490496
sweep-lit_hn4_mse0_seed1-8865869/checkpoint-2000	16482304
sweep-s200m_ck120k_lr4e-4_p170k2_seed0-8880712/checkpoint-1593	2434588672
sweep-s200m_ck120k_lr4e-4_p170k2_seed0-8880712/checkpoint-1060	2434572288
sweep-s200m_ck120k_lr4e-4_p170k2_seed0-8880712/checkpoint-1590	2434588672
sweep-s200m_ck120k_lr4e-4_p170k2_seed0-8880712/checkpoint-795	2434564096
sweep-s200m_ck120k_lr4e-4_p170k2_seed0-8880712/checkpoint-1325	2434580480
sweep-s200m_ck120k_lr4e-4_p170k2_seed0-8880712/checkpoint-530	2434555904
sweep-s200m_ck120k_lr4e-4_p170k2_seed0-8880712/checkpoint-265	2434547712
v2_align-ft-a1-align-100k-400m-c7final-8866356/checkpoint-12081	19193856
v2_align-ft-a1-align-100k-400m-c7final-8866356/checkpoint-11000	19185664
v2_align-ft-a1-align-100k-400m-c7final-8866356/checkpoint-12000	19193856
sweep-s100m_ck430k_lr4e-4_p170k2_seed1-8880712/checkpoint-1593	1209688064
sweep-s100m_ck430k_lr4e-4_p170k2_seed1-8880712/checkpoint-1060	1209667584
sweep-s100m_ck430k_lr4e-4_p170k2_seed1-8880712/checkpoint-1590	1209688064
sweep-s100m_ck430k_lr4e-4_p170k2_seed1-8880712/checkpoint-795	1209663488
sweep-s100m_ck430k_lr4e-4_p170k2_seed1-8880712/checkpoint-1325	1209679872
sweep-s100m_ck430k_lr4e-4_p170k2_seed1-8880712/checkpoint-530	1209655296
sweep-s100m_ck430k_lr4e-4_p170k2_seed1-8880712/checkpoint-265	1209643008
sweep-s050m_ck540k_cons_always_seed2-8878582/checkpoint-352	597962752
sweep-s050m_ck540k_cons_always_seed2-8878582/checkpoint-1760	598016000
sweep-s050m_ck540k_cons_always_seed2-8878582/checkpoint-1056	597991424
sweep-s050m_ck540k_cons_always_seed2-8878582/checkpoint-2277	598032384
sweep-s050m_ck540k_cons_always_seed2-8878582/checkpoint-1408	597999616
sweep-s050m_ck540k_cons_always_seed2-8878582/checkpoint-704	597975040
sweep-s050m_ck540k_cons_always_seed2-8878582/checkpoint-2112	598028288
sweep-s050m_ck540k_cons_w3_kl0_seed0-8878582/checkpoint-352	398684160
sweep-s050m_ck540k_cons_w3_kl0_seed0-8878582/checkpoint-1760	398725120
sweep-s050m_ck540k_cons_w3_kl0_seed0-8878582/checkpoint-1056	398708736
sweep-s050m_ck540k_cons_w3_kl0_seed0-8878582/checkpoint-2277	398741504
sweep-s050m_ck540k_cons_w3_kl0_seed0-8878582/checkpoint-1408	398712832
sweep-s050m_ck540k_cons_w3_kl0_seed0-8878582/checkpoint-704	398696448
sweep-s050m_ck540k_cons_w3_kl0_seed0-8878582/checkpoint-2112	398745600
sweep-s025m_ck540k_lr4e-4_p170k2_seed0-8878461/checkpoint-1593	307617792
sweep-s025m_ck540k_lr4e-4_p170k2_seed0-8878461/checkpoint-1060	307601408
sweep-s025m_ck540k_lr4e-4_p170k2_seed0-8878461/checkpoint-1590	307617792
sweep-s025m_ck540k_lr4e-4_p170k2_seed0-8878461/checkpoint-795	307597312
sweep-s025m_ck540k_lr4e-4_p170k2_seed0-8878461/checkpoint-1325	307613696
sweep-s025m_ck540k_lr4e-4_p170k2_seed0-8878461/checkpoint-530	307585024
sweep-s025m_ck540k_lr4e-4_p170k2_seed0-8878461/checkpoint-265	307576832
sweep-s100m_ck540k_lr4e-4_p170k2_cons_seed1-8882196/checkpoint-1060	1209671680
sweep-s100m_ck540k_lr4e-4_p170k2_cons_seed1-8882196/checkpoint-1590	1209688064
sweep-s100m_ck540k_lr4e-4_p170k2_cons_seed1-8882196/checkpoint-795	1209663488
sweep-s100m_ck540k_lr4e-4_p170k2_cons_seed1-8882196/checkpoint-1325	1209679872
sweep-s100m_ck540k_lr4e-4_p170k2_cons_seed1-8882196/checkpoint-530	1209655296
sweep-s100m_ck540k_lr4e-4_p170k2_cons_seed1-8882196/checkpoint-265	1209647104
sweep-s100m_ck540k_lr4e-4_p170k2_cons_seed1-8882196/checkpoint-1713	1209692160
sweep-s200m_ck540k_lr4e-4_p170k2_seed0-8875261/checkpoint-1593	2434531328
sweep-s200m_ck540k_lr4e-4_p170k2_seed0-8875261/checkpoint-1060	2434514944
sweep-s200m_ck540k_lr4e-4_p170k2_seed0-8875261/checkpoint-1590	2434531328
sweep-s200m_ck540k_lr4e-4_p170k2_seed0-8875261/checkpoint-795	2434506752
sweep-s200m_ck540k_lr4e-4_p170k2_seed0-8875261/checkpoint-1325	2434523136
sweep-s200m_ck540k_lr4e-4_p170k2_seed0-8875261/checkpoint-530	2434498560
sweep-s200m_ck540k_lr4e-4_p170k2_seed0-8875261/checkpoint-265	2434490368
sweep-50m_ck120k_seed2-8856549/checkpoint-29072	101093376
sweep-50m_ck120k_seed2-8856549/checkpoint-29000	101089280
sweep-50m_ck120k_seed2-8856549/checkpoint-25600	101011456
sweep-100m_ck220k_seed2-8850494/checkpoint-29072	203206656
sweep-100m_ck220k_seed2-8850494/checkpoint-21400	203022336
sweep-100m_ck220k_seed2-8850494/checkpoint-29000	203198464
sweep-s100m_ck430k_lr4e-4_p170k2_seed2-8880712/checkpoint-1593	1209688064
sweep-s100m_ck430k_lr4e-4_p170k2_seed2-8880712/checkpoint-1060	1209671680
sweep-s100m_ck430k_lr4e-4_p170k2_seed2-8880712/checkpoint-1590	1209688064
sweep-s100m_ck430k_lr4e-4_p170k2_seed2-8880712/checkpoint-795	1209663488
sweep-s100m_ck430k_lr4e-4_p170k2_seed2-8880712/checkpoint-1325	1209675776
sweep-s100m_ck430k_lr4e-4_p170k2_seed2-8880712/checkpoint-530	1209655296
sweep-s100m_ck430k_lr4e-4_p170k2_seed2-8880712/checkpoint-265	1209647104
sweep-massb_hn4_seed2-8869110/checkpoint-3021	19120128
sweep-massb_hn4_seed2-8869110/checkpoint-3000	19120128
sweep-massb_hn4_seed2-8869110/checkpoint-2000	19111936
sweep-400m_ck540k_seed3-8864759/checkpoint-29072	793190400
sweep-400m_ck540k_seed3-8864759/checkpoint-21800	793018368
sweep-400m_ck540k_seed3-8864759/checkpoint-29000	793186304
sweep-s100m_ck540k_lr8e-4_p128k2_seed0-8875262/checkpoint-352	1209593856
sweep-s100m_ck540k_lr8e-4_p128k2_seed0-8875262/checkpoint-1760	1209638912
sweep-s100m_ck540k_lr8e-4_p128k2_seed0-8875262/checkpoint-1056	1209614336
sweep-s100m_ck540k_lr8e-4_p128k2_seed0-8875262/checkpoint-1408	1209626624
sweep-s100m_ck540k_lr8e-4_p128k2_seed0-8875262/checkpoint-2115	1209651200
sweep-s100m_ck540k_lr8e-4_p128k2_seed0-8875262/checkpoint-704	1209602048
sweep-s100m_ck540k_lr8e-4_p128k2_seed0-8875262/checkpoint-2112	1209651200
sweep-lr1e4_kl0_t007-8840665/checkpoint-80	199294976
sweep-lr1e4_kl0_t007-8840665/checkpoint-90	199299072
sweep-s050m_ck330k_lr1e4_kl10_t003_seed1-8856116/checkpoint-1347	597954560
sweep-s050m_ck330k_gcon_seed1-8856115/checkpoint-1347	597946368
sweep-attn_seed2-8863044/checkpoint-12081	15523840
sweep-attn_seed2-8863044/checkpoint-11000	15515648
sweep-attn_seed2-8863044/checkpoint-12000	15523840
sweep-lit_hn4_mse01_seed1-8864663/checkpoint-3021	16490496
sweep-lit_hn4_mse01_seed1-8864663/checkpoint-3000	16490496
sweep-lit_hn4_mse01_seed1-8864663/checkpoint-2000	16482304
sweep-s050m_ck540k_lr2e-4-8872806/checkpoint-1593	597962752
sweep-s050m_ck540k_lr2e-4-8872806/checkpoint-2124	597979136
sweep-s050m_ck540k_lr2e-4-8872806/checkpoint-3186	598016000
sweep-s050m_ck540k_lr2e-4-8872806/checkpoint-2655	597995520
sweep-s050m_ck540k_lr2e-4-8872806/checkpoint-531	597925888
sweep-s050m_ck540k_lr2e-4-8872806/checkpoint-1062	597946368
sweep-50m_ck540k_seed2-8856549/checkpoint-29072	101093376
sweep-50m_ck540k_seed2-8856549/checkpoint-29000	101089280
sweep-50m_ck540k_seed2-8856549/checkpoint-25600	101011456
sweep-s025m_ck540k_lr8e-4_p128k2_seed2-8878461/checkpoint-352	307580928
sweep-s025m_ck540k_lr8e-4_p128k2_seed2-8878461/checkpoint-1760	307630080
sweep-s025m_ck540k_lr8e-4_p128k2_seed2-8878461/checkpoint-1056	307601408
sweep-s025m_ck540k_lr8e-4_p128k2_seed2-8878461/checkpoint-1408	307617792
sweep-s025m_ck540k_lr8e-4_p128k2_seed2-8878461/checkpoint-2115	307638272
sweep-s025m_ck540k_lr8e-4_p128k2_seed2-8878461/checkpoint-704	307589120
sweep-s025m_ck540k_lr8e-4_p128k2_seed2-8878461/checkpoint-2112	307638272
sweep-s050m_ck540k_supcon_within50_seed1-8873159/checkpoint-1593	597958656
sweep-s050m_ck540k_supcon_within50_seed1-8873159/checkpoint-2124	597979136
sweep-s050m_ck540k_supcon_within50_seed1-8873159/checkpoint-3186	598011904
sweep-s050m_ck540k_supcon_within50_seed1-8873159/checkpoint-2655	597995520
sweep-s050m_ck540k_supcon_within50_seed1-8873159/checkpoint-531	597925888
sweep-s050m_ck540k_supcon_within50_seed1-8873159/checkpoint-1062	597942272
sweep-100m_ck120k_seed1-8856549/checkpoint-29072	203202560
sweep-100m_ck120k_seed1-8856549/checkpoint-29000	203198464
sweep-100m_ck120k_seed1-8856549/checkpoint-20800	203014144
sweep-100m_ck010k_seed3-8856549/checkpoint-29072	203202560
sweep-100m_ck010k_seed3-8856549/checkpoint-29000	203202560
sweep-100m_ck010k_seed3-8856549/checkpoint-28800	203194368
sweep-cls_seed1-8863044/checkpoint-12081	14467072
sweep-cls_seed1-8863044/checkpoint-11000	14458880
sweep-cls_seed1-8863044/checkpoint-12000	14467072
validate-sweep-conhp-edge-8855952.aurora-pbs-0001.hostmgmt.cm.aurora.alcf.anl.gov/checkpoint-6	2434482176
sweep-s050m_ck540k_cons_w3_kl0_seed2-8878582/checkpoint-352	398684160
sweep-s050m_ck540k_cons_w3_kl0_seed2-8878582/checkpoint-1760	398725120
sweep-s050m_ck540k_cons_w3_kl0_seed2-8878582/checkpoint-1056	398708736
sweep-s050m_ck540k_cons_w3_kl0_seed2-8878582/checkpoint-2277	398741504
sweep-s050m_ck540k_cons_w3_kl0_seed2-8878582/checkpoint-1408	398716928
sweep-s050m_ck540k_cons_w3_kl0_seed2-8878582/checkpoint-704	398696448
sweep-s050m_ck540k_cons_w3_kl0_seed2-8878582/checkpoint-2112	398741504
sweep-cont050m_ep01_seed0-8860522/checkpoint-1062	597942272
sweep-s100m_ck540k_lr4e-4_p170k2_seed2-8875262/checkpoint-1593	1209630720
sweep-s100m_ck540k_lr4e-4_p170k2_seed2-8875262/checkpoint-1060	1209614336
sweep-s100m_ck540k_lr4e-4_p170k2_seed2-8875262/checkpoint-1590	1209630720
sweep-s100m_ck540k_lr4e-4_p170k2_seed2-8875262/checkpoint-795	1209606144
sweep-s100m_ck540k_lr4e-4_p170k2_seed2-8875262/checkpoint-1325	1209622528
sweep-s100m_ck540k_lr4e-4_p170k2_seed2-8875262/checkpoint-530	1209597952
sweep-s100m_ck540k_lr4e-4_p170k2_seed2-8875262/checkpoint-265	1209589760
sweep-lit_hn0_mse01_seed2-8864663/checkpoint-3021	16490496
sweep-lit_hn0_mse01_seed2-8864663/checkpoint-3000	16490496
sweep-lit_hn0_mse01_seed2-8864663/checkpoint-2000	16482304
sweep-lit_hn0_mse01_seed0-8865869/checkpoint-3021	16490496
sweep-lit_hn0_mse01_seed0-8865869/checkpoint-3000	16490496
sweep-lit_hn0_mse01_seed0-8865869/checkpoint-2000	16482304
v2_align-50m-1tile-FULL-8840529/checkpoint-28630	16687104
v2_align-50m-1tile-FULL-8840529/checkpoint-28000	16683008
v2_align-50m-1tile-FULL-8840529/checkpoint-2000	16482304
sweep-s050m_ck330k_besteval_seed4-8856159/checkpoint-1347	598020096
sweep-s050m_ck330k_besteval_seed4-8856159/checkpoint-1000	597995520
sweep-s200m_ck330k_lr1e4_kl100_t007_seed2-8856116/checkpoint-1347	2434523136
sweep-s050m_ck330k_gcoff_seed2-8856115/checkpoint-1347	597950464
sweep-50m_ck010k_seed1-8856549/checkpoint-29072	101093376
sweep-50m_ck010k_seed1-8856549/checkpoint-29000	101089280
sweep-50m_ck010k_seed1-8856549/checkpoint-28800	101085184
sweep-cls_seed2-8863044/checkpoint-12081	14467072
sweep-cls_seed2-8863044/checkpoint-11000	14458880
sweep-cls_seed2-8863044/checkpoint-12000	14467072
sweep-s050m_ck540k_cons_w3_kl0_seed1-8878582/checkpoint-352	398680064
sweep-s050m_ck540k_cons_w3_kl0_seed1-8878582/checkpoint-1760	398729216
sweep-s050m_ck540k_cons_w3_kl0_seed1-8878582/checkpoint-1056	398704640
sweep-s050m_ck540k_cons_w3_kl0_seed1-8878582/checkpoint-2277	398741504
sweep-s050m_ck540k_cons_w3_kl0_seed1-8878582/checkpoint-1408	398712832
sweep-s050m_ck540k_cons_w3_kl0_seed1-8878582/checkpoint-704	398692352
sweep-s050m_ck540k_cons_w3_kl0_seed1-8878582/checkpoint-2112	398741504
sweep-400m_ck010k_seed1-8860442/checkpoint-668	792596480
sweep-400m_ck010k_seed1-8860442/checkpoint-660	792596480
sweep-400m_ck010k_seed1-8860442/checkpoint-620	792592384
sweep-lit_hn4_mse01_seed1-8865869/checkpoint-3021	16490496
sweep-lit_hn4_mse01_seed1-8865869/checkpoint-3000	16490496
sweep-lit_hn4_mse01_seed1-8865869/checkpoint-2000	16482304
sweep-s050m_ck330k_lr1e4_kl100_t003_seed0-8856116/checkpoint-1347	597946368
sweep-lit_hn4_mse01_seed2-8865869/checkpoint-3021	16490496
sweep-lit_hn4_mse01_seed2-8865869/checkpoint-3000	16490496
sweep-lit_hn4_mse01_seed2-8865869/checkpoint-2000	16482304
sweep-s400m_ck540k_lr4e-4_p128k2_seed1-8878459/checkpoint-352	4746559488
sweep-s400m_ck540k_lr4e-4_p128k2_seed1-8878459/checkpoint-1760	4746604544
sweep-s400m_ck540k_lr4e-4_p128k2_seed1-8878459/checkpoint-1056	4746579968
sweep-s400m_ck540k_lr4e-4_p128k2_seed1-8878459/checkpoint-1408	4746592256
sweep-s400m_ck540k_lr4e-4_p128k2_seed1-8878459/checkpoint-2115	4746616832
sweep-s400m_ck540k_lr4e-4_p128k2_seed1-8878459/checkpoint-704	4746567680
sweep-s400m_ck540k_lr4e-4_p128k2_seed1-8878459/checkpoint-2112	4746616832
sweep-s050m_ck540k_cons_k3_kl0_seed2-8873850/checkpoint-1593	398675968
sweep-s050m_ck540k_cons_k3_kl0_seed2-8873850/checkpoint-3429	398733312
sweep-s050m_ck540k_cons_k3_kl0_seed2-8873850/checkpoint-2124	398696448
sweep-s050m_ck540k_cons_k3_kl0_seed2-8873850/checkpoint-3186	398733312
sweep-s050m_ck540k_cons_k3_kl0_seed2-8873850/checkpoint-2655	398712832
sweep-s050m_ck540k_cons_k3_kl0_seed2-8873850/checkpoint-531	398647296
sweep-s050m_ck540k_cons_k3_kl0_seed2-8873850/checkpoint-1062	398663680
sweep-s050m_ck540k_lr4e-4_p170k2_seed2-8878464/checkpoint-1593	598007808
sweep-s050m_ck540k_lr4e-4_p170k2_seed2-8878464/checkpoint-1060	597987328
sweep-s050m_ck540k_lr4e-4_p170k2_seed2-8878464/checkpoint-1590	598003712
sweep-s050m_ck540k_lr4e-4_p170k2_seed2-8878464/checkpoint-795	597979136
sweep-s050m_ck540k_lr4e-4_p170k2_seed2-8878464/checkpoint-1325	597999616
sweep-s050m_ck540k_lr4e-4_p170k2_seed2-8878464/checkpoint-530	597970944
sweep-s050m_ck540k_lr4e-4_p170k2_seed2-8878464/checkpoint-265	597966848
denoise-ft-50m-8839683/checkpoint-1500	199688192
denoise-ft-50m-8839683/checkpoint-2018	199684096
denoise-ft-50m-8839683/checkpoint-2000	199684096
sweep-s200m_ck330k_lr1e4_kl10_t007_seed0-8856116/checkpoint-1347	2434523136
sweep-s050m_ck330k_gcoff_seed3-8856115/checkpoint-1347	597950464
sweep-s400m_ck540k_lr4e-4_p170k2_seed2-8878459/checkpoint-1593	4746596352
sweep-s400m_ck540k_lr4e-4_p170k2_seed2-8878459/checkpoint-1060	4746579968
sweep-s400m_ck540k_lr4e-4_p170k2_seed2-8878459/checkpoint-1590	4746596352
sweep-s400m_ck540k_lr4e-4_p170k2_seed2-8878459/checkpoint-795	4746571776
sweep-s400m_ck540k_lr4e-4_p170k2_seed2-8878459/checkpoint-1325	4746588160
sweep-s400m_ck540k_lr4e-4_p170k2_seed2-8878459/checkpoint-530	4746563584
sweep-s400m_ck540k_lr4e-4_p170k2_seed2-8878459/checkpoint-265	4746555392
sweep-s050m_ck540k_cons_always_seed1-8878582/checkpoint-352	597966848
sweep-s050m_ck540k_cons_always_seed1-8878582/checkpoint-1760	598007808
sweep-s050m_ck540k_cons_always_seed1-8878582/checkpoint-1056	597987328
sweep-s050m_ck540k_cons_always_seed1-8878582/checkpoint-2277	598028288
sweep-s050m_ck540k_cons_always_seed1-8878582/checkpoint-1408	597999616
sweep-s050m_ck540k_cons_always_seed1-8878582/checkpoint-704	597979136
sweep-s050m_ck540k_cons_always_seed1-8878582/checkpoint-2112	598024192
sweep-s200m_ck540k_lr2e-4_p128k2_seed2-8875261/checkpoint-352	2434494464
sweep-s200m_ck540k_lr2e-4_p128k2_seed2-8875261/checkpoint-1760	2434539520
sweep-s200m_ck540k_lr2e-4_p128k2_seed2-8875261/checkpoint-1056	2434514944
sweep-s200m_ck540k_lr2e-4_p128k2_seed2-8875261/checkpoint-1408	2434527232
sweep-s200m_ck540k_lr2e-4_p128k2_seed2-8875261/checkpoint-2115	2434551808
sweep-s200m_ck540k_lr2e-4_p128k2_seed2-8875261/checkpoint-704	2434502656
sweep-s200m_ck540k_lr2e-4_p128k2_seed2-8875261/checkpoint-2112	2434551808
sweep-lit_hn0_mse01_seed1-8865869/checkpoint-3021	16490496
sweep-lit_hn0_mse01_seed1-8865869/checkpoint-3000	16490496
sweep-lit_hn0_mse01_seed1-8865869/checkpoint-2000	16482304
sweep-s100m_ck330k_lr4e-4_p170k2_seed1-8880712/checkpoint-1593	1209688064
sweep-s100m_ck330k_lr4e-4_p170k2_seed1-8880712/checkpoint-1060	1209667584
sweep-s100m_ck330k_lr4e-4_p170k2_seed1-8880712/checkpoint-1590	1209688064
sweep-s100m_ck330k_lr4e-4_p170k2_seed1-8880712/checkpoint-795	1209663488
sweep-s100m_ck330k_lr4e-4_p170k2_seed1-8880712/checkpoint-1325	1209679872
sweep-s100m_ck330k_lr4e-4_p170k2_seed1-8880712/checkpoint-530	1209655296
sweep-s100m_ck330k_lr4e-4_p170k2_seed1-8880712/checkpoint-265	1209647104
sweep-200m_ck330k_seed2-8850494/checkpoint-29072	407588864
sweep-200m_ck330k_seed2-8850494/checkpoint-21400	407404544
sweep-200m_ck330k_seed2-8850494/checkpoint-29000	407584768
sweep-s200m_ck330k_lr1e4_kl100_t003_seed1-8856116/checkpoint-1347	2434523136
sweep-cont400m_ep01_seed1-8860522/checkpoint-1062	4746534912
sweep-200m_ck120k_seed3-8860472/checkpoint-29072	407588864
sweep-200m_ck120k_seed3-8860472/checkpoint-21800	407416832
sweep-200m_ck120k_seed3-8860472/checkpoint-29000	407580672
validate-sweep-pairaccum-8848363.aurora-pbs-0001.hostmgmt.cm.aurora.alcf.anl.gov/checkpoint-140	597970944
validate-sweep-pairaccum-8848363.aurora-pbs-0001.hostmgmt.cm.aurora.alcf.anl.gov/checkpoint-144	597970944
v2_align-ft-a1-align-100k-400m-oodsel-8867776/checkpoint-12081	19193856
v2_align-ft-a1-align-100k-400m-oodsel-8867776/checkpoint-11000	19185664
v2_align-ft-a1-align-100k-400m-oodsel-8867776/checkpoint-12000	19193856
sweep-s050m_ck540k_supcon_between75_seed1-8873159/checkpoint-1593	597958656
sweep-s050m_ck540k_supcon_between75_seed1-8873159/checkpoint-2124	597979136
sweep-s050m_ck540k_supcon_between75_seed1-8873159/checkpoint-3186	598011904
sweep-s050m_ck540k_supcon_between75_seed1-8873159/checkpoint-2655	597995520
sweep-s050m_ck540k_supcon_between75_seed1-8873159/checkpoint-531	597929984
sweep-s050m_ck540k_supcon_between75_seed1-8873159/checkpoint-1062	597942272
sweep-s100m_ck540k_lr4e-4_p128k2_seed1-8875262/checkpoint-352	1209593856
sweep-s100m_ck540k_lr4e-4_p128k2_seed1-8875262/checkpoint-1760	1209638912
sweep-s100m_ck540k_lr4e-4_p128k2_seed1-8875262/checkpoint-1056	1209610240
sweep-s100m_ck540k_lr4e-4_p128k2_seed1-8875262/checkpoint-1408	1209622528
sweep-s100m_ck540k_lr4e-4_p128k2_seed1-8875262/checkpoint-2115	1209651200
sweep-s100m_ck540k_lr4e-4_p128k2_seed1-8875262/checkpoint-704	1209602048
sweep-s100m_ck540k_lr4e-4_p128k2_seed1-8875262/checkpoint-2112	1209647104
sweep-lr2e5_kl0_t007-8840665/checkpoint-80	199299072
sweep-lr2e5_kl0_t007-8840665/checkpoint-90	199294976
sweep-lit_hn0_mse0_seed0-8864663/checkpoint-3021	16490496
sweep-lit_hn0_mse0_seed0-8864663/checkpoint-3000	16490496
sweep-lit_hn0_mse0_seed0-8864663/checkpoint-2000	16482304
sweep-s050m_ck330k_gcon_seed3-8856115/checkpoint-1347	597950464
validate-sweep-ckpthp-denoise-8848849.aurora-pbs-0001.hostmgmt.cm.aurora.alcf.anl.gov/checkpoint-136	100433920
validate-sweep-ckpthp-denoise-8848849.aurora-pbs-0001.hostmgmt.cm.aurora.alcf.anl.gov/checkpoint-130	100433920
validate-sweep-ckpthp-denoise-8848849.aurora-pbs-0001.hostmgmt.cm.aurora.alcf.anl.gov/checkpoint-120	100429824
sweep-200m_ck330k_seed3-8850494/checkpoint-29072	407588864
sweep-200m_ck330k_seed3-8850494/checkpoint-21800	407416832
sweep-200m_ck330k_seed3-8850494/checkpoint-29000	407584768
validate-sweep-pairloss-8845984.aurora-pbs-0001.hostmgmt.cm.aurora.alcf.anl.gov/checkpoint-9	597913600
sweep-200m_ck430k_seed2-8860472/checkpoint-29072	407588864
sweep-200m_ck430k_seed2-8860472/checkpoint-21400	407408640
sweep-200m_ck430k_seed2-8860472/checkpoint-29000	407584768
sweep-200m_ck430k_seed1-8860472/checkpoint-29072	407588864
sweep-200m_ck430k_seed1-8860472/checkpoint-29000	407580672
sweep-200m_ck430k_seed1-8860472/checkpoint-20800	407396352
sweep-s050m_ck540k_lr8e-4_seed0-8873825/checkpoint-1593	597954560
sweep-s050m_ck540k_lr8e-4_seed0-8873825/checkpoint-2124	597983232
sweep-s050m_ck540k_lr8e-4_seed0-8873825/checkpoint-3186	598011904
sweep-s050m_ck540k_lr8e-4_seed0-8873825/checkpoint-2655	597995520
sweep-s050m_ck540k_lr8e-4_seed0-8873825/checkpoint-531	597925888
sweep-s050m_ck540k_lr8e-4_seed0-8873825/checkpoint-1062	597946368
sweep-s050m_ck540k_t0.001-8872806/checkpoint-1593	597958656
sweep-s050m_ck540k_t0.001-8872806/checkpoint-2124	597983232
sweep-s050m_ck540k_t0.001-8872806/checkpoint-3186	598016000
sweep-s050m_ck540k_t0.001-8872806/checkpoint-2655	597995520
sweep-s050m_ck540k_t0.001-8872806/checkpoint-531	597925888
sweep-s050m_ck540k_t0.001-8872806/checkpoint-1062	597942272
sweep-lit_hn0_mse0_seed2-8864663/checkpoint-3021	16490496
sweep-lit_hn0_mse0_seed2-8864663/checkpoint-3000	16490496
sweep-lit_hn0_mse0_seed2-8864663/checkpoint-2000	16482304
sweep-s050m_ck220k_lr1e4_kl10_t003_seed0-8856116/checkpoint-1347	597954560
sweep-400m_ep04_seed3-8847663/checkpoint-29072	793190400
sweep-400m_ep04_seed3-8847663/checkpoint-29000	793186304
sweep-400m_ep04_seed3-8847663/checkpoint-28800	793182208
sweep-s200m_ck220k_lr1e4_kl10_t007_seed1-8856116/checkpoint-1347	2434523136
sweep-50m_ck540k_seed1-8856549/checkpoint-29072	101093376
sweep-50m_ck540k_seed1-8856549/checkpoint-29000	101089280
sweep-50m_ck540k_seed1-8856549/checkpoint-24600	100986880
sweep-s200m_ck330k_lr1e4_kl100_t007_seed0-8856116/checkpoint-1347	2434523136
pf-arch-triangle/checkpoint-55000	582373376
pf-arch-triangle/checkpoint-56000	582377472
pf-arch-triangle/checkpoint-56250	582377472
sweep-s050m_ck540k_cons_k3_seed1-8873850/checkpoint-1593	597962752
sweep-s050m_ck540k_cons_k3_seed1-8873850/checkpoint-3429	598020096
sweep-s050m_ck540k_cons_k3_seed1-8873850/checkpoint-2124	597979136
sweep-s050m_ck540k_cons_k3_seed1-8873850/checkpoint-3186	598007808
sweep-s050m_ck540k_cons_k3_seed1-8873850/checkpoint-2655	597995520
sweep-s050m_ck540k_cons_k3_seed1-8873850/checkpoint-531	597929984
sweep-s050m_ck540k_cons_k3_seed1-8873850/checkpoint-1062	597942272
sweep-s200m_ck192k_lr4e-4_p170k2_seed1-8880712/checkpoint-1593	2434588672
sweep-s200m_ck192k_lr4e-4_p170k2_seed1-8880712/checkpoint-1060	2434572288
sweep-s200m_ck192k_lr4e-4_p170k2_seed1-8880712/checkpoint-1590	2434588672
sweep-s200m_ck192k_lr4e-4_p170k2_seed1-8880712/checkpoint-795	2434564096
sweep-s200m_ck192k_lr4e-4_p170k2_seed1-8880712/checkpoint-1325	2434580480
sweep-s200m_ck192k_lr4e-4_p170k2_seed1-8880712/checkpoint-530	2434555904
sweep-s200m_ck192k_lr4e-4_p170k2_seed1-8880712/checkpoint-265	2434547712
sweep-s050m_ck330k_gcoff_seed1-8856115/checkpoint-1347	597946368
sweep-s050m_ck330k_gcon_seed0-8856115/checkpoint-1347	597950464
sweep-50m_ck540k_seed3-8856549/checkpoint-29072	101093376
sweep-50m_ck540k_seed3-8856549/checkpoint-27000	101044224
sweep-50m_ck540k_seed3-8856549/checkpoint-29000	101089280
sweep-s050m_ck540k_lr1.6e-3_seed2-8873825/checkpoint-1593	597962752
sweep-s050m_ck540k_lr1.6e-3_seed2-8873825/checkpoint-2124	597979136
sweep-s050m_ck540k_lr1.6e-3_seed2-8873825/checkpoint-3186	598011904
sweep-s050m_ck540k_lr1.6e-3_seed2-8873825/checkpoint-2655	597999616
sweep-s050m_ck540k_lr1.6e-3_seed2-8873825/checkpoint-531	597925888
sweep-s050m_ck540k_lr1.6e-3_seed2-8873825/checkpoint-1062	597946368
sweep-s050m_ck540k_supcon_regions50_seed2-8873563/checkpoint-1593	597958656
sweep-s050m_ck540k_supcon_regions50_seed2-8873563/checkpoint-2124	597979136
sweep-s050m_ck540k_supcon_regions50_seed2-8873563/checkpoint-3186	598011904
sweep-s050m_ck540k_supcon_regions50_seed2-8873563/checkpoint-2655	597991424
sweep-s050m_ck540k_supcon_regions50_seed2-8873563/checkpoint-531	597921792
sweep-s050m_ck540k_supcon_regions50_seed2-8873563/checkpoint-1062	597946368
pf-baseline/checkpoint-55000	586493952
pf-baseline/checkpoint-56000	586493952
pf-baseline/checkpoint-56250	586493952
sweep-s050m_ck540k_cons_always_seed0-8878582/checkpoint-352	597962752
sweep-s050m_ck540k_cons_always_seed0-8878582/checkpoint-1760	598011904
sweep-s050m_ck540k_cons_always_seed0-8878582/checkpoint-1056	597987328
sweep-s050m_ck540k_cons_always_seed0-8878582/checkpoint-2277	598032384
sweep-s050m_ck540k_cons_always_seed0-8878582/checkpoint-1408	598003712
sweep-s050m_ck540k_cons_always_seed0-8878582/checkpoint-704	597979136
sweep-s050m_ck540k_cons_always_seed0-8878582/checkpoint-2112	598024192
sweep-lit_hn0_mse01_seed0-8864663/checkpoint-3021	16490496
sweep-lit_hn0_mse01_seed0-8864663/checkpoint-3000	16490496
sweep-lit_hn0_mse01_seed0-8864663/checkpoint-2000	16482304
sweep-s400m_ck540k_lr4e-4_p128k2_seed2-8878459/checkpoint-352	4746559488
sweep-s400m_ck540k_lr4e-4_p128k2_seed2-8878459/checkpoint-1760	4746604544
sweep-s400m_ck540k_lr4e-4_p128k2_seed2-8878459/checkpoint-1056	4746579968
sweep-s400m_ck540k_lr4e-4_p128k2_seed2-8878459/checkpoint-1408	4746592256
sweep-s400m_ck540k_lr4e-4_p128k2_seed2-8878459/checkpoint-2115	4746616832
sweep-s400m_ck540k_lr4e-4_p128k2_seed2-8878459/checkpoint-704	4746567680
sweep-s400m_ck540k_lr4e-4_p128k2_seed2-8878459/checkpoint-2112	4746616832
sweep-s200m_ck220k_lr1e4_kl100_t007_seed0-8856116/checkpoint-1347	2434523136
sweep-200m_ck120k_seed2-8860472/checkpoint-29072	407588864
sweep-200m_ck120k_seed2-8860472/checkpoint-21400	407408640
sweep-200m_ck120k_seed2-8860472/checkpoint-29000	407584768
sweep-50m_ck430k_seed1-8856549/checkpoint-29072	101093376
sweep-50m_ck430k_seed1-8856549/checkpoint-29000	101089280
sweep-50m_ck430k_seed1-8856549/checkpoint-26400	101027840
sweep-lr5e4_kl0_t007-8840665/checkpoint-80	199294976
sweep-lr5e4_kl0_t007-8840665/checkpoint-90	199294976
sweep-s200m_ck540k_lr4e-4_p170k2_cons_seed2-8882196/checkpoint-1060	2434572288
sweep-s200m_ck540k_lr4e-4_p170k2_cons_seed2-8882196/checkpoint-1590	2434588672
sweep-s200m_ck540k_lr4e-4_p170k2_cons_seed2-8882196/checkpoint-795	2434564096
sweep-s200m_ck540k_lr4e-4_p170k2_cons_seed2-8882196/checkpoint-1325	2434580480
sweep-s200m_ck540k_lr4e-4_p170k2_cons_seed2-8882196/checkpoint-530	2434555904
sweep-s200m_ck540k_lr4e-4_p170k2_cons_seed2-8882196/checkpoint-265	2434547712
sweep-s200m_ck540k_lr4e-4_p170k2_cons_seed2-8882196/checkpoint-1713	2434592768
sweep-s200m_ck220k_lr1e4_kl10_t007_seed0-8856116/checkpoint-1347	2434523136
sweep-s050m_ck540k_lr4e-4_p128k2_seed1-8873825/checkpoint-352	597921792
sweep-s050m_ck540k_lr4e-4_p128k2_seed1-8873825/checkpoint-1760	597966848
sweep-s050m_ck540k_lr4e-4_p128k2_seed1-8873825/checkpoint-1056	597942272
sweep-s050m_ck540k_lr4e-4_p128k2_seed1-8873825/checkpoint-1408	597954560
sweep-s050m_ck540k_lr4e-4_p128k2_seed1-8873825/checkpoint-2115	597983232
sweep-s050m_ck540k_lr4e-4_p128k2_seed1-8873825/checkpoint-704	597929984
sweep-s050m_ck540k_lr4e-4_p128k2_seed1-8873825/checkpoint-2112	597979136
sweep-400m_ck255k_seed1-8860472/checkpoint-29072	793190400
sweep-400m_ck255k_seed1-8860472/checkpoint-29000	793186304
sweep-400m_ck255k_seed1-8860472/checkpoint-20800	792997888
sweep-lr5e4_kl0_t02-8840665/checkpoint-80	199294976
sweep-lr5e4_kl0_t02-8840665/checkpoint-90	199294976
validate-sweep-denoise-200m-8842180.aurora-pbs-0001.hostmgmt.cm.aurora.alcf.anl.gov/checkpoint-20	406913024
validate-sweep-denoise-200m-8842180.aurora-pbs-0001.hostmgmt.cm.aurora.alcf.anl.gov/checkpoint-30	406917120
validate-sweep-denoise-200m-8842180.aurora-pbs-0001.hostmgmt.cm.aurora.alcf.anl.gov/checkpoint-36	406917120
sweep-s025m_ck540k_lr4e-4_p170k2_seed1-8878461/checkpoint-1593	307617792
sweep-s025m_ck540k_lr4e-4_p170k2_seed1-8878461/checkpoint-1060	307601408
sweep-s025m_ck540k_lr4e-4_p170k2_seed1-8878461/checkpoint-1590	307617792
sweep-s025m_ck540k_lr4e-4_p170k2_seed1-8878461/checkpoint-795	307597312
sweep-s025m_ck540k_lr4e-4_p170k2_seed1-8878461/checkpoint-1325	307609600
sweep-s025m_ck540k_lr4e-4_p170k2_seed1-8878461/checkpoint-530	307589120
sweep-s025m_ck540k_lr4e-4_p170k2_seed1-8878461/checkpoint-265	307576832
sweep-attn_seed0-8863044/checkpoint-12081	15523840
sweep-attn_seed0-8863044/checkpoint-11000	15515648
sweep-attn_seed0-8863044/checkpoint-12000	15523840
sweep-s050m_ck540k_cons_w1_seed1-8878582/checkpoint-352	597966848
sweep-s050m_ck540k_cons_w1_seed1-8878582/checkpoint-1760	598011904
sweep-s050m_ck540k_cons_w1_seed1-8878582/checkpoint-1056	597991424
sweep-s050m_ck540k_cons_w1_seed1-8878582/checkpoint-2277	598028288
sweep-s050m_ck540k_cons_w1_seed1-8878582/checkpoint-1408	597999616
sweep-s050m_ck540k_cons_w1_seed1-8878582/checkpoint-704	597979136
sweep-s050m_ck540k_cons_w1_seed1-8878582/checkpoint-2112	598028288
sweep-100m_ck220k_seed3-8850494/checkpoint-29072	203206656
sweep-100m_ck220k_seed3-8850494/checkpoint-21800	203034624
sweep-100m_ck220k_seed3-8850494/checkpoint-29000	203202560
sweep-400m_ck330k_seed2-8861571/checkpoint-20200	792981504
sweep-400m_ck330k_seed2-8861571/checkpoint-29072	793190400
sweep-400m_ck330k_seed2-8861571/checkpoint-29000	793186304
sweep-400m_ck540k_seed1-8864759/checkpoint-29072	793190400
sweep-400m_ck540k_seed1-8864759/checkpoint-21800	793018368
sweep-400m_ck540k_seed1-8864759/checkpoint-29000	793186304
validate-sweep-contrastive-hp-big-8848809.aurora-pbs-0001.hostmgmt.cm.aurora.alcf.anl.gov/checkpoint-6	4746502144
sweep-s200m_ck330k_besteval_seed4-8856159/checkpoint-1347	2434592768
sweep-s200m_ck330k_besteval_seed4-8856159/checkpoint-1000	2434568192
sweep-lr1e4_kl10_t007-8840665/checkpoint-80	398577664
sweep-lr1e4_kl10_t007-8840665/checkpoint-90	398573568
sweep-lr5e4_kl10_t007-8840665/checkpoint-80	398573568
sweep-lr5e4_kl10_t007-8840665/checkpoint-90	398577664
sweep-s025m_ck540k_lr4e-4_p128k2_seed0-8878461/checkpoint-352	307580928
sweep-s025m_ck540k_lr4e-4_p128k2_seed0-8878461/checkpoint-1760	307625984
sweep-s025m_ck540k_lr4e-4_p128k2_seed0-8878461/checkpoint-1056	307605504
sweep-s025m_ck540k_lr4e-4_p128k2_seed0-8878461/checkpoint-1408	307613696
sweep-s025m_ck540k_lr4e-4_p128k2_seed0-8878461/checkpoint-2115	307638272
sweep-s025m_ck540k_lr4e-4_p128k2_seed0-8878461/checkpoint-704	307589120
sweep-s025m_ck540k_lr4e-4_p128k2_seed0-8878461/checkpoint-2112	307638272
sweep-s400m_ck540k_lr8e-4_p128k2_seed0-8878459/checkpoint-352	4746559488
sweep-s400m_ck540k_lr8e-4_p128k2_seed0-8878459/checkpoint-1760	4746604544
sweep-s400m_ck540k_lr8e-4_p128k2_seed0-8878459/checkpoint-1056	4746579968
sweep-s400m_ck540k_lr8e-4_p128k2_seed0-8878459/checkpoint-1408	4746592256
sweep-s400m_ck540k_lr8e-4_p128k2_seed0-8878459/checkpoint-2115	4746616832
sweep-s400m_ck540k_lr8e-4_p128k2_seed0-8878459/checkpoint-704	4746567680
sweep-s400m_ck540k_lr8e-4_p128k2_seed0-8878459/checkpoint-2112	4746616832
sweep-s025m_ck540k_lr4e-4_p128k2_seed1-8878461/checkpoint-352	307580928
sweep-s025m_ck540k_lr4e-4_p128k2_seed1-8878461/checkpoint-1760	307625984
sweep-s025m_ck540k_lr4e-4_p128k2_seed1-8878461/checkpoint-1056	307605504
sweep-s025m_ck540k_lr4e-4_p128k2_seed1-8878461/checkpoint-1408	307613696
sweep-s025m_ck540k_lr4e-4_p128k2_seed1-8878461/checkpoint-2115	307642368
sweep-s025m_ck540k_lr4e-4_p128k2_seed1-8878461/checkpoint-704	307593216
sweep-s025m_ck540k_lr4e-4_p128k2_seed1-8878461/checkpoint-2112	307638272
sweep-s050m_ck540k_supcon_within75_seed0-8873159/checkpoint-1593	597954560
sweep-s050m_ck540k_supcon_within75_seed0-8873159/checkpoint-2124	597975040
sweep-s050m_ck540k_supcon_within75_seed0-8873159/checkpoint-3186	598016000
sweep-s050m_ck540k_supcon_within75_seed0-8873159/checkpoint-2655	597995520
sweep-s050m_ck540k_supcon_within75_seed0-8873159/checkpoint-531	597929984
sweep-s050m_ck540k_supcon_within75_seed0-8873159/checkpoint-1062	597946368
sweep-s050m_ck540k_sigmoid_random_seed1-8872141/checkpoint-3186	598011904
validate-sweep-contrastive-hp-8847485.aurora-pbs-0001.hostmgmt.cm.aurora.alcf.anl.gov/checkpoint-6	1209577472
sweep-s050m_ck540k_cons_w3_seed1-8878582/checkpoint-352	597966848
sweep-s050m_ck540k_cons_w3_seed1-8878582/checkpoint-1760	598011904
sweep-s050m_ck540k_cons_w3_seed1-8878582/checkpoint-1056	597987328
sweep-s050m_ck540k_cons_w3_seed1-8878582/checkpoint-2277	598028288
sweep-s050m_ck540k_cons_w3_seed1-8878582/checkpoint-1408	598003712
sweep-s050m_ck540k_cons_w3_seed1-8878582/checkpoint-704	597975040
sweep-s050m_ck540k_cons_w3_seed1-8878582/checkpoint-2112	598024192
sweep-s050m_ck540k_supcon_regions75_seed2-8873563/checkpoint-1593	597958656
sweep-s050m_ck540k_supcon_regions75_seed2-8873563/checkpoint-2124	597979136
sweep-s050m_ck540k_supcon_regions75_seed2-8873563/checkpoint-3186	598011904
sweep-s050m_ck540k_supcon_regions75_seed2-8873563/checkpoint-2655	597995520
sweep-s050m_ck540k_supcon_regions75_seed2-8873563/checkpoint-531	597921792
sweep-s050m_ck540k_supcon_regions75_seed2-8873563/checkpoint-1062	597938176
sweep-s100m_ck220k_lr4e-4_p170k2_seed0-8880712/checkpoint-1593	1209688064
sweep-s100m_ck220k_lr4e-4_p170k2_seed0-8880712/checkpoint-1060	1209671680
sweep-s100m_ck220k_lr4e-4_p170k2_seed0-8880712/checkpoint-1590	1209683968
sweep-s100m_ck220k_lr4e-4_p170k2_seed0-8880712/checkpoint-795	1209663488
sweep-s100m_ck220k_lr4e-4_p170k2_seed0-8880712/checkpoint-1325	1209679872
sweep-s100m_ck220k_lr4e-4_p170k2_seed0-8880712/checkpoint-530	1209651200
sweep-s100m_ck220k_lr4e-4_p170k2_seed0-8880712/checkpoint-265	1209647104
sweep-s050m_ck540k_cons_w1_seed0-8878582/checkpoint-352	597970944
sweep-s050m_ck540k_cons_w1_seed0-8878582/checkpoint-1760	598016000
sweep-s050m_ck540k_cons_w1_seed0-8878582/checkpoint-1056	597991424
sweep-s050m_ck540k_cons_w1_seed0-8878582/checkpoint-2277	598028288
sweep-s050m_ck540k_cons_w1_seed0-8878582/checkpoint-1408	597999616
sweep-s050m_ck540k_cons_w1_seed0-8878582/checkpoint-704	597979136
sweep-s050m_ck540k_cons_w1_seed0-8878582/checkpoint-2112	598024192
v2_align-contrastive-1tile-8840739/checkpoint-26000	16666624
v2_align-contrastive-1tile-8840739/checkpoint-28630	16687104
v2_align-contrastive-1tile-8840739/checkpoint-28000	16683008
sweep-s050m_ck330k_besteval_seed3-8856159/checkpoint-1347	598024192
sweep-s050m_ck330k_besteval_seed3-8856159/checkpoint-1200	598011904
sweep-s200m_ck430k_lr4e-4_p170k2_seed0-8880712/checkpoint-1593	2434588672
sweep-s200m_ck430k_lr4e-4_p170k2_seed0-8880712/checkpoint-1060	2434572288
sweep-s200m_ck430k_lr4e-4_p170k2_seed0-8880712/checkpoint-1590	2434588672
sweep-s200m_ck430k_lr4e-4_p170k2_seed0-8880712/checkpoint-795	2434564096
sweep-s200m_ck430k_lr4e-4_p170k2_seed0-8880712/checkpoint-1325	2434580480
sweep-s200m_ck430k_lr4e-4_p170k2_seed0-8880712/checkpoint-530	2434555904
sweep-s200m_ck430k_lr4e-4_p170k2_seed0-8880712/checkpoint-265	2434547712
sweep-s050m_ck330k_lr1e4_kl100_t003_seed1-8856116/checkpoint-1347	597954560
validate-sweep-layermix-8842190.aurora-pbs-0001.hostmgmt.cm.aurora.alcf.anl.gov/checkpoint-6	398626816
sweep-s400m_ck540k_lr4e-4_p170k2_cons_seed0-8882196/checkpoint-1060	4746592256
sweep-s400m_ck540k_lr4e-4_p170k2_cons_seed0-8882196/checkpoint-1590	4746608640
sweep-s400m_ck540k_lr4e-4_p170k2_cons_seed0-8882196/checkpoint-795	4746584064
sweep-s400m_ck540k_lr4e-4_p170k2_cons_seed0-8882196/checkpoint-1325	4746600448
sweep-s400m_ck540k_lr4e-4_p170k2_cons_seed0-8882196/checkpoint-530	4746575872
sweep-s400m_ck540k_lr4e-4_p170k2_cons_seed0-8882196/checkpoint-265	4746567680
sweep-s400m_ck540k_lr4e-4_p170k2_cons_seed0-8882196/checkpoint-1713	4746612736
v2_align-ft-a1-align-100k-400m-c1-8860290/checkpoint-100	19103744
v2_align-ft-a1-align-100k-400m-c1-8860290/checkpoint-141	19103744
v2_align-ft-a1-align-100k-400m-c1-8860290/checkpoint-125	19103744
sweep-s050m_ck540k_supcon_between75_seed0-8873159/checkpoint-1593	597962752
sweep-s050m_ck540k_supcon_between75_seed0-8873159/checkpoint-2124	597983232
sweep-s050m_ck540k_supcon_between75_seed0-8873159/checkpoint-3186	598007808
sweep-s050m_ck540k_supcon_between75_seed0-8873159/checkpoint-2655	597995520
sweep-s050m_ck540k_supcon_between75_seed0-8873159/checkpoint-531	597929984
sweep-s050m_ck540k_supcon_between75_seed0-8873159/checkpoint-1062	597942272
sweep-50m_ep16_seed1-8847663/checkpoint-109400	102948864
sweep-50m_ep16_seed1-8847663/checkpoint-116200	103108608
sweep-50m_ep16_seed1-8847663/checkpoint-116288	103108608
sweep-400m_ck255k_seed2-8860472/checkpoint-29072	793190400
sweep-400m_ck255k_seed2-8860472/checkpoint-21400	793010176
sweep-400m_ck255k_seed2-8860472/checkpoint-29000	793186304
sweep-s050m_ck330k_lr1e4_kl100_t003_seed2-8856116/checkpoint-1347	597950464
sweep-s050m_ck330k_gcoff_seed0-8856115/checkpoint-1347	597950464
sweep-s050m_ck540k_lr4e-4_p170k2_cons_seed1-8882196/checkpoint-1060	597999616
sweep-s050m_ck540k_lr4e-4_p170k2_cons_seed1-8882196/checkpoint-1590	598016000
sweep-s050m_ck540k_lr4e-4_p170k2_cons_seed1-8882196/checkpoint-795	597991424
sweep-s050m_ck540k_lr4e-4_p170k2_cons_seed1-8882196/checkpoint-1325	598011904
sweep-s050m_ck540k_lr4e-4_p170k2_cons_seed1-8882196/checkpoint-530	597987328
sweep-s050m_ck540k_lr4e-4_p170k2_cons_seed1-8882196/checkpoint-265	597975040
sweep-s050m_ck540k_lr4e-4_p170k2_cons_seed1-8882196/checkpoint-1713	598020096
sweep-100m_ck120k_seed3-8856549/checkpoint-27600	203165696
sweep-100m_ck120k_seed3-8856549/checkpoint-29072	203202560
sweep-100m_ck120k_seed3-8856549/checkpoint-29000	203202560
sweep-s050m_ck540k_lr8e-4_seed2-8873825/checkpoint-1593	597958656
sweep-s050m_ck540k_lr8e-4_seed2-8873825/checkpoint-2124	597979136
sweep-s050m_ck540k_lr8e-4_seed2-8873825/checkpoint-3186	598011904
sweep-s050m_ck540k_lr8e-4_seed2-8873825/checkpoint-2655	597995520
sweep-s050m_ck540k_lr8e-4_seed2-8873825/checkpoint-531	597925888
sweep-s050m_ck540k_lr8e-4_seed2-8873825/checkpoint-1062	597946368
sweep-lr5e4_kl10_t02-8840665/checkpoint-80	398573568
sweep-lr5e4_kl10_t02-8840665/checkpoint-90	398577664
sweep-200m_ck430k_seed3-8860472/checkpoint-29072	407588864
sweep-200m_ck430k_seed3-8860472/checkpoint-21800	407412736
sweep-200m_ck430k_seed3-8860472/checkpoint-29000	407584768
sweep-100m_ck330k_seed1-8850494/checkpoint-29072	203206656
sweep-100m_ck330k_seed1-8850494/checkpoint-21400	203026432
sweep-100m_ck330k_seed1-8850494/checkpoint-29000	203198464
sweep-s050m_ck540k_lr4e-4_p128k2_seed0-8873825/checkpoint-352	597921792
sweep-s050m_ck540k_lr4e-4_p128k2_seed0-8873825/checkpoint-1760	597966848
sweep-s050m_ck540k_lr4e-4_p128k2_seed0-8873825/checkpoint-1056	597946368
sweep-s050m_ck540k_lr4e-4_p128k2_seed0-8873825/checkpoint-1408	597954560
sweep-s050m_ck540k_lr4e-4_p128k2_seed0-8873825/checkpoint-2115	597979136
sweep-s050m_ck540k_lr4e-4_p128k2_seed0-8873825/checkpoint-704	597929984
sweep-s050m_ck540k_lr4e-4_p128k2_seed0-8873825/checkpoint-2112	597983232
sweep-50m_ck430k_seed2-8856549/checkpoint-29072	101093376
sweep-50m_ck430k_seed2-8856549/checkpoint-29000	101089280
sweep-50m_ck430k_seed2-8856549/checkpoint-27200	101048320
sweep-s050m_ck330k_besteval_seed1-8856159/checkpoint-1347	598020096
sweep-s050m_ck330k_besteval_seed1-8856159/checkpoint-1200	598016000
sweep-400m_ck330k_seed1-8861571/checkpoint-29072	793190400
sweep-400m_ck330k_seed1-8861571/checkpoint-29000	793186304
sweep-400m_ck330k_seed1-8861571/checkpoint-20800	792997888
sweep-s100m_ck540k_lr4e-4_p128k2_seed0-8875262/checkpoint-352	1209593856
sweep-s100m_ck540k_lr4e-4_p128k2_seed0-8875262/checkpoint-1760	1209638912
sweep-s100m_ck540k_lr4e-4_p128k2_seed0-8875262/checkpoint-1056	1209614336
sweep-s100m_ck540k_lr4e-4_p128k2_seed0-8875262/checkpoint-1408	1209626624
sweep-s100m_ck540k_lr4e-4_p128k2_seed0-8875262/checkpoint-2115	1209651200
sweep-s100m_ck540k_lr4e-4_p128k2_seed0-8875262/checkpoint-704	1209602048
sweep-s100m_ck540k_lr4e-4_p128k2_seed0-8875262/checkpoint-2112	1209651200
sweep-50m_ck220k_seed3-8850494/checkpoint-28400	101076992
sweep-50m_ck220k_seed3-8850494/checkpoint-29072	101093376
sweep-50m_ck220k_seed3-8850494/checkpoint-29000	101089280
sweep-s025m_ck540k_lr8e-4_p128k2_seed0-8878461/checkpoint-352	307580928
sweep-s025m_ck540k_lr8e-4_p128k2_seed0-8878461/checkpoint-1760	307630080
sweep-s025m_ck540k_lr8e-4_p128k2_seed0-8878461/checkpoint-1056	307601408
sweep-s025m_ck540k_lr8e-4_p128k2_seed0-8878461/checkpoint-1408	307613696
sweep-s025m_ck540k_lr8e-4_p128k2_seed0-8878461/checkpoint-2115	307642368
sweep-s025m_ck540k_lr8e-4_p128k2_seed0-8878461/checkpoint-704	307593216
sweep-s025m_ck540k_lr8e-4_p128k2_seed0-8878461/checkpoint-2112	307638272
sweep-100m_ck430k_seed3-8856549/checkpoint-29072	203202560
sweep-100m_ck430k_seed3-8856549/checkpoint-21800	203030528
sweep-100m_ck430k_seed3-8856549/checkpoint-29000	203202560
sweep-s050m_ck540k_supcon_regions75_seed0-8873563/checkpoint-1593	597954560
sweep-s050m_ck540k_supcon_regions75_seed0-8873563/checkpoint-2124	597983232
sweep-s050m_ck540k_supcon_regions75_seed0-8873563/checkpoint-3186	598011904
sweep-s050m_ck540k_supcon_regions75_seed0-8873563/checkpoint-2655	597999616
sweep-s050m_ck540k_supcon_regions75_seed0-8873563/checkpoint-531	597925888
sweep-s050m_ck540k_supcon_regions75_seed0-8873563/checkpoint-1062	597942272
sweep-s050m_ck540k_kl0-8872806/checkpoint-1593	398680064
sweep-s050m_ck540k_kl0-8872806/checkpoint-2124	398692352
sweep-s050m_ck540k_kl0-8872806/checkpoint-3186	398725120
sweep-s050m_ck540k_kl0-8872806/checkpoint-2655	398708736
sweep-s050m_ck540k_kl0-8872806/checkpoint-531	398651392
sweep-s050m_ck540k_kl0-8872806/checkpoint-1062	398663680
sweep-400m_ck010k_seed1-8860472/checkpoint-29072	793190400
sweep-400m_ck010k_seed1-8860472/checkpoint-29000	793186304
sweep-400m_ck010k_seed1-8860472/checkpoint-27400	793149440
denoise-ft-50m-s1-8839890/checkpoint-1500	199684096
denoise-ft-50m-s1-8839890/checkpoint-2018	199684096
denoise-ft-50m-s1-8839890/checkpoint-2000	199684096
sweep-s050m_ck330k_lr1e4_kl10_t007_seed2-8856116/checkpoint-1347	597954560
sweep-100m_ck010k_seed2-8856549/checkpoint-29072	203206656
sweep-100m_ck010k_seed2-8856549/checkpoint-27000	203153408
sweep-100m_ck010k_seed2-8856549/checkpoint-29000	203202560
sweep-s050m_ck540k_t0.01-8872806/checkpoint-1593	597958656
sweep-s050m_ck540k_t0.01-8872806/checkpoint-2124	597983232
sweep-s050m_ck540k_t0.01-8872806/checkpoint-3186	598016000
sweep-s050m_ck540k_t0.01-8872806/checkpoint-2655	597999616
sweep-s050m_ck540k_t0.01-8872806/checkpoint-531	597921792
sweep-s050m_ck540k_t0.01-8872806/checkpoint-1062	597938176
sweep-s200m_ck540k_lr4e-4_p128k2_seed1-8875261/checkpoint-352	2434494464
sweep-s200m_ck540k_lr4e-4_p128k2_seed1-8875261/checkpoint-1760	2434539520
sweep-s200m_ck540k_lr4e-4_p128k2_seed1-8875261/checkpoint-1056	2434514944
sweep-s200m_ck540k_lr4e-4_p128k2_seed1-8875261/checkpoint-1408	2434527232
sweep-s200m_ck540k_lr4e-4_p128k2_seed1-8875261/checkpoint-2115	2434551808
sweep-s200m_ck540k_lr4e-4_p128k2_seed1-8875261/checkpoint-704	2434502656
sweep-s200m_ck540k_lr4e-4_p128k2_seed1-8875261/checkpoint-2112	2434551808
sweep-s100m_ck540k_lr4e-4_p170k2_seed0-8875262/checkpoint-1593	1209630720
sweep-s100m_ck540k_lr4e-4_p170k2_seed0-8875262/checkpoint-1060	1209614336
sweep-s100m_ck540k_lr4e-4_p170k2_seed0-8875262/checkpoint-1590	1209630720
sweep-s100m_ck540k_lr4e-4_p170k2_seed0-8875262/checkpoint-795	1209606144
sweep-s100m_ck540k_lr4e-4_p170k2_seed0-8875262/checkpoint-1325	1209622528
sweep-s100m_ck540k_lr4e-4_p170k2_seed0-8875262/checkpoint-530	1209597952
sweep-s100m_ck540k_lr4e-4_p170k2_seed0-8875262/checkpoint-265	1209589760
sweep-lit_hn4_mse0_seed2-8865869/checkpoint-3021	16490496
sweep-lit_hn4_mse0_seed2-8865869/checkpoint-3000	16490496
sweep-lit_hn4_mse0_seed2-8865869/checkpoint-2000	16482304
sweep-cont400m_ep01_seed0-8860522/checkpoint-1062	4746534912
sweep-lit_hn0_mse0_seed1-8865869/checkpoint-3021	16490496
sweep-lit_hn0_mse0_seed1-8865869/checkpoint-3000	16490496
sweep-lit_hn0_mse0_seed1-8865869/checkpoint-2000	16482304
validate-sweep-contrastive-8842190.aurora-pbs-0001.hostmgmt.cm.aurora.alcf.anl.gov/checkpoint-6	597905408
sweep-400m_ep04_seed1-8847663/checkpoint-29072	793190400
sweep-400m_ep04_seed1-8847663/checkpoint-29000	793186304
sweep-400m_ep04_seed1-8847663/checkpoint-28200	793169920
validate-sweep-denoise-seeds-ep8-8846010.aurora-pbs-0001.hostmgmt.cm.aurora.alcf.anl.gov/checkpoint-272	100450304
validate-sweep-denoise-seeds-ep8-8846010.aurora-pbs-0001.hostmgmt.cm.aurora.alcf.anl.gov/checkpoint-270	100450304
validate-sweep-denoise-seeds-ep8-8846010.aurora-pbs-0001.hostmgmt.cm.aurora.alcf.anl.gov/checkpoint-250	100446208
sweep-400m_ck430k_seed1-8861517/checkpoint-668	792596480
sweep-400m_ck430k_seed1-8861517/checkpoint-500	792576000
sweep-400m_ck430k_seed1-8861517/checkpoint-660	792596480
sweep-s050m_ck540k_lr4e-4_p170k2_seed0-8878464/checkpoint-1593	598007808
sweep-s050m_ck540k_lr4e-4_p170k2_seed0-8878464/checkpoint-1060	597987328
sweep-s050m_ck540k_lr4e-4_p170k2_seed0-8878464/checkpoint-1590	597999616
sweep-s050m_ck540k_lr4e-4_p170k2_seed0-8878464/checkpoint-795	597975040
sweep-s050m_ck540k_lr4e-4_p170k2_seed0-8878464/checkpoint-1325	597999616
sweep-s050m_ck540k_lr4e-4_p170k2_seed0-8878464/checkpoint-530	597970944
sweep-s050m_ck540k_lr4e-4_p170k2_seed0-8878464/checkpoint-265	597966848
sweep-s400m_ck540k_lr2e-4_p128k2_seed1-8878459/checkpoint-352	4746559488
sweep-s400m_ck540k_lr2e-4_p128k2_seed1-8878459/checkpoint-1760	4746604544
sweep-s400m_ck540k_lr2e-4_p128k2_seed1-8878459/checkpoint-1056	4746579968
sweep-s400m_ck540k_lr2e-4_p128k2_seed1-8878459/checkpoint-1408	4746592256
sweep-s400m_ck540k_lr2e-4_p128k2_seed1-8878459/checkpoint-2115	4746616832
sweep-s400m_ck540k_lr2e-4_p128k2_seed1-8878459/checkpoint-704	4746567680
sweep-s400m_ck540k_lr2e-4_p128k2_seed1-8878459/checkpoint-2112	4746616832
sweep-s050m_ck540k_kl30-8872806/checkpoint-1593	597954560
sweep-s050m_ck540k_kl30-8872806/checkpoint-2124	597983232
sweep-s050m_ck540k_kl30-8872806/checkpoint-3186	598011904
sweep-s050m_ck540k_kl30-8872806/checkpoint-2655	597995520
sweep-s050m_ck540k_kl30-8872806/checkpoint-531	597925888
sweep-s050m_ck540k_kl30-8872806/checkpoint-1062	597942272
sweep-200m_ck330k_seed1-8850494/checkpoint-29072	407588864
sweep-200m_ck330k_seed1-8850494/checkpoint-21400	407404544
sweep-200m_ck330k_seed1-8850494/checkpoint-29000	407584768
sweep-s050m_ck540k_supcon_within75_seed2-8873159/checkpoint-1593	597958656
sweep-s050m_ck540k_supcon_within75_seed2-8873159/checkpoint-2124	597979136
sweep-s050m_ck540k_supcon_within75_seed2-8873159/checkpoint-3186	598011904
sweep-s050m_ck540k_supcon_within75_seed2-8873159/checkpoint-2655	597995520
sweep-s050m_ck540k_supcon_within75_seed2-8873159/checkpoint-531	597925888
sweep-s050m_ck540k_supcon_within75_seed2-8873159/checkpoint-1062	597942272
sweep-s025m_ck540k_lr4e-4_p170k2_cons_seed0-8882196/checkpoint-1060	307613696
sweep-s025m_ck540k_lr4e-4_p170k2_cons_seed0-8882196/checkpoint-1590	307630080
sweep-s025m_ck540k_lr4e-4_p170k2_cons_seed0-8882196/checkpoint-795	307605504
sweep-s025m_ck540k_lr4e-4_p170k2_cons_seed0-8882196/checkpoint-1325	307625984
sweep-s025m_ck540k_lr4e-4_p170k2_cons_seed0-8882196/checkpoint-530	307597312
sweep-s025m_ck540k_lr4e-4_p170k2_cons_seed0-8882196/checkpoint-265	307589120
sweep-s025m_ck540k_lr4e-4_p170k2_cons_seed0-8882196/checkpoint-1713	307638272
sweep-200m_ck220k_seed1-8850494/checkpoint-29072	407588864
sweep-200m_ck220k_seed1-8850494/checkpoint-21800	407416832
sweep-200m_ck220k_seed1-8850494/checkpoint-29000	407584768
sweep-100m_ck430k_seed1-8856549/checkpoint-29072	203202560
sweep-100m_ck430k_seed1-8856549/checkpoint-21400	203022336
sweep-100m_ck430k_seed1-8856549/checkpoint-29000	203198464
sweep-50m_ck010k_seed3-8856549/checkpoint-29072	101093376
sweep-50m_ck010k_seed3-8856549/checkpoint-29000	101089280
sweep-50m_ck010k_seed3-8856549/checkpoint-26600	101036032
sweep-s100m_ck540k_lr2e-4_p128k2_seed0-8875262/checkpoint-352	1209593856
sweep-s100m_ck540k_lr2e-4_p128k2_seed0-8875262/checkpoint-1760	1209638912
sweep-s100m_ck540k_lr2e-4_p128k2_seed0-8875262/checkpoint-1056	1209614336
sweep-s100m_ck540k_lr2e-4_p128k2_seed0-8875262/checkpoint-1408	1209626624
sweep-s100m_ck540k_lr2e-4_p128k2_seed0-8875262/checkpoint-2115	1209651200
sweep-s100m_ck540k_lr2e-4_p128k2_seed0-8875262/checkpoint-704	1209602048
sweep-s100m_ck540k_lr2e-4_p128k2_seed0-8875262/checkpoint-2112	1209651200
sweep-lit_hn4_mse0_seed2-8866828/checkpoint-3021	19120128
sweep-lit_hn4_mse0_seed2-8866828/checkpoint-3000	19120128
sweep-lit_hn4_mse0_seed2-8866828/checkpoint-2000	19111936
sweep-25m_ck540k_seed1-8871441/checkpoint-29072	52563968
sweep-25m_ck540k_seed1-8871441/checkpoint-29000	52559872
sweep-25m_ck540k_seed1-8871441/checkpoint-28800	52555776
sweep-lit_hn4_mse0_seed1-8864663/checkpoint-3021	16490496
sweep-lit_hn4_mse0_seed1-8864663/checkpoint-3000	16490496
sweep-lit_hn4_mse0_seed1-8864663/checkpoint-2000	16482304
validate-sweep-contrastive-scale-v2-random-8853327.aurora-pbs-0001.hostmgmt.cm.aurora.alcf.anl.gov/checkpoint-6	4746502144
sweep-400m_ck010k_seed2-8860472/checkpoint-29072	793190400
sweep-400m_ck010k_seed2-8860472/checkpoint-29000	793186304
sweep-400m_ck010k_seed2-8860472/checkpoint-26400	793124864
sweep-s100m_ck540k_lr4e-4_p170k2_cons_seed2-8882196/checkpoint-1060	1209671680
sweep-s100m_ck540k_lr4e-4_p170k2_cons_seed2-8882196/checkpoint-1590	1209688064
sweep-s100m_ck540k_lr4e-4_p170k2_cons_seed2-8882196/checkpoint-795	1209663488
sweep-s100m_ck540k_lr4e-4_p170k2_cons_seed2-8882196/checkpoint-1325	1209679872
sweep-s100m_ck540k_lr4e-4_p170k2_cons_seed2-8882196/checkpoint-530	1209655296
sweep-s100m_ck540k_lr4e-4_p170k2_cons_seed2-8882196/checkpoint-265	1209647104
sweep-s100m_ck540k_lr4e-4_p170k2_cons_seed2-8882196/checkpoint-1713	1209692160
v2_align-ft-a1-align-100k-400m-oodsel-8867779/checkpoint-12081	19193856
v2_align-ft-a1-align-100k-400m-oodsel-8867779/checkpoint-11000	19185664
v2_align-ft-a1-align-100k-400m-oodsel-8867779/checkpoint-12000	19193856
sweep-100m_ck330k_seed3-8850494/checkpoint-29072	203202560
sweep-100m_ck330k_seed3-8850494/checkpoint-21800	203034624
sweep-100m_ck330k_seed3-8850494/checkpoint-29000	203202560
sweep-s200m_ck540k_lr4e-4_p170k2_seed1-8875261/checkpoint-1593	2434531328
sweep-s200m_ck540k_lr4e-4_p170k2_seed1-8875261/checkpoint-1060	2434514944
sweep-s200m_ck540k_lr4e-4_p170k2_seed1-8875261/checkpoint-1590	2434531328
sweep-s200m_ck540k_lr4e-4_p170k2_seed1-8875261/checkpoint-795	2434506752
sweep-s200m_ck540k_lr4e-4_p170k2_seed1-8875261/checkpoint-1325	2434523136
sweep-s200m_ck540k_lr4e-4_p170k2_seed1-8875261/checkpoint-530	2434498560
sweep-s200m_ck540k_lr4e-4_p170k2_seed1-8875261/checkpoint-265	2434490368
sweep-s200m_ck330k_lr1e4_kl10_t007_seed1-8856116/checkpoint-1347	2434523136
sweep-100m_ck540k_seed1-8856549/checkpoint-29072	203206656
sweep-100m_ck540k_seed1-8856549/checkpoint-21800	203034624
sweep-100m_ck540k_seed1-8856549/checkpoint-29000	203202560
sweep-lit_hn4_mse01_seed2-8864663/checkpoint-3021	16490496
sweep-lit_hn4_mse01_seed2-8864663/checkpoint-3000	16490496
sweep-lit_hn4_mse01_seed2-8864663/checkpoint-2000	16482304
sweep-400m_ck010k_seed3-8860472/checkpoint-29072	793190400
sweep-400m_ck010k_seed3-8860472/checkpoint-29000	793186304
sweep-400m_ck010k_seed3-8860472/checkpoint-28800	793182208
sweep-s050m_ck330k_besteval_seed2-8856159/checkpoint-1347	598024192
sweep-s050m_ck330k_besteval_seed2-8856159/checkpoint-1200	598011904
sweep-100m_ck540k_seed3-8856549/checkpoint-29072	203202560
sweep-100m_ck540k_seed3-8856549/checkpoint-21800	203030528
sweep-100m_ck540k_seed3-8856549/checkpoint-29000	203198464
sweep-lit_hn4_mse0_seed2-8864663/checkpoint-3021	16490496
sweep-lit_hn4_mse0_seed2-8864663/checkpoint-3000	16490496
sweep-lit_hn4_mse0_seed2-8864663/checkpoint-2000	16482304
v2_align-ft-a1-align-100k-400m-c7final-8866357/checkpoint-12081	19193856
v2_align-ft-a1-align-100k-400m-c7final-8866357/checkpoint-11000	19185664
v2_align-ft-a1-align-100k-400m-c7final-8866357/checkpoint-12000	19193856
sweep-s050m_ck540k_cons_k4_seed2-8873850/checkpoint-705	597934080
sweep-s050m_ck540k_cons_k4_seed2-8873850/checkpoint-4554	598061056
sweep-s050m_ck540k_cons_k4_seed2-8873850/checkpoint-4230	598048768
sweep-s050m_ck540k_cons_k4_seed2-8873850/checkpoint-2820	598003712
sweep-s050m_ck540k_cons_k4_seed2-8873850/checkpoint-3525	598024192
sweep-s050m_ck540k_cons_k4_seed2-8873850/checkpoint-2115	597979136
sweep-s050m_ck540k_cons_k4_seed2-8873850/checkpoint-1410	597954560
sweep-s050m_ck330k_lr1e4_kl10_t007_seed0-8856116/checkpoint-1347	597954560
sweep-pool_seed1-8863044/checkpoint-12081	16564224
sweep-pool_seed1-8863044/checkpoint-11000	16556032
sweep-pool_seed1-8863044/checkpoint-12000	16564224
sweep-lit_hn0_mse0_seed1-8864663/checkpoint-3021	16490496
sweep-lit_hn0_mse0_seed1-8864663/checkpoint-3000	16490496
sweep-lit_hn0_mse0_seed1-8864663/checkpoint-2000	16482304
sweep-400m_ck430k_seed3-8861571/checkpoint-21000	793001984
sweep-400m_ck430k_seed3-8861571/checkpoint-29072	793190400
sweep-400m_ck430k_seed3-8861571/checkpoint-29000	793186304
sweep-s025m_ck540k_lr4e-4_p170k2_seed2-8878461/checkpoint-1593	307621888
sweep-s025m_ck540k_lr4e-4_p170k2_seed2-8878461/checkpoint-1060	307605504
sweep-s025m_ck540k_lr4e-4_p170k2_seed2-8878461/checkpoint-1590	307617792
sweep-s025m_ck540k_lr4e-4_p170k2_seed2-8878461/checkpoint-795	307593216
sweep-s025m_ck540k_lr4e-4_p170k2_seed2-8878461/checkpoint-1325	307609600
sweep-s025m_ck540k_lr4e-4_p170k2_seed2-8878461/checkpoint-530	307585024
sweep-s025m_ck540k_lr4e-4_p170k2_seed2-8878461/checkpoint-265	307576832
sweep-s200m_ck330k_lr4e-4_p170k2_seed1-8880712/checkpoint-1593	2434588672
sweep-s200m_ck330k_lr4e-4_p170k2_seed1-8880712/checkpoint-1060	2434572288
sweep-s200m_ck330k_lr4e-4_p170k2_seed1-8880712/checkpoint-1590	2434588672
sweep-s200m_ck330k_lr4e-4_p170k2_seed1-8880712/checkpoint-795	2434564096
sweep-s200m_ck330k_lr4e-4_p170k2_seed1-8880712/checkpoint-1325	2434580480
sweep-s200m_ck330k_lr4e-4_p170k2_seed1-8880712/checkpoint-530	2434555904
sweep-s200m_ck330k_lr4e-4_p170k2_seed1-8880712/checkpoint-265	2434547712
sweep-s200m_ck540k_lr4e-4_p128k2_seed0-8875261/checkpoint-352	2434494464
sweep-s200m_ck540k_lr4e-4_p128k2_seed0-8875261/checkpoint-1760	2434539520
sweep-s200m_ck540k_lr4e-4_p128k2_seed0-8875261/checkpoint-1056	2434514944
sweep-s200m_ck540k_lr4e-4_p128k2_seed0-8875261/checkpoint-1408	2434527232
sweep-s200m_ck540k_lr4e-4_p128k2_seed0-8875261/checkpoint-2115	2434551808
sweep-s200m_ck540k_lr4e-4_p128k2_seed0-8875261/checkpoint-704	2434502656
sweep-s200m_ck540k_lr4e-4_p128k2_seed0-8875261/checkpoint-2112	2434551808
sweep-lr2e5_kl10_t007-8840665/checkpoint-80	398573568
sweep-lr2e5_kl10_t007-8840665/checkpoint-90	398573568
sweep-400m_ck120k_seed2-8860472/checkpoint-29072	793190400
sweep-400m_ck120k_seed2-8860472/checkpoint-29000	793186304
sweep-400m_ck120k_seed2-8860472/checkpoint-20800	792997888
sweep-massb_hn4_seed1-8869110/checkpoint-3021	19120128
sweep-massb_hn4_seed1-8869110/checkpoint-3000	19120128
sweep-massb_hn4_seed1-8869110/checkpoint-2000	19111936
sweep-400m_ck430k_seed1-8861571/checkpoint-21000	793001984
sweep-400m_ck430k_seed1-8861571/checkpoint-29072	793190400
sweep-400m_ck430k_seed1-8861571/checkpoint-29000	793186304
sweep-lit_hn4_mse01_seed0-8865869/checkpoint-3021	16490496
sweep-lit_hn4_mse01_seed0-8865869/checkpoint-3000	16490496
sweep-lit_hn4_mse01_seed0-8865869/checkpoint-2000	16482304
validate-sweep-contrastive-scale-v2-8853327.aurora-pbs-0001.hostmgmt.cm.aurora.alcf.anl.gov/checkpoint-6	4746502144
sweep-s100m_ck330k_lr4e-4_p170k2_seed0-8880712/checkpoint-1593	1209688064
sweep-s100m_ck330k_lr4e-4_p170k2_seed0-8880712/checkpoint-1060	1209671680
sweep-s100m_ck330k_lr4e-4_p170k2_seed0-8880712/checkpoint-1590	1209688064
sweep-s100m_ck330k_lr4e-4_p170k2_seed0-8880712/checkpoint-795	1209659392
sweep-s100m_ck330k_lr4e-4_p170k2_seed0-8880712/checkpoint-1325	1209679872
sweep-s100m_ck330k_lr4e-4_p170k2_seed0-8880712/checkpoint-530	1209655296
sweep-s100m_ck330k_lr4e-4_p170k2_seed0-8880712/checkpoint-265	1209647104
validate-sweep-denoise-scratch-8842180.aurora-pbs-0001.hostmgmt.cm.aurora.alcf.anl.gov/checkpoint-70	100421632
validate-sweep-denoise-scratch-8842180.aurora-pbs-0001.hostmgmt.cm.aurora.alcf.anl.gov/checkpoint-72	100425728
validate-sweep-denoise-scratch-8842180.aurora-pbs-0001.hostmgmt.cm.aurora.alcf.anl.gov/checkpoint-50	100421632
sweep-lr2e5_kl0_t02-8840665/checkpoint-80	199294976
sweep-lr2e5_kl0_t02-8840665/checkpoint-90	199294976
sweep-s050m_ck540k_lr1.6e-3_seed1-8873825/checkpoint-1593	597958656
sweep-s050m_ck540k_lr1.6e-3_seed1-8873825/checkpoint-2124	597979136
sweep-s050m_ck540k_lr1.6e-3_seed1-8873825/checkpoint-3186	598011904
sweep-s050m_ck540k_lr1.6e-3_seed1-8873825/checkpoint-2655	597995520
sweep-s050m_ck540k_lr1.6e-3_seed1-8873825/checkpoint-531	597929984
sweep-s050m_ck540k_lr1.6e-3_seed1-8873825/checkpoint-1062	597942272
sweep-400m_ck220k_seed3-8850494/checkpoint-29072	793190400
sweep-400m_ck220k_seed3-8850494/checkpoint-29000	793186304
sweep-400m_ck220k_seed3-8850494/checkpoint-21200	793006080
sweep-s050m_ck540k_sigmoid_mass_seed0-8872141/checkpoint-3186	598011904
sweep-s200m_ck220k_lr1e4_kl10_t003_seed2-8856116/checkpoint-1347	2434523136
sweep-lit_hn4_mse01_seed0-8864663/checkpoint-3021	16490496
sweep-lit_hn4_mse01_seed0-8864663/checkpoint-3000	16490496
sweep-lit_hn4_mse01_seed0-8864663/checkpoint-2000	16482304
sweep-s050m_ck540k_supcon_random_seed0-8872141/checkpoint-3186	598011904
v2_align-ft-a1-align-100k-050m-c7s600-8861292/checkpoint-12081	16564224
v2_align-ft-a1-align-100k-050m-c7s600-8861292/checkpoint-11000	16556032
v2_align-ft-a1-align-100k-050m-c7s600-8861292/checkpoint-12000	16564224
validate-sweep-ckpt-denoise-8848815.aurora-pbs-0001.hostmgmt.cm.aurora.alcf.anl.gov/checkpoint-136	100433920
validate-sweep-ckpt-denoise-8848815.aurora-pbs-0001.hostmgmt.cm.aurora.alcf.anl.gov/checkpoint-130	100433920
validate-sweep-ckpt-denoise-8848815.aurora-pbs-0001.hostmgmt.cm.aurora.alcf.anl.gov/checkpoint-120	100429824
sweep-lit_hn4_mse0_seed1-8866828/checkpoint-3021	19120128
sweep-lit_hn4_mse0_seed1-8866828/checkpoint-3000	19120128
sweep-lit_hn4_mse0_seed1-8866828/checkpoint-2000	19111936
sweep-cont400m_ep01_seed0-8860469/checkpoint-11	4746502144
sweep-cont400m_ep01_seed0-8860469/checkpoint-10	4746502144
sweep-s050m_ck540k_cons_k4_seed1-8873850/checkpoint-705	597929984
sweep-s050m_ck540k_cons_k4_seed1-8873850/checkpoint-4554	598056960
sweep-s050m_ck540k_cons_k4_seed1-8873850/checkpoint-4230	598048768
sweep-s050m_ck540k_cons_k4_seed1-8873850/checkpoint-2820	597999616
sweep-s050m_ck540k_cons_k4_seed1-8873850/checkpoint-3525	598024192
sweep-s050m_ck540k_cons_k4_seed1-8873850/checkpoint-2115	597979136
sweep-s050m_ck540k_cons_k4_seed1-8873850/checkpoint-1410	597958656
sweep-400m_ck430k_seed2-8861571/checkpoint-29072	793190400
sweep-400m_ck430k_seed2-8861571/checkpoint-29000	793186304
sweep-400m_ck430k_seed2-8861571/checkpoint-20800	792997888
sweep-s050m_ck330k_besteval_seed0-8856159/checkpoint-1347	598020096
sweep-s050m_ck330k_besteval_seed0-8856159/checkpoint-800	597983232
sweep-s400m_ck540k_lr8e-4_p128k2_seed1-8878459/checkpoint-352	4746559488
sweep-s400m_ck540k_lr8e-4_p128k2_seed1-8878459/checkpoint-1760	4746604544
sweep-s400m_ck540k_lr8e-4_p128k2_seed1-8878459/checkpoint-1056	4746579968
sweep-s400m_ck540k_lr8e-4_p128k2_seed1-8878459/checkpoint-1408	4746592256
sweep-s400m_ck540k_lr8e-4_p128k2_seed1-8878459/checkpoint-2115	4746616832
sweep-s400m_ck540k_lr8e-4_p128k2_seed1-8878459/checkpoint-704	4746567680
sweep-s400m_ck540k_lr8e-4_p128k2_seed1-8878459/checkpoint-2112	4746616832
validate-sweep-contrastive-epochs-v2-8845858.aurora-pbs-0001.hostmgmt.cm.aurora.alcf.anl.gov/checkpoint-200	597909504
pf-arch-static/checkpoint-55000	573202432
pf-arch-static/checkpoint-56000	573210624
pf-arch-static/checkpoint-56250	573206528
sweep-s050m_ck330k_gcoff_seed5-8856115/checkpoint-1347	597950464
sweep-s050m_ck540k_supcon_mass_seed2-8872141/checkpoint-3186	598016000
sweep-200m_ck220k_seed2-8850494/checkpoint-29072	407588864
sweep-200m_ck220k_seed2-8850494/checkpoint-21400	407408640
sweep-200m_ck220k_seed2-8850494/checkpoint-29000	407584768
sweep-s050m_ck540k_sigmoid_random_seed0-8872141/checkpoint-3186	598016000
sweep-s200m_ck330k_lr1e4_kl10_t003_seed1-8856116/checkpoint-1347	2434523136
validate-sweep-contrastive-scale-v2-8847785.aurora-pbs-0001.hostmgmt.cm.aurora.alcf.anl.gov/checkpoint-6	3164364800
sweep-100m_ck120k_seed2-8856549/checkpoint-29072	203202560
sweep-100m_ck120k_seed2-8856549/checkpoint-29000	203202560
sweep-100m_ck120k_seed2-8856549/checkpoint-20800	203010048
sweep-s050m_ck540k_sigmoid_random_seed2-8872141/checkpoint-3186	598011904
sweep-lit_hn0_mse01_seed1-8864663/checkpoint-3021	16490496
sweep-lit_hn0_mse01_seed1-8864663/checkpoint-3000	16490496
sweep-lit_hn0_mse01_seed1-8864663/checkpoint-2000	16482304
sweep-s025m_ck540k_lr2e-4_p128k2_seed2-8878461/checkpoint-352	307585024
sweep-s025m_ck540k_lr2e-4_p128k2_seed2-8878461/checkpoint-1760	307630080
sweep-s025m_ck540k_lr2e-4_p128k2_seed2-8878461/checkpoint-1056	307605504
sweep-s025m_ck540k_lr2e-4_p128k2_seed2-8878461/checkpoint-1408	307617792
sweep-s025m_ck540k_lr2e-4_p128k2_seed2-8878461/checkpoint-2115	307638272
sweep-s025m_ck540k_lr2e-4_p128k2_seed2-8878461/checkpoint-704	307589120
sweep-s025m_ck540k_lr2e-4_p128k2_seed2-8878461/checkpoint-2112	307638272
sweep-s200m_ck220k_lr1e4_kl100_t003_seed1-8856116/checkpoint-1347	2434523136
sweep-s050m_ck540k_supcon_within50_seed2-8873159/checkpoint-1593	597958656
sweep-s050m_ck540k_supcon_within50_seed2-8873159/checkpoint-2124	597979136
sweep-s050m_ck540k_supcon_within50_seed2-8873159/checkpoint-3186	598011904
sweep-s050m_ck540k_supcon_within50_seed2-8873159/checkpoint-2655	597995520
sweep-s050m_ck540k_supcon_within50_seed2-8873159/checkpoint-531	597925888
sweep-s050m_ck540k_supcon_within50_seed2-8873159/checkpoint-1062	597946368
sweep-s200m_ck430k_lr4e-4_p170k2_seed2-8880712/checkpoint-1593	2434588672
sweep-s200m_ck430k_lr4e-4_p170k2_seed2-8880712/checkpoint-1060	2434572288
sweep-s200m_ck430k_lr4e-4_p170k2_seed2-8880712/checkpoint-1590	2434588672
sweep-s200m_ck430k_lr4e-4_p170k2_seed2-8880712/checkpoint-795	2434564096
sweep-s200m_ck430k_lr4e-4_p170k2_seed2-8880712/checkpoint-1325	2434580480
sweep-s200m_ck430k_lr4e-4_p170k2_seed2-8880712/checkpoint-530	2434555904
sweep-s200m_ck430k_lr4e-4_p170k2_seed2-8880712/checkpoint-265	2434547712
sweep-pool_seed0-8863044/checkpoint-12081	16564224
sweep-pool_seed0-8863044/checkpoint-11000	16556032
sweep-pool_seed0-8863044/checkpoint-12000	16564224
sweep-s200m_ck192k_lr4e-4_p170k2_seed0-8880712/checkpoint-1593	2434588672
sweep-s200m_ck192k_lr4e-4_p170k2_seed0-8880712/checkpoint-1060	2434572288
sweep-s200m_ck192k_lr4e-4_p170k2_seed0-8880712/checkpoint-1590	2434588672
sweep-s200m_ck192k_lr4e-4_p170k2_seed0-8880712/checkpoint-795	2434564096
sweep-s200m_ck192k_lr4e-4_p170k2_seed0-8880712/checkpoint-1325	2434580480
sweep-s200m_ck192k_lr4e-4_p170k2_seed0-8880712/checkpoint-530	2434555904
sweep-s200m_ck192k_lr4e-4_p170k2_seed0-8880712/checkpoint-265	2434547712
sweep-s200m_ck010k_lr4e-4_p170k2_seed1-8880712/checkpoint-1593	2434588672
sweep-s200m_ck010k_lr4e-4_p170k2_seed1-8880712/checkpoint-1060	2434572288
sweep-s200m_ck010k_lr4e-4_p170k2_seed1-8880712/checkpoint-1590	2434588672
sweep-s200m_ck010k_lr4e-4_p170k2_seed1-8880712/checkpoint-795	2434564096
sweep-s200m_ck010k_lr4e-4_p170k2_seed1-8880712/checkpoint-1325	2434580480
sweep-s200m_ck010k_lr4e-4_p170k2_seed1-8880712/checkpoint-530	2434555904
sweep-s200m_ck010k_lr4e-4_p170k2_seed1-8880712/checkpoint-265	2434547712
sweep-200m_ck010k_seed3-8860472/checkpoint-29072	407588864
sweep-200m_ck010k_seed3-8860472/checkpoint-29000	407580672
sweep-200m_ck010k_seed3-8860472/checkpoint-28800	407580672
sweep-s200m_ck540k_lr8e-4_p128k2_seed0-8875261/checkpoint-352	2434494464
sweep-s200m_ck540k_lr8e-4_p128k2_seed0-8875261/checkpoint-1760	2434539520
sweep-s200m_ck540k_lr8e-4_p128k2_seed0-8875261/checkpoint-1056	2434514944
sweep-s200m_ck540k_lr8e-4_p128k2_seed0-8875261/checkpoint-1408	2434527232
sweep-s200m_ck540k_lr8e-4_p128k2_seed0-8875261/checkpoint-2115	2434551808
sweep-s200m_ck540k_lr8e-4_p128k2_seed0-8875261/checkpoint-704	2434502656
sweep-s200m_ck540k_lr8e-4_p128k2_seed0-8875261/checkpoint-2112	2434551808
sweep-s200m_ck220k_lr1e4_kl100_t007_seed1-8856116/checkpoint-1347	2434523136
sweep-s400m_ck540k_lr4e-4_p128k2_seed0-8878459/checkpoint-352	4746559488
sweep-s400m_ck540k_lr4e-4_p128k2_seed0-8878459/checkpoint-1760	4746604544
sweep-s400m_ck540k_lr4e-4_p128k2_seed0-8878459/checkpoint-1056	4746579968
sweep-s400m_ck540k_lr4e-4_p128k2_seed0-8878459/checkpoint-1408	4746592256
sweep-s400m_ck540k_lr4e-4_p128k2_seed0-8878459/checkpoint-2115	4746616832
sweep-s400m_ck540k_lr4e-4_p128k2_seed0-8878459/checkpoint-704	4746567680
sweep-s400m_ck540k_lr4e-4_p128k2_seed0-8878459/checkpoint-2112	4746616832
sweep-s100m_ck540k_lr8e-4_p128k2_seed2-8875262/checkpoint-352	1209593856
sweep-s100m_ck540k_lr8e-4_p128k2_seed2-8875262/checkpoint-1760	1209638912
sweep-s100m_ck540k_lr8e-4_p128k2_seed2-8875262/checkpoint-1056	1209614336
sweep-s100m_ck540k_lr8e-4_p128k2_seed2-8875262/checkpoint-1408	1209626624
sweep-s100m_ck540k_lr8e-4_p128k2_seed2-8875262/checkpoint-2115	1209651200
sweep-s100m_ck540k_lr8e-4_p128k2_seed2-8875262/checkpoint-704	1209602048
sweep-s100m_ck540k_lr8e-4_p128k2_seed2-8875262/checkpoint-2112	1209651200
sweep-400m_ck330k_seed3-8861571/checkpoint-29072	793190400
sweep-400m_ck330k_seed3-8861571/checkpoint-21800	793018368
sweep-400m_ck330k_seed3-8861571/checkpoint-29000	793186304
sweep-lit_hn0_mse01_seed2-8865869/checkpoint-3021	16490496
sweep-lit_hn0_mse01_seed2-8865869/checkpoint-3000	16490496
sweep-lit_hn0_mse01_seed2-8865869/checkpoint-2000	16482304
sweep-s200m_ck330k_besteval_seed0-8856159/checkpoint-1347	2434592768
sweep-s200m_ck330k_besteval_seed0-8856159/checkpoint-1200	2434584576
sweep-s200m_ck010k_lr4e-4_p170k2_seed2-8880712/checkpoint-1593	2434588672
sweep-s200m_ck010k_lr4e-4_p170k2_seed2-8880712/checkpoint-1060	2434572288
sweep-s200m_ck010k_lr4e-4_p170k2_seed2-8880712/checkpoint-1590	2434588672
sweep-s200m_ck010k_lr4e-4_p170k2_seed2-8880712/checkpoint-795	2434564096
sweep-s200m_ck010k_lr4e-4_p170k2_seed2-8880712/checkpoint-1325	2434580480
sweep-s200m_ck010k_lr4e-4_p170k2_seed2-8880712/checkpoint-530	2434555904
sweep-s200m_ck010k_lr4e-4_p170k2_seed2-8880712/checkpoint-265	2434547712
sweep-400m_ck120k_seed3-8860472/checkpoint-29072	793190400
sweep-400m_ck120k_seed3-8860472/checkpoint-21800	793018368
sweep-400m_ck120k_seed3-8860472/checkpoint-29000	793186304
sweep-massb_seed2-8869110/checkpoint-3021	19120128
sweep-massb_seed2-8869110/checkpoint-3000	19120128
sweep-massb_seed2-8869110/checkpoint-2000	19111936
sweep-s050m_ck540k_p128k2-8872806/checkpoint-352	597917696
sweep-s050m_ck540k_p128k2-8872806/checkpoint-1760	597970944
sweep-s050m_ck540k_p128k2-8872806/checkpoint-1056	597942272
sweep-s050m_ck540k_p128k2-8872806/checkpoint-1408	597954560
sweep-s050m_ck540k_p128k2-8872806/checkpoint-2115	597983232
sweep-s050m_ck540k_p128k2-8872806/checkpoint-704	597929984
sweep-s050m_ck540k_p128k2-8872806/checkpoint-2112	597983232
validate-sweep-pairloss-hp-8847617.aurora-pbs-0001.hostmgmt.cm.aurora.alcf.anl.gov/checkpoint-129	597913600
validate-sweep-pairloss-hp-8847617.aurora-pbs-0001.hostmgmt.cm.aurora.alcf.anl.gov/checkpoint-120	597913600
sweep-s050m_ck540k_sigmoid_mass_seed1-8872141/checkpoint-3186	598016000
sweep-s100m_ck220k_lr4e-4_p170k2_seed2-8880712/checkpoint-1593	1209688064
sweep-s100m_ck220k_lr4e-4_p170k2_seed2-8880712/checkpoint-1060	1209671680
sweep-s100m_ck220k_lr4e-4_p170k2_seed2-8880712/checkpoint-1590	1209688064
sweep-s100m_ck220k_lr4e-4_p170k2_seed2-8880712/checkpoint-795	1209663488
sweep-s100m_ck220k_lr4e-4_p170k2_seed2-8880712/checkpoint-1325	1209679872
sweep-s100m_ck220k_lr4e-4_p170k2_seed2-8880712/checkpoint-530	1209655296
sweep-s100m_ck220k_lr4e-4_p170k2_seed2-8880712/checkpoint-265	1209647104
sweep-s200m_ck220k_lr1e4_kl100_t003_seed0-8856116/checkpoint-1347	2434523136
sweep-s100m_ck540k_lr4e-4_p170k2_cons_seed0-8882196/checkpoint-1060	1209667584
sweep-s100m_ck540k_lr4e-4_p170k2_cons_seed0-8882196/checkpoint-1590	1209688064
sweep-s100m_ck540k_lr4e-4_p170k2_cons_seed0-8882196/checkpoint-795	1209663488
sweep-s100m_ck540k_lr4e-4_p170k2_cons_seed0-8882196/checkpoint-1325	1209679872
sweep-s100m_ck540k_lr4e-4_p170k2_cons_seed0-8882196/checkpoint-530	1209655296
sweep-s100m_ck540k_lr4e-4_p170k2_cons_seed0-8882196/checkpoint-265	1209647104
sweep-s100m_ck540k_lr4e-4_p170k2_cons_seed0-8882196/checkpoint-1713	1209692160
sweep-s050m_ck540k_supcon_regions50_seed0-8873563/checkpoint-1593	597954560
sweep-s050m_ck540k_supcon_regions50_seed0-8873563/checkpoint-2124	597979136
sweep-s050m_ck540k_supcon_regions50_seed0-8873563/checkpoint-3186	598016000
sweep-s050m_ck540k_supcon_regions50_seed0-8873563/checkpoint-2655	597999616
sweep-s050m_ck540k_supcon_regions50_seed0-8873563/checkpoint-531	597925888
sweep-s050m_ck540k_supcon_regions50_seed0-8873563/checkpoint-1062	597942272
sweep-s400m_ck540k_lr2e-4_p128k2_seed0-8878459/checkpoint-352	4746559488
sweep-s400m_ck540k_lr2e-4_p128k2_seed0-8878459/checkpoint-1760	4746604544
sweep-s400m_ck540k_lr2e-4_p128k2_seed0-8878459/checkpoint-1056	4746579968
sweep-s400m_ck540k_lr2e-4_p128k2_seed0-8878459/checkpoint-1408	4746592256
sweep-s400m_ck540k_lr2e-4_p128k2_seed0-8878459/checkpoint-2115	4746616832
sweep-s400m_ck540k_lr2e-4_p128k2_seed0-8878459/checkpoint-704	4746567680
sweep-s400m_ck540k_lr2e-4_p128k2_seed0-8878459/checkpoint-2112	4746616832
sweep-s050m_ck220k_lr1e4_kl100_t003_seed0-8856116/checkpoint-1347	597950464
validate-sweep-ckpt-denoise-ends-8856535.aurora-pbs-0001.hostmgmt.cm.aurora.alcf.anl.gov/checkpoint-136	100433920
validate-sweep-ckpt-denoise-ends-8856535.aurora-pbs-0001.hostmgmt.cm.aurora.alcf.anl.gov/checkpoint-130	100433920
validate-sweep-ckpt-denoise-ends-8856535.aurora-pbs-0001.hostmgmt.cm.aurora.alcf.anl.gov/checkpoint-120	100429824
sweep-200m_ck220k_seed3-8850494/checkpoint-29072	407588864
sweep-200m_ck220k_seed3-8850494/checkpoint-21800	407416832
sweep-200m_ck220k_seed3-8850494/checkpoint-29000	407584768
sweep-s025m_ck540k_lr2e-4_p128k2_seed1-8878461/checkpoint-352	307580928
sweep-s025m_ck540k_lr2e-4_p128k2_seed1-8878461/checkpoint-1760	307630080
sweep-s025m_ck540k_lr2e-4_p128k2_seed1-8878461/checkpoint-1056	307605504
sweep-s025m_ck540k_lr2e-4_p128k2_seed1-8878461/checkpoint-1408	307617792
sweep-s025m_ck540k_lr2e-4_p128k2_seed1-8878461/checkpoint-2115	307638272
sweep-s025m_ck540k_lr2e-4_p128k2_seed1-8878461/checkpoint-704	307589120
sweep-s025m_ck540k_lr2e-4_p128k2_seed1-8878461/checkpoint-2112	307638272
sweep-s200m_ck540k_lr2e-4_p128k2_seed0-8875261/checkpoint-352	2434494464
sweep-s200m_ck540k_lr2e-4_p128k2_seed0-8875261/checkpoint-1760	2434539520
sweep-s200m_ck540k_lr2e-4_p128k2_seed0-8875261/checkpoint-1056	2434514944
sweep-s200m_ck540k_lr2e-4_p128k2_seed0-8875261/checkpoint-1408	2434527232
sweep-s200m_ck540k_lr2e-4_p128k2_seed0-8875261/checkpoint-2115	2434551808
sweep-s200m_ck540k_lr2e-4_p128k2_seed0-8875261/checkpoint-704	2434502656
sweep-s200m_ck540k_lr2e-4_p128k2_seed0-8875261/checkpoint-2112	2434551808
pf-arch-transition-wb/checkpoint-55000	580341760
pf-arch-transition-wb/checkpoint-56000	580345856
pf-arch-transition-wb/checkpoint-56250	580341760
validate-sweep-conhp-seeds-8853559.aurora-pbs-0001.hostmgmt.cm.aurora.alcf.anl.gov/checkpoint-6	4746502144
sweep-s200m_ck330k_besteval_seed2-8856159/checkpoint-1347	2434592768
sweep-s200m_ck330k_besteval_seed2-8856159/checkpoint-800	2434551808
v2_align-ft-a1-align-100k-050m-c7s600-8861093/checkpoint-12081	16564224
v2_align-ft-a1-align-100k-050m-c7s600-8861093/checkpoint-11000	16556032
v2_align-ft-a1-align-100k-050m-c7s600-8861093/checkpoint-12000	16564224
sweep-s100m_ck220k_lr4e-4_p170k2_seed1-8880712/checkpoint-1593	1209688064
sweep-s100m_ck220k_lr4e-4_p170k2_seed1-8880712/checkpoint-1060	1209671680
sweep-s100m_ck220k_lr4e-4_p170k2_seed1-8880712/checkpoint-1590	1209688064
sweep-s100m_ck220k_lr4e-4_p170k2_seed1-8880712/checkpoint-795	1209663488
sweep-s100m_ck220k_lr4e-4_p170k2_seed1-8880712/checkpoint-1325	1209679872
sweep-s100m_ck220k_lr4e-4_p170k2_seed1-8880712/checkpoint-530	1209655296
sweep-s100m_ck220k_lr4e-4_p170k2_seed1-8880712/checkpoint-265	1209647104
sweep-lr2e5_kl10_t02-8840665/checkpoint-80	398573568
sweep-lr2e5_kl10_t02-8840665/checkpoint-90	398573568
sweep-s200m_ck220k_lr1e4_kl10_t007_seed2-8856116/checkpoint-1347	2434523136
sweep-s200m_ck540k_lr8e-4_p128k2_seed1-8875261/checkpoint-352	2434494464
sweep-s200m_ck540k_lr8e-4_p128k2_seed1-8875261/checkpoint-1760	2434539520
sweep-s200m_ck540k_lr8e-4_p128k2_seed1-8875261/checkpoint-1056	2434514944
sweep-s200m_ck540k_lr8e-4_p128k2_seed1-8875261/checkpoint-1408	2434527232
sweep-s200m_ck540k_lr8e-4_p128k2_seed1-8875261/checkpoint-2115	2434551808
sweep-s200m_ck540k_lr8e-4_p128k2_seed1-8875261/checkpoint-704	2434502656
sweep-s200m_ck540k_lr8e-4_p128k2_seed1-8875261/checkpoint-2112	2434551808
pf-arch-transition/checkpoint-55000	576217088
pf-arch-transition/checkpoint-56000	576225280
pf-arch-transition/checkpoint-56250	576221184
sweep-100m_ck220k_seed1-8850494/checkpoint-29072	203206656
sweep-100m_ck220k_seed1-8850494/checkpoint-21800	203034624
sweep-100m_ck220k_seed1-8850494/checkpoint-29000	203202560
sweep-50m_ep16_seed2-8847663/checkpoint-116200	103108608
sweep-50m_ep16_seed2-8847663/checkpoint-116288	103108608
sweep-50m_ep16_seed2-8847663/checkpoint-115200	103084032
sweep-s025m_ck540k_lr4e-4_p170k2_cons_seed1-8882196/checkpoint-1060	307613696
sweep-s025m_ck540k_lr4e-4_p170k2_cons_seed1-8882196/checkpoint-1590	307634176
sweep-s025m_ck540k_lr4e-4_p170k2_cons_seed1-8882196/checkpoint-795	307609600
sweep-s025m_ck540k_lr4e-4_p170k2_cons_seed1-8882196/checkpoint-1325	307621888
sweep-s025m_ck540k_lr4e-4_p170k2_cons_seed1-8882196/checkpoint-530	307601408
sweep-s025m_ck540k_lr4e-4_p170k2_cons_seed1-8882196/checkpoint-265	307593216
sweep-s025m_ck540k_lr4e-4_p170k2_cons_seed1-8882196/checkpoint-1713	307638272
sweep-s050m_ck540k_t0.005-8872806/checkpoint-1593	597958656
sweep-s050m_ck540k_t0.005-8872806/checkpoint-2124	597979136
sweep-s050m_ck540k_t0.005-8872806/checkpoint-3186	598016000
sweep-s050m_ck540k_t0.005-8872806/checkpoint-2655	597995520
sweep-s050m_ck540k_t0.005-8872806/checkpoint-531	597925888
sweep-s050m_ck540k_t0.005-8872806/checkpoint-1062	597938176
v2_r1-align-050m-1tile-8857719/checkpoint-28630	16715776
v2_r1-align-050m-1tile-8857719/checkpoint-25400	16687104
v2_r1-align-050m-1tile-8857719/checkpoint-28600	16715776
sweep-s200m_ck330k_lr1e4_kl100_t003_seed0-8856116/checkpoint-1347	2434523136
sweep-s050m_ck220k_lr1e4_kl10_t007_seed1-8856116/checkpoint-1347	597950464
sweep-s400m_ck540k_lr2e-4_p128k2_seed2-8878459/checkpoint-352	4746559488
sweep-s400m_ck540k_lr2e-4_p128k2_seed2-8878459/checkpoint-1760	4746604544
sweep-s400m_ck540k_lr2e-4_p128k2_seed2-8878459/checkpoint-1056	4746579968
sweep-s400m_ck540k_lr2e-4_p128k2_seed2-8878459/checkpoint-1408	4746592256
sweep-s400m_ck540k_lr2e-4_p128k2_seed2-8878459/checkpoint-2115	4746616832
sweep-s400m_ck540k_lr2e-4_p128k2_seed2-8878459/checkpoint-704	4746567680
sweep-s400m_ck540k_lr2e-4_p128k2_seed2-8878459/checkpoint-2112	4746616832
sweep-s200m_ck120k_lr4e-4_p170k2_seed1-8880712/checkpoint-1593	2434588672
sweep-s200m_ck120k_lr4e-4_p170k2_seed1-8880712/checkpoint-1060	2434572288
sweep-s200m_ck120k_lr4e-4_p170k2_seed1-8880712/checkpoint-1590	2434588672
sweep-s200m_ck120k_lr4e-4_p170k2_seed1-8880712/checkpoint-795	2434564096
sweep-s200m_ck120k_lr4e-4_p170k2_seed1-8880712/checkpoint-1325	2434580480
sweep-s200m_ck120k_lr4e-4_p170k2_seed1-8880712/checkpoint-530	2434555904
sweep-s200m_ck120k_lr4e-4_p170k2_seed1-8880712/checkpoint-265	2434547712
sweep-s100m_ck540k_lr4e-4_p170k2_seed1-8875262/checkpoint-1593	1209630720
sweep-s100m_ck540k_lr4e-4_p170k2_seed1-8875262/checkpoint-1060	1209614336
sweep-s100m_ck540k_lr4e-4_p170k2_seed1-8875262/checkpoint-1590	1209626624
sweep-s100m_ck540k_lr4e-4_p170k2_seed1-8875262/checkpoint-795	1209606144
sweep-s100m_ck540k_lr4e-4_p170k2_seed1-8875262/checkpoint-1325	1209622528
sweep-s100m_ck540k_lr4e-4_p170k2_seed1-8875262/checkpoint-530	1209597952
sweep-s100m_ck540k_lr4e-4_p170k2_seed1-8875262/checkpoint-265	1209589760
sweep-s050m_ck540k_supcon_random_seed1-8872141/checkpoint-3186	598011904
v2_contrastive-50m-b8-8840651/checkpoint-75	398573568
v2_contrastive-50m-b8-8840651/checkpoint-90	398573568
v2_align-ft-a1-align-100k-050m-c7s600-8861309/checkpoint-12081	16564224
v2_align-ft-a1-align-100k-050m-c7s600-8861309/checkpoint-11000	16556032
v2_align-ft-a1-align-100k-050m-c7s600-8861309/checkpoint-12000	16564224
sweep-s200m_ck330k_besteval_seed5-8856159/checkpoint-1347	2434592768
sweep-s200m_ck330k_besteval_seed5-8856159/checkpoint-1200	2434584576
sweep-lit_hn0_mse0_seed0-8865869/checkpoint-3021	16490496
sweep-lit_hn0_mse0_seed0-8865869/checkpoint-3000	16490496
sweep-lit_hn0_mse0_seed0-8865869/checkpoint-2000	16482304
sweep-s050m_ck220k_lr1e4_kl100_t007_seed0-8856116/checkpoint-1347	597950464
sweep-lit_hn0_mse0_seed2-8865869/checkpoint-3021	16490496
sweep-lit_hn0_mse0_seed2-8865869/checkpoint-3000	16490496
sweep-lit_hn0_mse0_seed2-8865869/checkpoint-2000	16482304
sweep-200m_ck540k_seed3-8860472/checkpoint-29072	407588864
sweep-200m_ck540k_seed3-8860472/checkpoint-21800	407416832
sweep-200m_ck540k_seed3-8860472/checkpoint-29000	407580672
sweep-s100m_ck540k_lr2e-4_p128k2_seed1-8875262/checkpoint-352	1209589760
sweep-s100m_ck540k_lr2e-4_p128k2_seed1-8875262/checkpoint-1760	1209638912
sweep-s100m_ck540k_lr2e-4_p128k2_seed1-8875262/checkpoint-1056	1209614336
sweep-s100m_ck540k_lr2e-4_p128k2_seed1-8875262/checkpoint-1408	1209622528
sweep-s100m_ck540k_lr2e-4_p128k2_seed1-8875262/checkpoint-2115	1209651200
sweep-s100m_ck540k_lr2e-4_p128k2_seed1-8875262/checkpoint-704	1209602048
sweep-s100m_ck540k_lr2e-4_p128k2_seed1-8875262/checkpoint-2112	1209651200
sweep-lit_hn4_mse0_seed0-8866828/checkpoint-3021	19120128
sweep-lit_hn4_mse0_seed0-8866828/checkpoint-3000	19120128
sweep-lit_hn4_mse0_seed0-8866828/checkpoint-2000	19111936
sweep-cont050m_ep01_seed1-8860522/checkpoint-1062	597942272
sweep-s050m_ck330k_lr1e4_kl100_t007_seed1-8856116/checkpoint-1347	597950464
sweep-s025m_ck540k_lr4e-4_p128k2_seed2-8878461/checkpoint-352	307580928
sweep-s025m_ck540k_lr4e-4_p128k2_seed2-8878461/checkpoint-1760	307630080
sweep-s025m_ck540k_lr4e-4_p128k2_seed2-8878461/checkpoint-1056	307601408
sweep-s025m_ck540k_lr4e-4_p128k2_seed2-8878461/checkpoint-1408	307617792
sweep-s025m_ck540k_lr4e-4_p128k2_seed2-8878461/checkpoint-2115	307638272
sweep-s025m_ck540k_lr4e-4_p128k2_seed2-8878461/checkpoint-704	307593216
sweep-s025m_ck540k_lr4e-4_p128k2_seed2-8878461/checkpoint-2112	307642368
sweep-s400m_ck540k_lr4e-4_p170k2_cons_seed1-8882196/checkpoint-1060	4746592256
sweep-s400m_ck540k_lr4e-4_p170k2_cons_seed1-8882196/checkpoint-1590	4746608640
sweep-s400m_ck540k_lr4e-4_p170k2_cons_seed1-8882196/checkpoint-795	4746584064
sweep-s400m_ck540k_lr4e-4_p170k2_cons_seed1-8882196/checkpoint-1325	4746600448
sweep-s400m_ck540k_lr4e-4_p170k2_cons_seed1-8882196/checkpoint-530	4746575872
sweep-s400m_ck540k_lr4e-4_p170k2_cons_seed1-8882196/checkpoint-265	4746567680
sweep-s400m_ck540k_lr4e-4_p170k2_cons_seed1-8882196/checkpoint-1713	4746612736
sweep-s050m_ck540k_lr4e-4_kl1_seed1-8873825/checkpoint-1593	597962752
sweep-s050m_ck540k_lr4e-4_kl1_seed1-8873825/checkpoint-2124	597979136
sweep-s050m_ck540k_lr4e-4_kl1_seed1-8873825/checkpoint-3186	598011904
sweep-s050m_ck540k_lr4e-4_kl1_seed1-8873825/checkpoint-2655	597995520
sweep-s050m_ck540k_lr4e-4_kl1_seed1-8873825/checkpoint-531	597925888
sweep-s050m_ck540k_lr4e-4_kl1_seed1-8873825/checkpoint-1062	597942272
sweep-s050m_ck540k_lr4e-4_p170k2_seed1-8878464/checkpoint-1593	598003712
sweep-s050m_ck540k_lr4e-4_p170k2_seed1-8878464/checkpoint-1060	597987328
sweep-s050m_ck540k_lr4e-4_p170k2_seed1-8878464/checkpoint-1590	598003712
sweep-s050m_ck540k_lr4e-4_p170k2_seed1-8878464/checkpoint-795	597983232
sweep-s050m_ck540k_lr4e-4_p170k2_seed1-8878464/checkpoint-1325	597995520
sweep-s050m_ck540k_lr4e-4_p170k2_seed1-8878464/checkpoint-530	597970944
sweep-s050m_ck540k_lr4e-4_p170k2_seed1-8878464/checkpoint-265	597962752
sweep-s050m_ck330k_lr1e4_kl100_t007_seed2-8856116/checkpoint-1347	597950464
validate-sweep-contrastive-scale-8844329.aurora-pbs-0001.hostmgmt.cm.aurora.alcf.anl.gov/checkpoint-6	4746502144
sweep-s050m_ck220k_lr1e4_kl100_t007_seed2-8856116/checkpoint-1347	597954560
denoise-ft-100m-8839881/checkpoint-1500	403656704
denoise-ft-100m-8839881/checkpoint-2018	403656704
denoise-ft-100m-8839881/checkpoint-2000	403656704
sweep-s200m_ck120k_lr4e-4_p170k2_seed2-8880712/checkpoint-1593	2434588672
sweep-s200m_ck120k_lr4e-4_p170k2_seed2-8880712/checkpoint-1060	2434572288
sweep-s200m_ck120k_lr4e-4_p170k2_seed2-8880712/checkpoint-1590	2434588672
sweep-s200m_ck120k_lr4e-4_p170k2_seed2-8880712/checkpoint-795	2434564096
sweep-s200m_ck120k_lr4e-4_p170k2_seed2-8880712/checkpoint-1325	2434580480
sweep-s200m_ck120k_lr4e-4_p170k2_seed2-8880712/checkpoint-530	2434555904
sweep-s200m_ck120k_lr4e-4_p170k2_seed2-8880712/checkpoint-265	2434547712
sweep-pool_seed2-8863044/checkpoint-12081	16564224
sweep-pool_seed2-8863044/checkpoint-11000	16556032
sweep-pool_seed2-8863044/checkpoint-12000	16564224
sweep-lr1e4_kl10_t02-8840665/checkpoint-80	398573568
sweep-lr1e4_kl10_t02-8840665/checkpoint-90	398573568
sweep-100m_ck330k_seed2-8850494/checkpoint-29072	203206656
sweep-100m_ck330k_seed2-8850494/checkpoint-21400	203022336
sweep-100m_ck330k_seed2-8850494/checkpoint-29000	203202560
