run	job	total_GiB	ckpt_GiB	n_ckpt	opt_GiB	encoder_GiB	has_final	final_GiB	newest
p2	-	37.05	0.00	0	0.00	0.00	N	0.00	2026-10-02
sweep-s400m_ck540k_lr4e-4_p128k2_seed2-8878459	8878459	32.42	30.94	7	0.00	10.32	Y	1.47	2026-09-30
sweep-s400m_ck540k_lr4e-4_p128k2_seed1-8878459	8878459	32.42	30.94	7	0.00	10.32	Y	1.47	2026-09-30
sweep-s400m_ck540k_lr2e-4_p128k2_seed0-8878459	8878459	32.42	30.94	7	0.00	10.32	Y	1.47	2026-09-30
sweep-s400m_ck540k_lr2e-4_p128k2_seed1-8878459	8878459	32.42	30.94	7	0.00	10.32	Y	1.47	2026-09-30
sweep-s400m_ck540k_lr8e-4_p128k2_seed0-8878459	8878459	32.42	30.94	7	0.00	10.32	Y	1.47	2026-09-30
sweep-s400m_ck540k_lr2e-4_p128k2_seed2-8878459	8878459	32.42	30.94	7	0.00	10.32	Y	1.47	2026-09-30
sweep-s400m_ck540k_lr8e-4_p128k2_seed2-8878459	8878459	32.42	30.94	7	0.00	10.32	Y	1.47	2026-09-30
sweep-s400m_ck540k_lr8e-4_p128k2_seed1-8878459	8878459	32.42	30.94	7	0.00	10.32	Y	1.47	2026-09-30
sweep-s400m_ck540k_lr4e-4_p128k2_seed0-8878459	8878459	32.42	30.94	7	0.00	10.32	Y	1.47	2026-09-30
sweep-s400m_ck540k_lr4e-4_p170k2_cons_seed1-8882196	8882196	32.42	30.94	7	0.00	10.32	Y	1.47	2026-10-01
sweep-s400m_ck540k_lr4e-4_p170k2_cons_seed2-8882196	8882196	32.42	30.94	7	0.00	10.32	Y	1.47	2026-10-01
sweep-s400m_ck540k_lr4e-4_p170k2_cons_seed0-8882196	8882196	32.42	30.94	7	0.00	10.32	Y	1.47	2026-10-01
sweep-s400m_ck540k_lr4e-4_p170k2_seed0-8878459	8878459	32.42	30.94	7	0.00	10.32	Y	1.47	2026-09-30
sweep-s400m_ck540k_lr4e-4_p170k2_seed1-8878459	8878459	32.42	30.94	7	0.00	10.32	Y	1.47	2026-09-30
sweep-s400m_ck540k_lr4e-4_p170k2_seed2-8878459	8878459	32.42	30.94	7	0.00	10.32	Y	1.47	2026-09-30
sweep-cont400m_ep01_seed2-8860522	8860522	19.16	17.68	4	0.00	5.89	Y	1.47	2026-09-24
sweep-cont400m_ep01_seed1-8860522	8860522	19.16	17.68	4	0.00	5.89	Y	1.47	2026-09-24
sweep-cont400m_ep01_seed0-8860522	8860522	19.16	17.68	4	0.00	5.89	Y	1.47	2026-09-24
armcount	-	18.14	0.00	0	0.00	0.00	N	0.00	2026-09-21
sweep-s400m_ck181k_lr4e-4_p170k2_seed0-8880712	8880712	17.68	17.68	4	0.00	5.89	N	0.00	2026-09-30
sweep-s400m_ck120k_lr4e-4_p170k2_seed2-8880712	8880712	17.68	17.68	4	0.00	5.89	N	0.00	2026-09-30
sweep-s400m_ck220k_lr4e-4_p170k2_seed2-8880712	8880712	17.68	17.68	4	0.00	5.89	N	0.00	2026-09-30
sweep-s400m_ck181k_lr4e-4_p170k2_seed2-8880712	8880712	17.68	17.68	4	0.00	5.89	N	0.00	2026-09-30
sweep-s400m_ck430k_lr4e-4_p170k2_seed1-8880712	8880712	17.68	17.68	4	0.00	5.89	N	0.00	2026-09-30
sweep-s400m_ck010k_lr4e-4_p170k2_seed1-8880712	8880712	17.68	17.68	4	0.00	5.89	N	0.00	2026-09-30
sweep-s400m_ck430k_lr4e-4_p170k2_seed0-8880712	8880712	17.68	17.68	4	0.00	5.89	N	0.00	2026-09-30
sweep-s400m_ck255k_lr4e-4_p170k2_seed2-8880712	8880712	17.68	17.68	4	0.00	5.89	N	0.00	2026-09-30
sweep-s400m_ck330k_lr4e-4_p170k2_seed1-8880712	8880712	17.68	17.68	4	0.00	5.89	N	0.00	2026-09-30
sweep-s400m_ck220k_lr4e-4_p170k2_seed1-8880712	8880712	17.68	17.68	4	0.00	5.89	N	0.00	2026-09-30
sweep-s400m_ck255k_lr4e-4_p170k2_seed1-8880712	8880712	17.68	17.68	4	0.00	5.89	N	0.00	2026-09-30
sweep-s400m_ck010k_lr4e-4_p170k2_seed2-8880712	8880712	17.68	17.68	4	0.00	5.89	N	0.00	2026-09-30
sweep-s400m_ck010k_lr4e-4_p170k2_seed0-8880712	8880712	17.68	17.68	4	0.00	5.89	N	0.00	2026-09-30
sweep-s400m_ck330k_lr4e-4_p170k2_seed0-8880712	8880712	17.68	17.68	4	0.00	5.89	N	0.00	2026-09-30
sweep-s400m_ck181k_lr4e-4_p170k2_seed1-8880712	8880712	17.68	17.68	4	0.00	5.89	N	0.00	2026-09-30
sweep-s400m_ck120k_lr4e-4_p170k2_seed1-8880712	8880712	17.68	17.68	4	0.00	5.89	N	0.00	2026-09-30
sweep-s400m_ck255k_lr4e-4_p170k2_seed0-8880712	8880712	17.68	17.68	4	0.00	5.89	N	0.00	2026-09-30
sweep-s400m_ck120k_lr4e-4_p170k2_seed0-8880712	8880712	17.68	17.68	4	0.00	5.89	N	0.00	2026-09-30
sweep-s400m_ck430k_lr4e-4_p170k2_seed2-8880712	8880712	17.68	17.68	4	0.00	5.89	N	0.00	2026-09-30
sweep-s400m_ck330k_lr4e-4_p170k2_seed2-8880712	8880712	17.68	17.68	4	0.00	5.89	N	0.00	2026-09-30
sweep-s400m_ck220k_lr4e-4_p170k2_seed0-8880712	8880712	17.68	17.68	4	0.00	5.89	N	0.00	2026-09-30
sweep-s200m_ck540k_lr4e-4_p170k2_cons_seed2-8882196	8882196	16.63	15.87	7	0.00	5.29	Y	0.76	2026-10-01
sweep-s200m_ck540k_lr4e-4_p170k2_cons_seed0-8882196	8882196	16.63	15.87	7	0.00	5.29	Y	0.76	2026-10-01
sweep-s200m_ck540k_lr4e-4_p170k2_cons_seed1-8882196	8882196	16.63	15.87	7	0.00	5.29	Y	0.76	2026-10-01
sweep-s200m_ck430k_lr4e-4_p170k2_seed2-8880712	8880712	16.63	15.87	7	0.00	5.29	Y	0.76	2026-09-30
sweep-s200m_ck120k_lr4e-4_p170k2_seed2-8880712	8880712	16.63	15.87	7	0.00	5.29	Y	0.76	2026-09-30
sweep-s200m_ck430k_lr4e-4_p170k2_seed1-8880712	8880712	16.63	15.87	7	0.00	5.29	Y	0.76	2026-09-30
sweep-s200m_ck330k_lr4e-4_p170k2_seed2-8880712	8880712	16.63	15.87	7	0.00	5.29	Y	0.76	2026-09-30
sweep-s200m_ck430k_lr4e-4_p170k2_seed0-8880712	8880712	16.63	15.87	7	0.00	5.29	Y	0.76	2026-09-30
sweep-s200m_ck330k_lr4e-4_p170k2_seed1-8880712	8880712	16.63	15.87	7	0.00	5.29	Y	0.76	2026-09-30
sweep-s200m_ck192k_lr4e-4_p170k2_seed0-8880712	8880712	16.63	15.87	7	0.00	5.29	Y	0.76	2026-09-30
sweep-s200m_ck192k_lr4e-4_p170k2_seed1-8880712	8880712	16.63	15.87	7	0.00	5.29	Y	0.76	2026-09-30
sweep-s200m_ck010k_lr4e-4_p170k2_seed1-8880712	8880712	16.63	15.87	7	0.00	5.29	Y	0.76	2026-09-30
sweep-s200m_ck192k_lr4e-4_p170k2_seed2-8880712	8880712	16.63	15.87	7	0.00	5.29	Y	0.76	2026-09-30
sweep-s200m_ck010k_lr4e-4_p170k2_seed0-8880712	8880712	16.63	15.87	7	0.00	5.29	Y	0.76	2026-09-30
sweep-s200m_ck220k_lr4e-4_p170k2_seed0-8880712	8880712	16.63	15.87	7	0.00	5.29	Y	0.76	2026-09-30
sweep-s200m_ck010k_lr4e-4_p170k2_seed2-8880712	8880712	16.63	15.87	7	0.00	5.29	Y	0.76	2026-09-30
sweep-s200m_ck220k_lr4e-4_p170k2_seed2-8880712	8880712	16.63	15.87	7	0.00	5.29	Y	0.76	2026-09-30
sweep-s200m_ck220k_lr4e-4_p170k2_seed1-8880712	8880712	16.63	15.87	7	0.00	5.29	Y	0.76	2026-09-30
sweep-s200m_ck330k_lr4e-4_p170k2_seed0-8880712	8880712	16.63	15.87	7	0.00	5.29	Y	0.76	2026-09-30
sweep-s200m_ck120k_lr4e-4_p170k2_seed0-8880712	8880712	16.63	15.87	7	0.00	5.29	Y	0.76	2026-09-30
sweep-s200m_ck120k_lr4e-4_p170k2_seed1-8880712	8880712	16.63	15.87	7	0.00	5.29	Y	0.76	2026-09-30
sweep-s200m_ck540k_lr8e-4_p128k2_seed1-8875261	8875261	16.63	15.87	7	0.00	5.29	Y	0.76	2026-09-28
sweep-s200m_ck540k_lr8e-4_p128k2_seed2-8875261	8875261	16.63	15.87	7	0.00	5.29	Y	0.76	2026-09-28
sweep-s200m_ck540k_lr2e-4_p128k2_seed0-8875261	8875261	16.63	15.87	7	0.00	5.29	Y	0.76	2026-09-28
sweep-s200m_ck540k_lr4e-4_p128k2_seed1-8875261	8875261	16.63	15.87	7	0.00	5.29	Y	0.76	2026-09-28
sweep-s200m_ck540k_lr8e-4_p128k2_seed0-8875261	8875261	16.63	15.87	7	0.00	5.29	Y	0.76	2026-09-28
sweep-s200m_ck540k_lr4e-4_p128k2_seed2-8875261	8875261	16.63	15.87	7	0.00	5.29	Y	0.76	2026-09-28
sweep-s200m_ck540k_lr2e-4_p128k2_seed1-8875261	8875261	16.63	15.87	7	0.00	5.29	Y	0.76	2026-09-28
sweep-s200m_ck540k_lr2e-4_p128k2_seed2-8875261	8875261	16.63	15.87	7	0.00	5.29	Y	0.76	2026-09-28
sweep-s200m_ck540k_lr4e-4_p128k2_seed0-8875261	8875261	16.63	15.87	7	0.00	5.29	Y	0.76	2026-09-28
sweep-s200m_ck540k_lr4e-4_p170k2_seed2-8875261	8875261	16.63	15.87	7	0.00	5.29	Y	0.76	2026-09-28
sweep-s200m_ck540k_lr4e-4_p170k2_seed0-8875261	8875261	16.63	15.87	7	0.00	5.29	Y	0.76	2026-09-28
sweep-s200m_ck540k_lr4e-4_p170k2_seed1-8875261	8875261	16.63	15.87	7	0.00	5.29	Y	0.76	2026-09-28
sweep-s200m_ck330k_lr4e-4_p170k2_cons_seed0-8901080	8901080	13.61	13.60	6	0.00	4.54	N	0.00	2026-10-03
sweep-s200m_ck220k_lr4e-4_p170k2_cons_seed2-8901080	8901080	13.61	13.60	6	0.00	4.54	N	0.00	2026-10-03
sweep-s200m_ck430k_lr4e-4_p170k2_cons_seed2-8901080	8901080	13.61	13.60	6	0.00	4.54	N	0.00	2026-10-03
sweep-s200m_ck120k_lr4e-4_p170k2_cons_seed0-8901080	8901080	13.61	13.60	6	0.00	4.54	N	0.00	2026-10-03
sweep-s200m_ck330k_lr4e-4_p170k2_cons_seed1-8901080	8901080	13.61	13.60	6	0.00	4.54	N	0.00	2026-10-03
sweep-s200m_ck192k_lr4e-4_p170k2_cons_seed0-8901080	8901080	13.61	13.60	6	0.00	4.54	N	0.00	2026-10-03
sweep-s200m_ck120k_lr4e-4_p170k2_cons_seed2-8901080	8901080	13.61	13.60	6	0.00	4.54	N	0.00	2026-10-03
sweep-s200m_ck220k_lr4e-4_p170k2_cons_seed0-8901080	8901080	13.61	13.60	6	0.00	4.54	N	0.00	2026-10-03
sweep-s200m_ck220k_lr4e-4_p170k2_cons_seed1-8901080	8901080	13.61	13.60	6	0.00	4.54	N	0.00	2026-10-03
sweep-s200m_ck010k_lr4e-4_p170k2_cons_seed0-8901080	8901080	13.61	13.60	6	0.00	4.54	N	0.00	2026-10-03
sweep-s200m_ck120k_lr4e-4_p170k2_cons_seed1-8901080	8901080	13.61	13.60	6	0.00	4.54	N	0.00	2026-10-03
sweep-s200m_ck430k_lr4e-4_p170k2_cons_seed1-8901080	8901080	13.61	13.60	6	0.00	4.54	N	0.00	2026-10-03
sweep-s200m_ck430k_lr4e-4_p170k2_cons_seed0-8901080	8901080	13.61	13.60	6	0.00	4.54	N	0.00	2026-10-03
sweep-s200m_ck010k_lr4e-4_p170k2_cons_seed2-8901080	8901080	13.61	13.60	6	0.00	4.54	N	0.00	2026-10-03
sweep-s200m_ck330k_lr4e-4_p170k2_cons_seed2-8901080	8901080	13.61	13.60	6	0.00	4.54	N	0.00	2026-10-03
sweep-s200m_ck010k_lr4e-4_p170k2_cons_seed1-8901080	8901080	13.61	13.60	6	0.00	4.54	N	0.00	2026-10-03
sweep-s200m_ck192k_lr4e-4_p170k2_cons_seed2-8901080	8901080	13.61	13.60	6	0.00	4.54	N	0.00	2026-10-03
sweep-s400m_ck120k_lr4e-4_p170k2_cons_seed0-8901080	8901080	13.26	13.26	3	0.00	4.42	N	0.00	2026-10-03
sweep-s400m_ck120k_lr4e-4_p170k2_cons_seed1-8901080	8901080	13.26	13.26	3	0.00	4.42	N	0.00	2026-10-03
sweep-s400m_ck181k_lr4e-4_p170k2_cons_seed0-8901080	8901080	13.26	13.26	3	0.00	4.42	N	0.00	2026-10-03
sweep-s400m_ck430k_lr4e-4_p170k2_cons_seed0-8901080	8901080	13.26	13.26	3	0.00	4.42	N	0.00	2026-10-03
sweep-s400m_ck430k_lr4e-4_p170k2_cons_seed2-8901080	8901080	13.26	13.26	3	0.00	4.42	N	0.00	2026-10-03
sweep-s400m_ck330k_lr4e-4_p170k2_cons_seed2-8901080	8901080	13.26	13.26	3	0.00	4.42	N	0.00	2026-10-03
sweep-s400m_ck220k_lr4e-4_p170k2_cons_seed0-8901080	8901080	13.26	13.26	3	0.00	4.42	N	0.00	2026-10-03
sweep-s400m_ck010k_lr4e-4_p170k2_cons_seed1-8901080	8901080	13.26	13.26	3	0.00	4.42	N	0.00	2026-10-03
sweep-s400m_ck181k_lr4e-4_p170k2_cons_seed1-8901080	8901080	13.26	13.26	3	0.00	4.42	N	0.00	2026-10-03
sweep-s400m_ck255k_lr4e-4_p170k2_cons_seed0-8901080	8901080	13.26	13.26	3	0.00	4.42	N	0.00	2026-10-03
sweep-s400m_ck181k_lr4e-4_p170k2_cons_seed2-8901080	8901080	13.26	13.26	3	0.00	4.42	N	0.00	2026-10-03
sweep-s400m_ck330k_lr4e-4_p170k2_cons_seed0-8901080	8901080	13.26	13.26	3	0.00	4.42	N	0.00	2026-10-03
sweep-s400m_ck255k_lr4e-4_p170k2_cons_seed2-8901080	8901080	13.26	13.26	3	0.00	4.42	N	0.00	2026-10-03
sweep-s400m_ck430k_lr4e-4_p170k2_cons_seed1-8901080	8901080	13.26	13.26	3	0.00	4.42	N	0.00	2026-10-03
sweep-s400m_ck255k_lr4e-4_p170k2_cons_seed1-8901080	8901080	13.26	13.26	3	0.00	4.42	N	0.00	2026-10-03
sweep-s400m_ck010k_lr4e-4_p170k2_cons_seed2-8901080	8901080	13.26	13.26	3	0.00	4.42	N	0.00	2026-10-03
sweep-s400m_ck120k_lr4e-4_p170k2_cons_seed2-8901080	8901080	13.26	13.26	3	0.00	4.42	N	0.00	2026-10-03
sweep-s400m_ck010k_lr4e-4_p170k2_cons_seed0-8901080	8901080	13.26	13.26	3	0.00	4.42	N	0.00	2026-10-03
sweep-s400m_ck220k_lr4e-4_p170k2_cons_seed1-8901080	8901080	13.26	13.26	3	0.00	4.42	N	0.00	2026-10-03
sweep-s400m_ck330k_lr4e-4_p170k2_cons_seed1-8901080	8901080	13.26	13.26	3	0.00	4.42	N	0.00	2026-10-03
sweep-s400m_ck220k_lr4e-4_p170k2_cons_seed2-8901080	8901080	13.26	13.26	3	0.00	4.42	N	0.00	2026-10-03
sweep-s200m_ck192k_lr4e-4_p170k2_cons_seed1-8901080	8901080	11.34	11.34	5	0.00	3.78	N	0.00	2026-10-03
sweep-cont400m_ep01_seed0-8860469	8860469	10.31	8.84	2	0.00	2.95	Y	1.47	2026-09-24
armcount12	-	9.07	0.00	0	0.00	0.00	N	0.00	2026-09-21
p2-cost	-	8.74	0.00	0	0.00	0.00	N	0.00	2026-10-01
sweep-s100m_ck330k_lr4e-4_p170k2_cons_seed1-8901080	8901080	8.26	7.89	7	0.00	2.63	Y	0.38	2026-10-03
sweep-s100m_ck220k_lr4e-4_p170k2_cons_seed0-8901080	8901080	8.26	7.89	7	0.00	2.63	Y	0.38	2026-10-03
sweep-s100m_ck330k_lr4e-4_p170k2_cons_seed2-8901080	8901080	8.26	7.89	7	0.00	2.63	Y	0.38	2026-10-03
sweep-s100m_ck430k_lr4e-4_p170k2_cons_seed2-8901080	8901080	8.26	7.89	7	0.00	2.63	Y	0.38	2026-10-03
sweep-s100m_ck540k_lr4e-4_p170k2_cons_seed1-8882196	8882196	8.26	7.89	7	0.00	2.63	Y	0.38	2026-10-01
sweep-s100m_ck220k_lr4e-4_p170k2_cons_seed1-8901080	8901080	8.26	7.89	7	0.00	2.63	Y	0.38	2026-10-03
sweep-s100m_ck540k_lr4e-4_p170k2_cons_seed2-8882196	8882196	8.26	7.89	7	0.00	2.63	Y	0.38	2026-10-01
sweep-s100m_ck430k_lr4e-4_p170k2_cons_seed1-8901080	8901080	8.26	7.89	7	0.00	2.63	Y	0.38	2026-10-03
sweep-s100m_ck430k_lr4e-4_p170k2_cons_seed0-8901080	8901080	8.26	7.89	7	0.00	2.63	Y	0.38	2026-10-03
sweep-s100m_ck220k_lr4e-4_p170k2_cons_seed2-8901080	8901080	8.26	7.89	7	0.00	2.63	Y	0.38	2026-10-03
sweep-s100m_ck330k_lr4e-4_p170k2_cons_seed0-8901080	8901080	8.26	7.89	7	0.00	2.63	Y	0.38	2026-10-03
sweep-s100m_ck540k_lr4e-4_p170k2_cons_seed0-8882196	8882196	8.26	7.89	7	0.00	2.63	Y	0.38	2026-10-01
sweep-s100m_ck430k_lr4e-4_p170k2_seed0-8880712	8880712	8.26	7.89	7	0.00	2.63	Y	0.38	2026-09-30
sweep-s100m_ck430k_lr4e-4_p170k2_seed2-8880712	8880712	8.26	7.89	7	0.00	2.63	Y	0.38	2026-09-30
sweep-s100m_ck220k_lr4e-4_p170k2_seed2-8880712	8880712	8.26	7.89	7	0.00	2.63	Y	0.38	2026-09-30
sweep-s100m_ck330k_lr4e-4_p170k2_seed0-8880712	8880712	8.26	7.89	7	0.00	2.63	Y	0.38	2026-09-30
sweep-s100m_ck220k_lr4e-4_p170k2_seed1-8880712	8880712	8.26	7.89	7	0.00	2.63	Y	0.38	2026-09-30
sweep-s100m_ck330k_lr4e-4_p170k2_seed2-8880712	8880712	8.26	7.89	7	0.00	2.63	Y	0.38	2026-09-30
sweep-s100m_ck430k_lr4e-4_p170k2_seed1-8880712	8880712	8.26	7.89	7	0.00	2.63	Y	0.38	2026-09-30
sweep-s100m_ck330k_lr4e-4_p170k2_seed1-8880712	8880712	8.26	7.89	7	0.00	2.63	Y	0.38	2026-09-30
sweep-s100m_ck220k_lr4e-4_p170k2_seed0-8880712	8880712	8.26	7.89	7	0.00	2.63	Y	0.38	2026-09-30
sweep-s100m_ck540k_lr2e-4_p128k2_seed2-8875262	8875262	8.26	7.89	7	0.00	2.63	Y	0.38	2026-09-28
sweep-s100m_ck540k_lr8e-4_p128k2_seed1-8875262	8875262	8.26	7.89	7	0.00	2.63	Y	0.38	2026-09-28
sweep-s100m_ck540k_lr4e-4_p128k2_seed2-8875262	8875262	8.26	7.89	7	0.00	2.63	Y	0.38	2026-09-28
sweep-s100m_ck540k_lr4e-4_p128k2_seed0-8875262	8875262	8.26	7.89	7	0.00	2.63	Y	0.38	2026-09-28
sweep-s100m_ck540k_lr2e-4_p128k2_seed0-8875262	8875262	8.26	7.89	7	0.00	2.63	Y	0.38	2026-09-28
sweep-s100m_ck540k_lr8e-4_p128k2_seed0-8875262	8875262	8.26	7.89	7	0.00	2.63	Y	0.38	2026-09-28
sweep-s100m_ck540k_lr8e-4_p128k2_seed2-8875262	8875262	8.26	7.89	7	0.00	2.63	Y	0.38	2026-09-28
sweep-s100m_ck540k_lr4e-4_p128k2_seed1-8875262	8875262	8.26	7.89	7	0.00	2.63	Y	0.38	2026-09-28
sweep-s100m_ck540k_lr2e-4_p128k2_seed1-8875262	8875262	8.26	7.89	7	0.00	2.63	Y	0.38	2026-09-28
sweep-s100m_ck540k_lr4e-4_p170k2_seed2-8875262	8875262	8.26	7.89	7	0.00	2.63	Y	0.38	2026-09-28
sweep-s100m_ck540k_lr4e-4_p170k2_seed0-8875262	8875262	8.26	7.89	7	0.00	2.63	Y	0.38	2026-09-28
sweep-s100m_ck540k_lr4e-4_p170k2_seed1-8875262	8875262	8.26	7.89	7	0.00	2.63	Y	0.38	2026-09-28
gridexact	-	7.56	0.00	0	0.00	0.00	N	0.00	2026-09-21
p2-smoke	-	7.11	0.00	0	0.00	0.00	N	0.00	2026-10-01
validate-sweep-contrastive-scale-v2-8853327.aurora-pbs-0001.hostmgmt.cm.aurora.alcf.anl.gov	-	5.89	4.42	1	0.00	1.47	Y	1.47	2026-09-30
validate-sweep-conhp-seeds-8853559.aurora-pbs-0001.hostmgmt.cm.aurora.alcf.anl.gov	-	5.89	4.42	1	0.00	1.47	Y	1.47	2026-09-30
validate-sweep-contrastive-scale-v2-random-8853327.aurora-pbs-0001.hostmgmt.cm.aurora.alcf.anl.gov	-	5.89	4.42	1	0.00	1.47	Y	1.47	2026-09-30
validate-sweep-contrastive-hp-big-8848809.aurora-pbs-0001.hostmgmt.cm.aurora.alcf.anl.gov	-	5.89	4.42	1	0.00	1.47	Y	1.47	2026-09-30
validate-sweep-contrastive-scale-8844329.aurora-pbs-0001.hostmgmt.cm.aurora.alcf.anl.gov	-	5.89	4.42	1	0.00	1.47	Y	1.47	2026-09-30
sweep-s100m_ck120k_lr4e-4_p170k2_seed2-8880712	8880712	5.63	5.63	5	0.00	1.88	N	0.00	2026-09-30
sweep-s100m_ck120k_lr4e-4_p170k2_seed1-8880712	8880712	5.63	5.63	5	0.00	1.88	N	0.00	2026-09-30
sweep-s100m_ck010k_lr4e-4_p170k2_seed0-8880712	8880712	5.63	5.63	5	0.00	1.88	N	0.00	2026-09-30
sweep-s100m_ck010k_lr4e-4_p170k2_seed1-8880712	8880712	5.63	5.63	5	0.00	1.88	N	0.00	2026-09-30
sweep-s200m_ck330k_besteval_seed1-8856159	8856159	5.29	4.53	2	0.00	1.51	Y	0.76	2026-09-30
sweep-s200m_ck330k_besteval_seed0-8856159	8856159	5.29	4.53	2	0.00	1.51	Y	0.76	2026-09-30
sweep-s200m_ck330k_besteval_seed5-8856159	8856159	5.29	4.53	2	0.00	1.51	Y	0.76	2026-09-30
sweep-s200m_ck330k_besteval_seed4-8856159	8856159	5.29	4.53	2	0.00	1.51	Y	0.76	2026-09-30
sweep-s200m_ck330k_besteval_seed3-8856159	8856159	5.29	4.53	2	0.00	1.51	Y	0.76	2026-09-30
sweep-s200m_ck330k_besteval_seed2-8856159	8856159	5.29	4.53	2	0.00	1.51	Y	0.76	2026-09-30
sweep-s100m_ck138k_lr4e-4_p170k2_seed2-8880712	8880712	4.51	4.51	4	0.00	1.50	N	0.00	2026-09-30
sweep-s100m_ck120k_lr4e-4_p170k2_seed0-8880712	8880712	4.51	4.51	4	0.00	1.50	N	0.00	2026-09-30
sweep-s100m_ck138k_lr4e-4_p170k2_seed0-8880712	8880712	4.51	4.51	4	0.00	1.50	N	0.00	2026-09-30
sweep-s100m_ck138k_lr4e-4_p170k2_seed1-8880712	8880712	4.51	4.51	4	0.00	1.50	N	0.00	2026-09-30
sweep-s100m_ck010k_lr4e-4_p170k2_seed2-8880712	8880712	4.51	4.51	4	0.00	1.50	N	0.00	2026-09-30
validate-sweep-contrastive-scale-v2-random-8848414.aurora-pbs-0001.hostmgmt.cm.aurora.alcf.anl.gov	-	4.42	2.95	1	0.00	1.47	Y	1.47	2026-09-30
validate-sweep-contrastive-scale-v2-8847785.aurora-pbs-0001.hostmgmt.cm.aurora.alcf.anl.gov	-	4.42	2.95	1	0.00	1.47	Y	1.47	2026-09-30
sweep-s050m_ck540k_cons_k4_seed2-8873850	8873850	4.09	3.90	7	0.00	1.30	Y	0.19	2026-09-27
sweep-s050m_ck540k_cons_k4_seed1-8873850	8873850	4.09	3.90	7	0.00	1.30	Y	0.19	2026-09-27
sweep-s050m_ck540k_cons_k4_seed0-8873850	8873850	4.09	3.90	7	0.00	1.30	Y	0.19	2026-09-27
sweep-s050m_ck540k_cons_k3_seed2-8873850	8873850	4.09	3.90	7	0.00	1.30	Y	0.19	2026-09-27
sweep-s050m_ck540k_cons_k3_seed0-8873850	8873850	4.09	3.90	7	0.00	1.30	Y	0.19	2026-09-27
sweep-s050m_ck540k_cons_k3_seed1-8873850	8873850	4.09	3.90	7	0.00	1.30	Y	0.19	2026-09-27
sweep-s050m_ck540k_cons_always_seed2-8878582	8878582	4.09	3.90	7	0.00	1.30	Y	0.19	2026-09-29
sweep-s050m_ck540k_cons_always_seed0-8878582	8878582	4.09	3.90	7	0.00	1.30	Y	0.19	2026-09-29
sweep-s050m_ck540k_cons_w1_seed1-8878582	8878582	4.09	3.90	7	0.00	1.30	Y	0.19	2026-09-29
sweep-s050m_ck540k_cons_always_seed1-8878582	8878582	4.09	3.90	7	0.00	1.30	Y	0.19	2026-09-29
sweep-s050m_ck540k_cons_w1_seed0-8878582	8878582	4.09	3.90	7	0.00	1.30	Y	0.19	2026-09-29
sweep-s050m_ck540k_cons_w1_seed2-8878582	8878582	4.09	3.90	7	0.00	1.30	Y	0.19	2026-09-29
sweep-s050m_ck540k_cons_w3_seed2-8878582	8878582	4.09	3.90	7	0.00	1.30	Y	0.19	2026-09-29
sweep-s050m_ck540k_cons_w3_seed1-8878582	8878582	4.09	3.90	7	0.00	1.30	Y	0.19	2026-09-29
sweep-s050m_ck540k_cons_w3_seed0-8878582	8878582	4.09	3.90	7	0.00	1.30	Y	0.19	2026-09-29
sweep-s050m_ck540k_lr4e-4_p170k2_cons_seed2-8882196	8882196	4.09	3.90	7	0.00	1.30	Y	0.19	2026-10-01
sweep-s050m_ck540k_lr4e-4_p170k2_cons_seed0-8882196	8882196	4.09	3.90	7	0.00	1.30	Y	0.19	2026-10-01
sweep-s050m_ck540k_lr4e-4_p170k2_cons_seed1-8882196	8882196	4.09	3.90	7	0.00	1.30	Y	0.19	2026-10-01
sweep-s050m_ck540k_lr4e-4_p128k2_seed2-8873825	8873825	4.09	3.90	7	0.00	1.30	Y	0.19	2026-09-27
sweep-s050m_ck540k_lr4e-4_p128k2_seed0-8873825	8873825	4.09	3.90	7	0.00	1.30	Y	0.19	2026-09-27
sweep-s050m_ck540k_lr4e-4_p128k2_seed1-8873825	8873825	4.09	3.90	7	0.00	1.30	Y	0.19	2026-09-27
sweep-s050m_ck540k_lr4e-4_p170k2_seed2-8878464	8878464	4.09	3.90	7	0.00	1.30	Y	0.19	2026-09-30
sweep-s050m_ck540k_lr4e-4_p170k2_seed1-8878464	8878464	4.09	3.90	7	0.00	1.30	Y	0.19	2026-09-30
sweep-s050m_ck540k_p128k2-8872806	8872806	4.09	3.90	7	0.00	1.30	Y	0.19	2026-09-27
sweep-s050m_ck540k_lr4e-4_p170k2_seed0-8878464	8878464	4.09	3.90	7	0.00	1.30	Y	0.19	2026-09-30
sweep-s050m_ck540k_p170k3-8872806	8872806	4.09	3.90	7	0.00	1.30	Y	0.19	2026-09-27
sweep-s050m_ck540k_sigmoid_random_seed2-8872141	8872141	3.53	3.34	6	0.00	1.11	Y	0.19	2026-09-26
sweep-s050m_ck540k_sigmoid_random_seed1-8872141	8872141	3.53	3.34	6	0.00	1.11	Y	0.19	2026-09-26
sweep-s050m_ck540k_sigmoid_mass_seed0-8872141	8872141	3.53	3.34	6	0.00	1.11	Y	0.19	2026-09-26
sweep-s050m_ck540k_sigmoid_random_seed0-8872141	8872141	3.53	3.34	6	0.00	1.11	Y	0.19	2026-09-26
sweep-s050m_ck540k_sigmoid_mass_seed1-8872141	8872141	3.53	3.34	6	0.00	1.11	Y	0.19	2026-09-26
sweep-s050m_ck540k_sigmoid_mass_seed2-8872141	8872141	3.53	3.34	6	0.00	1.11	Y	0.19	2026-09-26
sweep-s050m_ck540k_supcon_mass_seed0-8872141	8872141	3.53	3.34	6	0.00	1.11	Y	0.19	2026-09-26
sweep-s050m_ck540k_supcon_random_seed0-8872141	8872141	3.53	3.34	6	0.00	1.11	Y	0.19	2026-09-26
sweep-s050m_ck540k_supcon_mass_seed2-8872141	8872141	3.53	3.34	6	0.00	1.11	Y	0.19	2026-09-26
sweep-s050m_ck540k_supcon_random_seed1-8872141	8872141	3.53	3.34	6	0.00	1.11	Y	0.19	2026-09-26
sweep-s050m_ck540k_supcon_within75_seed1-8873159	8873159	3.53	3.34	6	0.00	1.11	Y	0.19	2026-09-27
sweep-s050m_ck540k_supcon_random_seed2-8872141	8872141	3.53	3.34	6	0.00	1.11	Y	0.19	2026-09-26
sweep-s050m_ck540k_supcon_regions75_seed1-8873563	8873563	3.53	3.34	6	0.00	1.11	Y	0.19	2026-09-27
sweep-s050m_ck540k_supcon_within50_seed0-8873159	8873159	3.53	3.34	6	0.00	1.11	Y	0.19	2026-09-27
sweep-s050m_ck540k_supcon_mass_seed1-8872141	8872141	3.53	3.34	6	0.00	1.11	Y	0.19	2026-09-26
sweep-s050m_ck540k_supcon_between75_seed1-8873159	8873159	3.53	3.34	6	0.00	1.11	Y	0.19	2026-09-27
sweep-s050m_ck540k_supcon_regions50_seed0-8873563	8873563	3.53	3.34	6	0.00	1.11	Y	0.19	2026-09-27
sweep-s050m_ck540k_supcon_between75_seed2-8873159	8873159	3.53	3.34	6	0.00	1.11	Y	0.19	2026-09-27
sweep-s050m_ck540k_supcon_within50_seed1-8873159	8873159	3.53	3.34	6	0.00	1.11	Y	0.19	2026-09-27
sweep-s050m_ck540k_supcon_regions75_seed0-8873563	8873563	3.53	3.34	6	0.00	1.11	Y	0.19	2026-09-27
sweep-s050m_ck540k_supcon_within75_seed2-8873159	8873159	3.53	3.34	6	0.00	1.11	Y	0.19	2026-09-27
sweep-s050m_ck540k_supcon_regions50_seed1-8873563	8873563	3.53	3.34	6	0.00	1.11	Y	0.19	2026-09-27
sweep-s050m_ck540k_lr4e-4_kl1_seed2-8873825	8873825	3.53	3.34	6	0.00	1.11	Y	0.19	2026-09-27
sweep-s050m_ck540k_supcon_regions50_seed2-8873563	8873563	3.53	3.34	6	0.00	1.11	Y	0.19	2026-09-27
sweep-s050m_ck540k_lr4e-4_kl1_seed1-8873825	8873825	3.53	3.34	6	0.00	1.11	Y	0.19	2026-09-27
sweep-s050m_ck540k_supcon_within50_seed2-8873159	8873159	3.53	3.34	6	0.00	1.11	Y	0.19	2026-09-27
sweep-s050m_ck540k_supcon_within75_seed0-8873159	8873159	3.53	3.34	6	0.00	1.11	Y	0.19	2026-09-27
sweep-s050m_ck540k_supcon_regions75_seed2-8873563	8873563	3.53	3.34	6	0.00	1.11	Y	0.19	2026-09-27
sweep-s050m_ck540k_lr4e-4_kl1_seed0-8873825	8873825	3.53	3.34	6	0.00	1.11	Y	0.19	2026-09-27
sweep-s050m_ck540k_lr1.6e-3_seed0-8873825	8873825	3.53	3.34	6	0.00	1.11	Y	0.19	2026-09-27
sweep-s050m_ck540k_lr1.6e-3_seed2-8873825	8873825	3.53	3.34	6	0.00	1.11	Y	0.19	2026-09-27
sweep-s050m_ck540k_lr8e-4_seed1-8873825	8873825	3.53	3.34	6	0.00	1.11	Y	0.19	2026-09-27
sweep-s050m_ck540k_lr8e-4_seed2-8873825	8873825	3.53	3.34	6	0.00	1.11	Y	0.19	2026-09-27
sweep-s050m_ck540k_supcon_between75_seed0-8873159	8873159	3.53	3.34	6	0.00	1.11	Y	0.19	2026-09-27
sweep-s050m_ck540k_lr1.6e-3_seed1-8873825	8873825	3.53	3.34	6	0.00	1.11	Y	0.19	2026-09-27
sweep-s050m_ck540k_lr8e-4_seed0-8873825	8873825	3.53	3.34	6	0.00	1.11	Y	0.19	2026-09-27
sweep-s050m_ck540k_lr2e-4-8872806	8872806	3.53	3.34	6	0.00	1.11	Y	0.19	2026-09-27
sweep-s050m_ck540k_lr4e-4-8872806	8872806	3.53	3.34	6	0.00	1.11	Y	0.19	2026-09-27
sweep-s050m_ck540k_t0.005-8872806	8872806	3.53	3.34	6	0.00	1.11	Y	0.19	2026-09-27
sweep-s050m_ck540k_t0.001-8872806	8872806	3.53	3.34	6	0.00	1.11	Y	0.19	2026-09-27
sweep-s050m_ck540k_t0.01-8872806	8872806	3.53	3.34	6	0.00	1.11	Y	0.19	2026-09-27
sweep-s050m_ck540k_kl1-8872806	8872806	3.53	3.34	6	0.00	1.11	Y	0.19	2026-09-27
sweep-s050m_ck540k_kl30-8872806	8872806	3.53	3.34	6	0.00	1.11	Y	0.19	2026-09-27
sweep-s050m_ck540k_lr5e-5-8872806	8872806	3.53	3.34	6	0.00	1.11	Y	0.19	2026-09-27
sweep-s050m_ck540k_base-8872806	8872806	3.53	3.34	6	0.00	1.11	Y	0.19	2026-09-27
sweep-s100m_ck120k_lr4e-4_p170k2_cons_seed0-8901080	8901080	3.38	3.38	3	0.00	1.13	N	0.00	2026-10-03
sweep-s100m_ck138k_lr4e-4_p170k2_cons_seed1-8901080	8901080	3.38	3.38	3	0.00	1.13	N	0.00	2026-10-03
sweep-s100m_ck138k_lr4e-4_p170k2_cons_seed0-8901080	8901080	3.38	3.38	3	0.00	1.13	N	0.00	2026-10-03
sweep-s100m_ck010k_lr4e-4_p170k2_cons_seed2-8901080	8901080	3.38	3.38	3	0.00	1.13	N	0.00	2026-10-03
sweep-s100m_ck138k_lr4e-4_p170k2_cons_seed2-8901080	8901080	3.38	3.38	3	0.00	1.13	N	0.00	2026-10-03
sweep-s100m_ck120k_lr4e-4_p170k2_cons_seed2-8901080	8901080	3.38	3.38	3	0.00	1.13	N	0.00	2026-10-03
sweep-s100m_ck010k_lr4e-4_p170k2_cons_seed0-8901080	8901080	3.38	3.38	3	0.00	1.13	N	0.00	2026-10-03
sweep-s100m_ck010k_lr4e-4_p170k2_cons_seed1-8901080	8901080	3.38	3.38	3	0.00	1.13	N	0.00	2026-10-03
sweep-s100m_ck120k_lr4e-4_p170k2_cons_seed1-8901080	8901080	3.38	3.38	3	0.00	1.13	N	0.00	2026-10-03
quarantine	-	3.03	0.00	0	0.00	0.00	N	0.00	2026-09-24
sweep-s200m_ck330k_lr1e4_kl100_t003_seed2-8856116	8856116	3.02	2.27	1	0.00	0.76	Y	0.76	2026-09-22
sweep-s200m_ck220k_lr1e4_kl100_t007_seed2-8856116	8856116	3.02	2.27	1	0.00	0.76	Y	0.76	2026-09-22
sweep-s200m_ck220k_lr1e4_kl10_t003_seed1-8856116	8856116	3.02	2.27	1	0.00	0.76	Y	0.76	2026-09-22
sweep-s200m_ck220k_lr1e4_kl10_t003_seed0-8856116	8856116	3.02	2.27	1	0.00	0.76	Y	0.76	2026-09-22
sweep-s200m_ck330k_lr1e4_kl100_t007_seed1-8856116	8856116	3.02	2.27	1	0.00	0.76	Y	0.76	2026-09-22
sweep-s200m_ck220k_lr1e4_kl100_t003_seed2-8856116	8856116	3.02	2.27	1	0.00	0.76	Y	0.76	2026-09-22
sweep-s200m_ck330k_lr1e4_kl10_t003_seed2-8856116	8856116	3.02	2.27	1	0.00	0.76	Y	0.76	2026-09-22
sweep-s200m_ck330k_lr1e4_kl10_t007_seed2-8856116	8856116	3.02	2.27	1	0.00	0.76	Y	0.76	2026-09-22
sweep-s200m_ck330k_lr1e4_kl100_t007_seed2-8856116	8856116	3.02	2.27	1	0.00	0.76	Y	0.76	2026-09-22
sweep-s200m_ck330k_lr1e4_kl10_t007_seed0-8856116	8856116	3.02	2.27	1	0.00	0.76	Y	0.76	2026-09-22
sweep-s200m_ck330k_lr1e4_kl100_t003_seed1-8856116	8856116	3.02	2.27	1	0.00	0.76	Y	0.76	2026-09-22
sweep-s200m_ck220k_lr1e4_kl10_t007_seed1-8856116	8856116	3.02	2.27	1	0.00	0.76	Y	0.76	2026-09-22
sweep-s200m_ck330k_lr1e4_kl100_t007_seed0-8856116	8856116	3.02	2.27	1	0.00	0.76	Y	0.76	2026-09-22
sweep-s200m_ck220k_lr1e4_kl100_t007_seed0-8856116	8856116	3.02	2.27	1	0.00	0.76	Y	0.76	2026-09-22
sweep-s200m_ck220k_lr1e4_kl10_t007_seed0-8856116	8856116	3.02	2.27	1	0.00	0.76	Y	0.76	2026-09-22
sweep-s200m_ck330k_lr1e4_kl10_t007_seed1-8856116	8856116	3.02	2.27	1	0.00	0.76	Y	0.76	2026-09-22
sweep-s200m_ck220k_lr1e4_kl10_t003_seed2-8856116	8856116	3.02	2.27	1	0.00	0.76	Y	0.76	2026-09-22
sweep-s200m_ck220k_lr1e4_kl100_t003_seed1-8856116	8856116	3.02	2.27	1	0.00	0.76	Y	0.76	2026-09-22
sweep-s200m_ck220k_lr1e4_kl100_t007_seed1-8856116	8856116	3.02	2.27	1	0.00	0.76	Y	0.76	2026-09-22
sweep-s200m_ck220k_lr1e4_kl100_t003_seed0-8856116	8856116	3.02	2.27	1	0.00	0.76	Y	0.76	2026-09-22
sweep-s200m_ck220k_lr1e4_kl10_t007_seed2-8856116	8856116	3.02	2.27	1	0.00	0.76	Y	0.76	2026-09-22
sweep-s200m_ck330k_lr1e4_kl100_t003_seed0-8856116	8856116	3.02	2.27	1	0.00	0.76	Y	0.76	2026-09-22
sweep-s200m_ck330k_lr1e4_kl10_t003_seed0-8856116	8856116	3.02	2.27	1	0.00	0.76	Y	0.76	2026-09-22
sweep-s200m_ck330k_lr1e4_kl10_t003_seed1-8856116	8856116	3.02	2.27	1	0.00	0.76	Y	0.76	2026-09-22
sibling2	-	3.02	0.00	0	0.00	0.00	N	0.00	2026-09-21
validate-sweep-conhp-eval-8856119.aurora-pbs-0001.hostmgmt.cm.aurora.alcf.anl.gov	-	3.02	2.27	1	0.00	0.76	Y	0.76	2026-09-30
validate-sweep-conhp-edge-8855952.aurora-pbs-0001.hostmgmt.cm.aurora.alcf.anl.gov	-	3.02	2.27	1	0.00	0.76	Y	0.76	2026-09-22
sweep-400m_ck010k_seed3-8860472	8860472	2.97	2.22	3	0.00	0.00	Y	0.74	2026-09-30
sweep-400m_ck010k_seed1-8860472	8860472	2.97	2.22	3	0.00	0.00	Y	0.74	2026-09-30
sweep-400m_ck010k_seed2-8860472	8860472	2.97	2.22	3	0.00	0.00	Y	0.74	2026-09-30
sweep-400m_ck220k_seed1-8850494	8850494	2.97	2.22	3	0.00	0.00	Y	0.74	2026-09-30
sweep-400m_ck220k_seed3-8850494	8850494	2.97	2.22	3	0.00	0.00	Y	0.74	2026-09-30
sweep-400m_ck220k_seed2-8850494	8850494	2.97	2.22	3	0.00	0.00	Y	0.74	2026-09-30
sweep-400m_ck120k_seed1-8860472	8860472	2.97	2.22	3	0.00	0.00	Y	0.74	2026-09-30
sweep-400m_ck540k_seed1-8864759	8864759	2.97	2.22	3	0.00	0.00	Y	0.74	2026-09-30
sweep-400m_ck540k_seed3-8864759	8864759	2.97	2.22	3	0.00	0.00	Y	0.74	2026-09-30
sweep-400m_ck120k_seed3-8860472	8860472	2.97	2.22	3	0.00	0.00	Y	0.74	2026-09-30
sweep-400m_ck430k_seed3-8861571	8861571	2.97	2.22	3	0.00	0.00	Y	0.74	2026-09-30
sweep-400m_ck430k_seed1-8861571	8861571	2.97	2.22	3	0.00	0.00	Y	0.74	2026-09-30
sweep-400m_ck330k_seed3-8861571	8861571	2.97	2.22	3	0.00	0.00	Y	0.74	2026-09-30
sweep-400m_ck255k_seed2-8860472	8860472	2.97	2.22	3	0.00	0.00	Y	0.74	2026-09-30
sweep-400m_ck430k_seed2-8861571	8861571	2.97	2.22	3	0.00	0.00	Y	0.74	2026-09-30
sweep-400m_ck540k_seed2-8864759	8864759	2.97	2.22	3	0.00	0.00	Y	0.74	2026-09-30
sweep-400m_ck330k_seed1-8861571	8861571	2.97	2.22	3	0.00	0.00	Y	0.74	2026-09-30
sweep-400m_ck255k_seed1-8860472	8860472	2.97	2.22	3	0.00	0.00	Y	0.74	2026-09-30
sweep-400m_ck120k_seed2-8860472	8860472	2.97	2.22	3	0.00	0.00	Y	0.74	2026-09-30
sweep-400m_ck330k_seed2-8861571	8861571	2.97	2.22	3	0.00	0.00	Y	0.74	2026-09-30
sweep-400m_ck255k_seed3-8860472	8860472	2.97	2.22	3	0.00	0.00	Y	0.74	2026-09-30
sweep-400m_ep04_seed1-8847663	8847663	2.97	2.22	3	0.00	0.00	Y	0.74	2026-09-30
sweep-400m_ep04_seed3-8847663	8847663	2.97	2.22	3	0.00	0.00	Y	0.74	2026-09-30
sweep-400m_ck010k_seed1-8860442	8860442	2.95	2.21	3	0.00	0.00	Y	0.74	2026-09-30
sweep-400m_ck540k_seed1-8864458	8864458	2.95	2.21	3	0.00	0.00	Y	0.74	2026-09-30
sweep-400m_ck430k_seed1-8861517	8861517	2.95	2.21	3	0.00	0.00	Y	0.74	2026-09-30
validate-sweep-denoise-400m-8842180.aurora-pbs-0001.hostmgmt.cm.aurora.alcf.anl.gov	-	2.95	2.21	3	0.00	0.00	Y	0.74	2026-09-30
sweep-s050m_ck540k_cons_k3_kl0_seed2-8873850	8873850	2.79	2.60	7	0.00	1.30	Y	0.19	2026-09-27
sweep-s050m_ck540k_cons_k3_kl0_seed1-8873850	8873850	2.79	2.60	7	0.00	1.30	Y	0.19	2026-09-27
sweep-s050m_ck540k_cons_k3_kl0_seed0-8873850	8873850	2.79	2.60	7	0.00	1.30	Y	0.19	2026-09-27
sweep-s050m_ck540k_cons_w3_kl0_seed2-8878582	8878582	2.79	2.60	7	0.00	1.30	Y	0.19	2026-09-29
sweep-s050m_ck540k_cons_w3_kl0_seed0-8878582	8878582	2.79	2.60	7	0.00	1.30	Y	0.19	2026-09-29
sweep-s050m_ck540k_cons_w3_kl0_seed1-8878582	8878582	2.79	2.60	7	0.00	1.30	Y	0.19	2026-09-29
pf-baseline	-	2.76	1.64	3	1.09	0.00	Y	0.18	2026-09-13
pf-arch-triangle	-	2.74	1.63	3	1.08	0.00	Y	0.18	2026-09-13
pf-arch-transition-wb	-	2.73	1.62	3	1.08	0.00	Y	0.18	2026-09-12
k168	-	2.71	0.00	0	0.00	0.00	N	0.00	2026-09-30
pf-arch-transition	-	2.71	1.61	3	1.07	0.00	Y	0.18	2026-09-12
pf-arch-static	-	2.69	1.60	3	1.07	0.00	Y	0.18	2026-09-12
sweep-s050m_ck540k_kl0-8872806	8872806	2.42	2.23	6	0.00	1.11	Y	0.19	2026-09-27
sweep-cont050m_ep01_seed0-8860522	8860522	2.41	2.23	4	0.00	0.74	Y	0.19	2026-09-24
sweep-cont050m_ep01_seed1-8860522	8860522	2.41	2.23	4	0.00	0.74	Y	0.19	2026-09-24
sweep-cont050m_ep01_seed2-8860522	8860522	2.41	2.23	4	0.00	0.74	Y	0.19	2026-09-24
pf-arch-static-wb	-	2.17	1.61	4	1.08	0.00	N	0.00	2026-09-12
sweep-s025m_ck540k_lr2e-4_p128k2_seed0-8878461	8878461	2.10	2.01	7	0.00	0.67	Y	0.10	2026-09-29
sweep-s025m_ck540k_lr2e-4_p128k2_seed2-8878461	8878461	2.10	2.01	7	0.00	0.67	Y	0.10	2026-09-29
sweep-s025m_ck540k_lr4e-4_p128k2_seed2-8878461	8878461	2.10	2.01	7	0.00	0.67	Y	0.10	2026-09-29
sweep-s025m_ck540k_lr8e-4_p128k2_seed0-8878461	8878461	2.10	2.01	7	0.00	0.67	Y	0.10	2026-09-29
sweep-s025m_ck540k_lr2e-4_p128k2_seed1-8878461	8878461	2.10	2.01	7	0.00	0.67	Y	0.10	2026-09-29
sweep-s025m_ck540k_lr8e-4_p128k2_seed2-8878461	8878461	2.10	2.01	7	0.00	0.67	Y	0.10	2026-09-29
sweep-s025m_ck540k_lr4e-4_p128k2_seed1-8878461	8878461	2.10	2.01	7	0.00	0.67	Y	0.10	2026-09-29
sweep-s025m_ck540k_lr8e-4_p128k2_seed1-8878461	8878461	2.10	2.01	7	0.00	0.67	Y	0.10	2026-09-29
sweep-s025m_ck540k_lr4e-4_p128k2_seed0-8878461	8878461	2.10	2.01	7	0.00	0.67	Y	0.10	2026-09-29
sweep-s025m_ck540k_lr4e-4_p170k2_cons_seed1-8882196	8882196	2.10	2.01	7	0.00	0.67	Y	0.10	2026-10-01
sweep-s025m_ck540k_lr4e-4_p170k2_cons_seed0-8882196	8882196	2.10	2.01	7	0.00	0.67	Y	0.10	2026-10-01
sweep-s025m_ck540k_lr4e-4_p170k2_cons_seed2-8882196	8882196	2.10	2.01	7	0.00	0.67	Y	0.10	2026-10-01
sweep-s025m_ck540k_lr4e-4_p170k2_seed0-8878461	8878461	2.10	2.01	7	0.00	0.67	Y	0.10	2026-09-29
sweep-s025m_ck540k_lr4e-4_p170k2_seed1-8878461	8878461	2.10	2.01	7	0.00	0.67	Y	0.10	2026-09-29
sweep-s025m_ck540k_lr4e-4_p170k2_seed2-8878461	8878461	2.10	2.01	7	0.00	0.67	Y	0.10	2026-09-29
pf-timing	-	1.87	0.00	0	0.00	0.00	N	0.00	2026-09-11
sweep-200m_ck010k_seed2-8860472	8860472	1.53	1.14	3	0.00	0.00	Y	0.38	2026-09-30
sweep-200m_ck120k_seed2-8860472	8860472	1.53	1.14	3	0.00	0.00	Y	0.38	2026-09-30
sweep-200m_ck220k_seed1-8850494	8850494	1.53	1.14	3	0.00	0.00	Y	0.38	2026-09-30
sweep-200m_ck330k_seed1-8850494	8850494	1.53	1.14	3	0.00	0.00	Y	0.38	2026-09-30
sweep-200m_ck330k_seed3-8850494	8850494	1.53	1.14	3	0.00	0.00	Y	0.38	2026-09-30
sweep-200m_ck330k_seed2-8850494	8850494	1.53	1.14	3	0.00	0.00	Y	0.38	2026-09-30
sweep-200m_ck220k_seed3-8850494	8850494	1.53	1.14	3	0.00	0.00	Y	0.38	2026-09-30
sweep-200m_ck540k_seed1-8860472	8860472	1.53	1.14	3	0.00	0.00	Y	0.38	2026-09-30
sweep-200m_ck120k_seed3-8860472	8860472	1.53	1.14	3	0.00	0.00	Y	0.38	2026-09-30
sweep-200m_ck430k_seed2-8860472	8860472	1.53	1.14	3	0.00	0.00	Y	0.38	2026-09-30
sweep-200m_ck220k_seed2-8850494	8850494	1.53	1.14	3	0.00	0.00	Y	0.38	2026-09-30
sweep-200m_ck540k_seed3-8860472	8860472	1.53	1.14	3	0.00	0.00	Y	0.38	2026-09-30
sweep-200m_ck540k_seed2-8860472	8860472	1.53	1.14	3	0.00	0.00	Y	0.38	2026-09-30
sweep-200m_ck430k_seed3-8860472	8860472	1.53	1.14	3	0.00	0.00	Y	0.38	2026-09-30
sweep-200m_ck430k_seed1-8860472	8860472	1.53	1.14	3	0.00	0.00	Y	0.38	2026-09-30
sweep-200m_ck120k_seed1-8860472	8860472	1.53	1.14	3	0.00	0.00	Y	0.38	2026-09-30
sweep-200m_ck010k_seed1-8860472	8860472	1.53	1.14	3	0.00	0.00	Y	0.38	2026-09-30
sweep-200m_ck010k_seed3-8860472	8860472	1.53	1.14	3	0.00	0.00	Y	0.38	2026-09-30
sweep-200m_ck540k_seed1-8860442	8860442	1.52	1.14	3	0.00	0.00	Y	0.38	2026-09-30
validate-sweep-denoise-seeds-ep8-mid-8846290.aurora-pbs-0001.hostmgmt.cm.aurora.alcf.anl.gov	-	1.52	1.14	3	0.00	0.00	Y	0.38	2026-09-30
validate-sweep-denoise-200m-8842180.aurora-pbs-0001.hostmgmt.cm.aurora.alcf.anl.gov	-	1.52	1.14	3	0.00	0.00	Y	0.38	2026-09-30
allocfix2	-	1.51	0.00	0	0.00	0.00	N	0.00	2026-09-21
denoise-ft-100m-8839881	8839881	1.50	1.13	3	0.00	0.00	Y	0.38	2026-09-30
validate-sweep-contrastive-hp-8847485.aurora-pbs-0001.hostmgmt.cm.aurora.alcf.anl.gov	-	1.50	1.13	1	0.00	0.38	Y	0.38	2026-09-30
sweep-s400m_ck540k_lr4e-4_p128k2_seed0-8875194	8875194	1.48	0.00	0	0.00	0.00	Y	1.47	2026-09-27
sweep-s400m_t0003_pk064_ep12_seed2-8857593	8857593	1.47	0.00	0	0.00	0.00	Y	1.47	2026-09-23
sweep-s400m_ck220k_seed2-8860092	8860092	1.47	0.00	0	0.00	0.00	Y	1.47	2026-09-24
sweep-s400m_ck220k_seed1-8860092	8860092	1.47	0.00	0	0.00	0.00	Y	1.47	2026-09-24
sweep-s400m_ck120k_seed0-8870949	8870949	1.47	0.00	0	0.00	0.00	Y	1.47	2026-09-26
sweep-s400m_ck330k_seed0-8870949	8870949	1.47	0.00	0	0.00	0.00	Y	1.47	2026-09-26
sweep-s400m_ck540k_seed0-8870949	8870949	1.47	0.00	0	0.00	0.00	Y	1.47	2026-09-26
sweep-s400m_t0003_pk064_ep12_seed1-8857593	8857593	1.47	0.00	0	0.00	0.00	Y	1.47	2026-09-23
sweep-s400m_ck430k_seed0-8870949	8870949	1.47	0.00	0	0.00	0.00	Y	1.47	2026-09-26
sweep-s400m_ck220k_seed0-8860092	8860092	1.47	0.00	0	0.00	0.00	Y	1.47	2026-09-24
sweep-s400m_ck010k_seed0-8870949	8870949	1.47	0.00	0	0.00	0.00	Y	1.47	2026-09-26
sweep-s400m_t0003_pk064_ep12_seed0-8857593	8857593	1.47	0.00	0	0.00	0.00	Y	1.47	2026-09-23
sweep-s400m_lr5e4_kl10_t007_seed2-8848820	8848820	1.47	0.00	0	0.00	0.00	Y	1.47	2026-09-23
sweep-s400m_lr5e4_kl10_t007_seed3-8848820	8848820	1.47	0.00	0	0.00	0.00	Y	1.47	2026-09-23
sweep-s400m_lr2e5_kl10_t007_seed0-8848820	8848820	1.47	0.00	0	0.00	0.00	Y	1.47	2026-09-23
sweep-s400m_lr5e4_kl10_t007_seed0-8848820	8848820	1.47	0.00	0	0.00	0.00	Y	1.47	2026-09-23
sweep-s400m_lr5e4_kl10_t007_seed1-8848820	8848820	1.47	0.00	0	0.00	0.00	Y	1.47	2026-09-23
sweep-s400m_lr2e5_kl10_t007_seed1-8848820	8848820	1.47	0.00	0	0.00	0.00	Y	1.47	2026-09-23
sweep-s400m_lr1e4_kl10_t02_seed3-8848820	8848820	1.47	0.00	0	0.00	0.00	Y	1.47	2026-09-23
sweep-s400m_lr1e4_kl10_t02_seed1-8848820	8848820	1.47	0.00	0	0.00	0.00	Y	1.47	2026-09-23
sweep-s400m_lr1e4_kl10_t02_seed0-8848820	8848820	1.47	0.00	0	0.00	0.00	Y	1.47	2026-09-23
sweep-s400m_lr2e5_kl10_t02_seed1-8848820	8848820	1.47	0.00	0	0.00	0.00	Y	1.47	2026-09-23
sweep-s400m_lr5e4_kl10_t02_seed1-8848820	8848820	1.47	0.00	0	0.00	0.00	Y	1.47	2026-09-23
sweep-s400m_lr2e5_kl10_t02_seed2-8848820	8848820	1.47	0.00	0	0.00	0.00	Y	1.47	2026-09-23
sweep-s400m_lr5e4_kl10_t02_seed3-8848820	8848820	1.47	0.00	0	0.00	0.00	Y	1.47	2026-09-23
sweep-s400m_lr2e5_kl10_t02_seed0-8848820	8848820	1.47	0.00	0	0.00	0.00	Y	1.47	2026-09-23
sweep-s400m_lr2e5_kl10_t007_seed3-8848820	8848820	1.47	0.00	0	0.00	0.00	Y	1.47	2026-09-23
sweep-s400m_lr1e4_kl10_t02_seed2-8848820	8848820	1.47	0.00	0	0.00	0.00	Y	1.47	2026-09-23
sweep-s400m_lr5e4_kl10_t02_seed2-8848820	8848820	1.47	0.00	0	0.00	0.00	Y	1.47	2026-09-23
sweep-s400m_t003_pk04_seed0-8856460	8856460	1.47	0.00	0	0.00	0.00	Y	1.47	2026-09-23
sweep-s400m_lr5e4_kl10_t02_seed0-8848820	8848820	1.47	0.00	0	0.00	0.00	Y	1.47	2026-09-23
sweep-s400m_t003_pk04_seed1-8856460	8856460	1.47	0.00	0	0.00	0.00	Y	1.47	2026-09-23
sweep-s400m_t003_pk04_seed2-8856460	8856460	1.47	0.00	0	0.00	0.00	Y	1.47	2026-09-23
sweep-s400m_lr2e5_kl10_t007_seed2-8848820	8848820	1.47	0.00	0	0.00	0.00	Y	1.47	2026-09-23
sweep-s400m_lr2e5_kl10_t02_seed3-8848820	8848820	1.47	0.00	0	0.00	0.00	Y	1.47	2026-09-23
sweep-s400m_lr5e4_kl0_t007_seed2-8848820	8848820	1.47	0.00	0	0.00	0.00	Y	1.47	2026-09-23
sweep-s400m_lr2e5_kl0_t007_seed2-8848820	8848820	1.47	0.00	0	0.00	0.00	Y	1.47	2026-09-23
sweep-s400m_lr5e4_kl0_t007_seed3-8848820	8848820	1.47	0.00	0	0.00	0.00	Y	1.47	2026-09-23
sweep-s400m_lr2e5_kl0_t007_seed1-8848820	8848820	1.47	0.00	0	0.00	0.00	Y	1.47	2026-09-23
sweep-s400m_lr1e4_kl10_t007_seed5-8853703	8853703	1.47	0.00	0	0.00	0.00	Y	1.47	2026-09-23
sweep-s400m_lr5e4_kl0_t02_seed0-8848820	8848820	1.47	0.00	0	0.00	0.00	Y	1.47	2026-09-23
sweep-s400m_lr1e4_kl10_t007_seed3-8848820	8848820	1.47	0.00	0	0.00	0.00	Y	1.47	2026-09-23
sweep-s400m_lr2e5_kl0_t02_seed1-8848820	8848820	1.47	0.00	0	0.00	0.00	Y	1.47	2026-09-23
sweep-s400m_lr1e4_kl10_t007_seed1-8848820	8848820	1.47	0.00	0	0.00	0.00	Y	1.47	2026-09-23
sweep-s400m_lr2e5_kl0_t02_seed3-8848820	8848820	1.47	0.00	0	0.00	0.00	Y	1.47	2026-09-23
sweep-s400m_lr2e5_kl0_t02_seed0-8848820	8848820	1.47	0.00	0	0.00	0.00	Y	1.47	2026-09-23
sweep-s400m_lr5e4_kl0_t02_seed1-8848820	8848820	1.47	0.00	0	0.00	0.00	Y	1.47	2026-09-23
sweep-s400m_lr1e4_kl10_t007_seed4-8853703	8853703	1.47	0.00	0	0.00	0.00	Y	1.47	2026-09-23
sweep-s400m_lr1e4_kl10_t007_seed2-8848820	8848820	1.47	0.00	0	0.00	0.00	Y	1.47	2026-09-23
sweep-s400m_lr5e4_kl0_t02_seed3-8848820	8848820	1.47	0.00	0	0.00	0.00	Y	1.47	2026-09-23
sweep-s400m_lr1e4_kl10_t007_seed0-8848820	8848820	1.47	0.00	0	0.00	0.00	Y	1.47	2026-09-23
sweep-s400m_lr1e4_kl10_t007_seed10-8853703	8853703	1.47	0.00	0	0.00	0.00	Y	1.47	2026-09-23
sweep-s400m_t002_pk04_seed1-8856460	8856460	1.47	0.00	0	0.00	0.00	Y	1.47	2026-09-23
sweep-s400m_lr2e5_kl0_t007_seed3-8848820	8848820	1.47	0.00	0	0.00	0.00	Y	1.47	2026-09-23
sweep-s400m_lr2e5_kl10_t007_seed11-8854761	8854761	1.47	0.00	0	0.00	0.00	Y	1.47	2026-09-23
sweep-s400m_lr1e4_kl10_t007_seed6-8854761	8854761	1.47	0.00	0	0.00	0.00	Y	1.47	2026-09-23
sweep-s400m_t001_pk04_seed2-8856460	8856460	1.47	0.00	0	0.00	0.00	Y	1.47	2026-09-23
sweep-s400m_lr1e4_kl10_t007_seed11-8854761	8854761	1.47	0.00	0	0.00	0.00	Y	1.47	2026-09-23
sweep-s400m_lr1e4_kl10_t007_seed8-8854761	8854761	1.47	0.00	0	0.00	0.00	Y	1.47	2026-09-23
sweep-s400m_lr2e5_kl10_t007_seed5-8853703	8853703	1.47	0.00	0	0.00	0.00	Y	1.47	2026-09-23
sweep-s400m_t002_pk04_seed0-8856460	8856460	1.47	0.00	0	0.00	0.00	Y	1.47	2026-09-23
sweep-s400m_lr5e4_kl0_t007_seed1-8848820	8848820	1.47	0.00	0	0.00	0.00	Y	1.47	2026-09-23
sweep-s400m_lr2e5_kl10_t007_seed7-8853703	8853703	1.47	0.00	0	0.00	0.00	Y	1.47	2026-09-23
sweep-s400m_lr5e4_kl0_t02_seed2-8848820	8848820	1.47	0.00	0	0.00	0.00	Y	1.47	2026-09-23
sweep-s400m_lr2e5_kl10_t007_seed10-8854761	8854761	1.47	0.00	0	0.00	0.00	Y	1.47	2026-09-23
sweep-s400m_lr2e5_kl0_t007_seed0-8848820	8848820	1.47	0.00	0	0.00	0.00	Y	1.47	2026-09-23
sweep-s400m_t001_pk04_seed0-8856460	8856460	1.47	0.00	0	0.00	0.00	Y	1.47	2026-09-23
sweep-s400m_lr2e5_kl10_t007_seed9-8854761	8854761	1.47	0.00	0	0.00	0.00	Y	1.47	2026-09-23
sweep-s400m_lr2e5_kl10_t007_seed4-8854761	8854761	1.47	0.00	0	0.00	0.00	Y	1.47	2026-09-23
sweep-s400m_t001_pk04_seed1-8856460	8856460	1.47	0.00	0	0.00	0.00	Y	1.47	2026-09-23
sweep-s400m_t002_pk04_seed2-8856460	8856460	1.47	0.00	0	0.00	0.00	Y	1.47	2026-09-23
sweep-s400m_lr2e5_kl10_t007_seed8-8854761	8854761	1.47	0.00	0	0.00	0.00	Y	1.47	2026-09-23
sweep-s400m_lr1e4_kl10_t007_seed7-8854761	8854761	1.47	0.00	0	0.00	0.00	Y	1.47	2026-09-23
sweep-s400m_lr2e5_kl10_t007_seed6-8854761	8854761	1.47	0.00	0	0.00	0.00	Y	1.47	2026-09-23
sweep-s400m_lr1e4_kl10_t007_seed9-8854761	8854761	1.47	0.00	0	0.00	0.00	Y	1.47	2026-09-23
sweep-s400m_lr2e5_kl0_t02_seed2-8848820	8848820	1.47	0.00	0	0.00	0.00	Y	1.47	2026-09-23
sweep-s400m_lr5e4_kl0_t007_seed0-8848820	8848820	1.47	0.00	0	0.00	0.00	Y	1.47	2026-09-23
sweep-s400m_lr1e4_kl0_t007_seed0-8848820	8848820	1.47	0.00	0	0.00	0.00	Y	1.47	2026-09-23
sweep-s400m_lr1e4_kl0_t02_seed2-8848820	8848820	1.47	0.00	0	0.00	0.00	Y	1.47	2026-09-23
sweep-s400m_lr1e4_kl0_t02_seed1-8848820	8848820	1.47	0.00	0	0.00	0.00	Y	1.47	2026-09-23
sweep-s400m_lr1e4_kl0_t02_seed0-8848820	8848820	1.47	0.00	0	0.00	0.00	Y	1.47	2026-09-23
sweep-s400m_lr1e4_kl0_t007_seed2-8848820	8848820	1.47	0.00	0	0.00	0.00	Y	1.47	2026-09-23
sweep-s400m_lr1e4_kl0_t007_seed3-8848820	8848820	1.47	0.00	0	0.00	0.00	Y	1.47	2026-09-23
sweep-s400m_lr1e4_kl0_t02_seed3-8848820	8848820	1.47	0.00	0	0.00	0.00	Y	1.47	2026-09-23
sweep-s400m_lr1e4_kl0_t007_seed1-8848820	8848820	1.47	0.00	0	0.00	0.00	Y	1.47	2026-09-23
sweep-s400m_t0001_pk064_ep12_seed1-8857593	8857593	1.47	0.00	0	0.00	0.00	Y	1.47	2026-09-23
sweep-400m_ck220k_seed2-8851663	8851663	1.47	0.00	0	0.00	0.00	Y	1.47	2026-09-23
sweep-400m_ck220k_seed0-8851663	8851663	1.47	0.00	0	0.00	0.00	Y	1.47	2026-09-23
sweep-400m_ck220k_seed3-8851663	8851663	1.47	0.00	0	0.00	0.00	Y	1.47	2026-09-23
sweep-s400m_t0001_pk064_ep12_seed2-8857593	8857593	1.47	0.00	0	0.00	0.00	Y	1.47	2026-09-23
sweep-400m_ck220k_seed1-8851663	8851663	1.47	0.00	0	0.00	0.00	Y	1.47	2026-09-23
sweep-s400m_t0001_pk064_ep12_seed0-8857593	8857593	1.47	0.00	0	0.00	0.00	Y	1.47	2026-09-23
sweep-400m_ck220k_seed4-8851663	8851663	1.47	0.00	0	0.00	0.00	Y	1.47	2026-09-23
sweep-400m_ck220k_seed5-8851663	8851663	1.47	0.00	0	0.00	0.00	Y	1.47	2026-09-23
sweep-s400m_t0002_pk064_ep12_seed1-8857593	8857593	1.47	0.00	0	0.00	0.00	Y	1.47	2026-09-23
sweep-s400m_t0002_pk064_ep12_seed2-8857593	8857593	1.47	0.00	0	0.00	0.00	Y	1.47	2026-09-23
sweep-s400m_seed3-8853558	8853558	1.47	0.00	0	0.00	0.00	Y	1.47	2026-09-23
sweep-s400m_seed4-8853557	8853557	1.47	0.00	0	0.00	0.00	Y	1.47	2026-09-23
sweep-s400m_seed5-8853558	8853558	1.47	0.00	0	0.00	0.00	Y	1.47	2026-09-23
sweep-s400m_seed2-8854412	8854412	1.47	0.00	0	0.00	0.00	Y	1.47	2026-09-23
sweep-s400m_seed3-8853557	8853557	1.47	0.00	0	0.00	0.00	Y	1.47	2026-09-23
sweep-s400m_seed3-8845623	8845623	1.47	0.00	0	0.00	0.00	Y	1.47	2026-09-23
sweep-s400m_seed0-8854412	8854412	1.47	0.00	0	0.00	0.00	Y	1.47	2026-09-23
sweep-s400m_seed4-8845623	8845623	1.47	0.00	0	0.00	0.00	Y	1.47	2026-09-23
sweep-s400m_seed0-8845623	8845623	1.47	0.00	0	0.00	0.00	Y	1.47	2026-09-23
sweep-s400m_seed1-8854412	8854412	1.47	0.00	0	0.00	0.00	Y	1.47	2026-09-23
sweep-s400m_seed1-8854760	8854760	1.47	0.00	0	0.00	0.00	Y	1.47	2026-09-23
sweep-s400m_seed5-8854412	8854412	1.47	0.00	0	0.00	0.00	Y	1.47	2026-09-23
sweep-s400m_seed2-8845623	8845623	1.47	0.00	0	0.00	0.00	Y	1.47	2026-09-23
sweep-s400m_seed2-8854760	8854760	1.47	0.00	0	0.00	0.00	Y	1.47	2026-09-23
sweep-s400m_seed5-8845623	8845623	1.47	0.00	0	0.00	0.00	Y	1.47	2026-09-23
sweep-s400m_seed1-8845623	8845623	1.47	0.00	0	0.00	0.00	Y	1.47	2026-09-23
sweep-s400m_seed4-8854760	8854760	1.47	0.00	0	0.00	0.00	Y	1.47	2026-09-23
sweep-s400m_seed0-8854760	8854760	1.47	0.00	0	0.00	0.00	Y	1.47	2026-09-23
sweep-s400m_seed3-8848471	8848471	1.47	0.00	0	0.00	0.00	Y	1.47	2026-09-23
sweep-s400m_seed0-8845057	8845057	1.47	0.00	0	0.00	0.00	Y	1.47	2026-09-23
sweep-s400m_seed0-8845548	8845548	1.47	0.00	0	0.00	0.00	Y	1.47	2026-09-23
sweep-s400m_seed0-8848471	8848471	1.47	0.00	0	0.00	0.00	Y	1.47	2026-09-23
sweep-s400m_seed5-8848471	8848471	1.47	0.00	0	0.00	0.00	Y	1.47	2026-09-23
sweep-s400m_seed4-8848471	8848471	1.47	0.00	0	0.00	0.00	Y	1.47	2026-09-23
sweep-s400m_seed0-8848049	8848049	1.47	0.00	0	0.00	0.00	Y	1.47	2026-09-23
sweep-s400m_seed1-8848471	8848471	1.47	0.00	0	0.00	0.00	Y	1.47	2026-09-23
sweep-s400m_seed1-8848049	8848049	1.47	0.00	0	0.00	0.00	Y	1.47	2026-09-23
sweep-s400m_seed2-8848471	8848471	1.47	0.00	0	0.00	0.00	Y	1.47	2026-09-23
sweep-s400m_seed5-8848049	8848049	1.47	0.00	0	0.00	0.00	Y	1.47	2026-09-23
sweep-s400m_seed3-8848049	8848049	1.47	0.00	0	0.00	0.00	Y	1.47	2026-09-23
sweep-s400m_seed2-8848049	8848049	1.47	0.00	0	0.00	0.00	Y	1.47	2026-09-23
sweep-s400m_t0002_pk064_ep12_seed0-8857593	8857593	1.47	0.00	0	0.00	0.00	Y	1.47	2026-09-23
sweep-s400m_seed4-8848049	8848049	1.47	0.00	0	0.00	0.00	Y	1.47	2026-09-23
sweep-s400m_t0003_pk256_ep12_seed2-8857593	8857593	1.47	0.00	0	0.00	0.00	Y	1.47	2026-09-23
sweep-s400m_t0003_pk256_ep12_seed1-8857593	8857593	1.47	0.00	0	0.00	0.00	Y	1.47	2026-09-23
sweep-s400m_t0003_pk256_ep12_seed0-8857593	8857593	1.47	0.00	0	0.00	0.00	Y	1.47	2026-09-23
sweep-s400m_t0001_pk256_ep12_seed2-8857593	8857593	1.47	0.00	0	0.00	0.00	Y	1.47	2026-09-23
sweep-s400m_t0001_pk256_ep12_seed0-8857593	8857593	1.47	0.00	0	0.00	0.00	Y	1.47	2026-09-23
sweep-s400m_t0002_pk256_ep12_seed1-8857593	8857593	1.47	0.00	0	0.00	0.00	Y	1.47	2026-09-23
sweep-s400m_t0002_pk256_ep12_seed2-8857593	8857593	1.47	0.00	0	0.00	0.00	Y	1.47	2026-09-23
sweep-s400m_t0001_pk256_ep12_seed1-8857593	8857593	1.47	0.00	0	0.00	0.00	Y	1.47	2026-09-23
sweep-s400m_t0002_pk256_ep12_seed0-8857593	8857593	1.47	0.00	0	0.00	0.00	Y	1.47	2026-09-23
sweep-s400m_t0003_pk064_ep03_seed1-8857593	8857593	1.47	0.00	0	0.00	0.00	Y	1.47	2026-09-23
sweep-s400m_t0003_pk064_ep03_seed2-8857593	8857593	1.47	0.00	0	0.00	0.00	Y	1.47	2026-09-23
sweep-s400m_t0003_pk064_ep03_seed0-8857593	8857593	1.47	0.00	0	0.00	0.00	Y	1.47	2026-09-23
sweep-s400m_t0001_pk064_ep03_seed2-8857593	8857593	1.47	0.00	0	0.00	0.00	Y	1.47	2026-09-23
sweep-s400m_t0003_pk256_ep03_seed1-8857593	8857593	1.47	0.00	0	0.00	0.00	Y	1.47	2026-09-23
sweep-s400m_t0003_pk256_ep03_seed2-8857593	8857593	1.47	0.00	0	0.00	0.00	Y	1.47	2026-09-23
sweep-s400m_t0003_pk256_ep03_seed0-8857593	8857593	1.47	0.00	0	0.00	0.00	Y	1.47	2026-09-23
sweep-s400m_ck220k_seed0-8859938	8859938	1.47	0.00	0	0.00	0.00	Y	1.47	2026-09-23
sweep-s400m_t002_pk16_seed2-8856460	8856460	1.47	0.00	0	0.00	0.00	Y	1.47	2026-09-23
sweep-s400m_t003_pk16_seed2-8856460	8856460	1.47	0.00	0	0.00	0.00	Y	1.47	2026-09-23
sweep-s400m_t003_pk16_seed1-8856460	8856460	1.47	0.00	0	0.00	0.00	Y	1.47	2026-09-23
sweep-s400m_t003_pk16_seed0-8856460	8856460	1.47	0.00	0	0.00	0.00	Y	1.47	2026-09-23
sweep-s400m_t001_pk16_seed2-8856460	8856460	1.47	0.00	0	0.00	0.00	Y	1.47	2026-09-23
sweep-s400m_t002_pk16_seed0-8856460	8856460	1.47	0.00	0	0.00	0.00	Y	1.47	2026-09-23
sweep-s400m_t002_pk16_seed1-8856460	8856460	1.47	0.00	0	0.00	0.00	Y	1.47	2026-09-23
sweep-s400m_t001_pk16_seed1-8856460	8856460	1.47	0.00	0	0.00	0.00	Y	1.47	2026-09-23
sweep-s400m_t001_pk16_seed0-8856460	8856460	1.47	0.00	0	0.00	0.00	Y	1.47	2026-09-23
sweep-s400m_t0001_pk064_ep03_seed1-8857593	8857593	1.47	0.00	0	0.00	0.00	Y	1.47	2026-09-23
sweep-s400m_t001_pk64_seed2-8856460	8856460	1.47	0.00	0	0.00	0.00	Y	1.47	2026-09-23
sweep-s400m_t0001_pk064_ep03_seed0-8857593	8857593	1.47	0.00	0	0.00	0.00	Y	1.47	2026-09-23
sweep-s400m_t003_pk64_seed2-8856460	8856460	1.47	0.00	0	0.00	0.00	Y	1.47	2026-09-23
sweep-s400m_t002_pk64_seed1-8856460	8856460	1.47	0.00	0	0.00	0.00	Y	1.47	2026-09-23
sweep-s400m_t003_pk64_seed0-8856460	8856460	1.47	0.00	0	0.00	0.00	Y	1.47	2026-09-23
sweep-s400m_t002_pk64_seed2-8856460	8856460	1.47	0.00	0	0.00	0.00	Y	1.47	2026-09-23
sweep-s400m_t0002_pk064_ep03_seed1-8857593	8857593	1.47	0.00	0	0.00	0.00	Y	1.47	2026-09-23
sweep-s400m_t0002_pk064_ep03_seed0-8857593	8857593	1.47	0.00	0	0.00	0.00	Y	1.47	2026-09-23
sweep-s400m_t0005_pk064_seed0-8857336	8857336	1.47	0.00	0	0.00	0.00	Y	1.47	2026-09-23
sweep-s400m_t0002_pk064_ep03_seed2-8857593	8857593	1.47	0.00	0	0.00	0.00	Y	1.47	2026-09-23
sweep-s400m_t001_pk64_seed1-8856460	8856460	1.47	0.00	0	0.00	0.00	Y	1.47	2026-09-23
sweep-s400m_t0005_pk064_seed2-8857336	8857336	1.47	0.00	0	0.00	0.00	Y	1.47	2026-09-23
sweep-s400m_t0003_pk064_seed2-8857336	8857336	1.47	0.00	0	0.00	0.00	Y	1.47	2026-09-23
sweep-s400m_t001_pk064_seed0-8857336	8857336	1.47	0.00	0	0.00	0.00	Y	1.47	2026-09-23
sweep-s400m_t001_pk064_seed1-8857336	8857336	1.47	0.00	0	0.00	0.00	Y	1.47	2026-09-23
sweep-s400m_t001_pk064_seed2-8857336	8857336	1.47	0.00	0	0.00	0.00	Y	1.47	2026-09-23
sweep-s400m_t0005_pk064_seed1-8857336	8857336	1.47	0.00	0	0.00	0.00	Y	1.47	2026-09-23
sweep-s400m_t001_pk64_seed0-8856460	8856460	1.47	0.00	0	0.00	0.00	Y	1.47	2026-09-23
sweep-s400m_t0003_pk064_seed0-8857336	8857336	1.47	0.00	0	0.00	0.00	Y	1.47	2026-09-23
sweep-s400m_t0003_pk064_seed1-8857336	8857336	1.47	0.00	0	0.00	0.00	Y	1.47	2026-09-23
sweep-s400m_t003_pk64_seed1-8856460	8856460	1.47	0.00	0	0.00	0.00	Y	1.47	2026-09-23
sweep-s400m_ck220k_ep01_seed0-8859995	8859995	1.47	0.00	0	0.00	0.00	Y	1.47	2026-09-23
sweep-s400m_t0001_pk256_ep03_seed2-8857593	8857593	1.47	0.00	0	0.00	0.00	Y	1.47	2026-09-23
sweep-s400m_t0001_pk256_ep03_seed1-8857593	8857593	1.47	0.00	0	0.00	0.00	Y	1.47	2026-09-23
sweep-s400m_t0003_pk128_seed1-8857336	8857336	1.47	0.00	0	0.00	0.00	Y	1.47	2026-09-23
sweep-s400m_t0003_pk128_seed2-8857336	8857336	1.47	0.00	0	0.00	0.00	Y	1.47	2026-09-23
sweep-s400m_t0003_pk128_seed0-8857336	8857336	1.47	0.00	0	0.00	0.00	Y	1.47	2026-09-23
sweep-s400m_t001_pk128_seed0-8857336	8857336	1.47	0.00	0	0.00	0.00	Y	1.47	2026-09-23
sweep-s400m_t0005_pk128_seed0-8857336	8857336	1.47	0.00	0	0.00	0.00	Y	1.47	2026-09-23
sweep-s400m_t001_pk128_seed2-8857336	8857336	1.47	0.00	0	0.00	0.00	Y	1.47	2026-09-23
sweep-s400m_t001_pk128_seed1-8857336	8857336	1.47	0.00	0	0.00	0.00	Y	1.47	2026-09-23
sweep-s400m_t0005_pk128_seed2-8857336	8857336	1.47	0.00	0	0.00	0.00	Y	1.47	2026-09-23
sweep-s400m_t0005_pk128_seed1-8857336	8857336	1.47	0.00	0	0.00	0.00	Y	1.47	2026-09-23
sweep-s400m_t0001_pk256_ep03_seed0-8857593	8857593	1.47	0.00	0	0.00	0.00	Y	1.47	2026-09-23
sweep-s400m_t0002_pk256_ep03_seed2-8857593	8857593	1.47	0.00	0	0.00	0.00	Y	1.47	2026-09-23
sweep-s400m_t0002_pk256_ep03_seed1-8857593	8857593	1.47	0.00	0	0.00	0.00	Y	1.47	2026-09-23
sweep-s400m_t001_pk256_seed1-8857336	8857336	1.47	0.00	0	0.00	0.00	Y	1.47	2026-09-23
sweep-s400m_t001_pk256_seed0-8857336	8857336	1.47	0.00	0	0.00	0.00	Y	1.47	2026-09-23
sweep-s400m_t0002_pk256_ep03_seed0-8857593	8857593	1.47	0.00	0	0.00	0.00	Y	1.47	2026-09-23
sweep-s400m_t0005_pk256_seed1-8857336	8857336	1.47	0.00	0	0.00	0.00	Y	1.47	2026-09-23
sweep-s400m_t0003_pk256_seed2-8857336	8857336	1.47	0.00	0	0.00	0.00	Y	1.47	2026-09-23
sweep-s400m_t0005_pk256_seed0-8857336	8857336	1.47	0.00	0	0.00	0.00	Y	1.47	2026-09-23
sweep-s400m_t0003_pk256_seed0-8857336	8857336	1.47	0.00	0	0.00	0.00	Y	1.47	2026-09-23
sweep-s400m_t001_pk256_seed2-8857336	8857336	1.47	0.00	0	0.00	0.00	Y	1.47	2026-09-23
sweep-s400m_t0005_pk256_seed2-8857336	8857336	1.47	0.00	0	0.00	0.00	Y	1.47	2026-09-23
sweep-s400m_t0003_pk256_seed1-8857336	8857336	1.47	0.00	0	0.00	0.00	Y	1.47	2026-09-23
sweep-s400m_t001_pk512_seed1-8857336	8857336	1.47	0.00	0	0.00	0.00	Y	1.47	2026-09-23
sweep-s400m_t0005_pk512_seed1-8857336	8857336	1.47	0.00	0	0.00	0.00	Y	1.47	2026-09-23
sweep-s400m_t0003_pk512_seed2-8857336	8857336	1.47	0.00	0	0.00	0.00	Y	1.47	2026-09-23
sweep-s400m_t0005_pk512_seed2-8857336	8857336	1.47	0.00	0	0.00	0.00	Y	1.47	2026-09-23
sweep-s400m_t0003_pk512_seed0-8857336	8857336	1.47	0.00	0	0.00	0.00	Y	1.47	2026-09-23
sweep-s400m_t0005_pk512_seed0-8857336	8857336	1.47	0.00	0	0.00	0.00	Y	1.47	2026-09-23
sweep-s400m_t001_pk512_seed2-8857336	8857336	1.47	0.00	0	0.00	0.00	Y	1.47	2026-09-23
sweep-s400m_t001_pk512_seed0-8857336	8857336	1.47	0.00	0	0.00	0.00	Y	1.47	2026-09-23
sweep-s400m_t0003_pk512_seed1-8857336	8857336	1.47	0.00	0	0.00	0.00	Y	1.47	2026-09-23
sweep-s400m_ck220k_seed0-8859890	8859890	1.47	0.00	0	0.00	0.00	Y	1.47	2026-09-23
validate-sweep-conneg-8856606.aurora-pbs-0001.hostmgmt.cm.aurora.alcf.anl.gov	-	1.47	0.00	0	0.00	0.00	Y	1.47	2026-09-23
validate-sweep-conbig-8856438.aurora-pbs-0001.hostmgmt.cm.aurora.alcf.anl.gov	-	1.47	0.00	0	0.00	0.00	Y	1.47	2026-09-23
validate-sweep-conlong-8857561.aurora-pbs-0001.hostmgmt.cm.aurora.alcf.anl.gov	-	1.47	0.00	0	0.00	0.00	Y	1.47	2026-09-23
validate-sweep-conbig-8856370.aurora-pbs-0001.hostmgmt.cm.aurora.alcf.anl.gov	-	1.47	0.00	0	0.00	0.00	Y	1.47	2026-09-22
sweep-s050m_ck330k_besteval_seed5-8856159	8856159	1.30	1.11	2	0.00	0.37	Y	0.19	2026-09-30
sweep-s050m_ck330k_besteval_seed3-8856159	8856159	1.30	1.11	2	0.00	0.37	Y	0.19	2026-09-30
sweep-s050m_ck330k_besteval_seed1-8856159	8856159	1.30	1.11	2	0.00	0.37	Y	0.19	2026-09-30
sweep-s050m_ck330k_besteval_seed2-8856159	8856159	1.30	1.11	2	0.00	0.37	Y	0.19	2026-09-30
sweep-s050m_ck330k_besteval_seed4-8856159	8856159	1.30	1.11	2	0.00	0.37	Y	0.19	2026-09-30
sweep-s050m_ck330k_besteval_seed0-8856159	8856159	1.30	1.11	2	0.00	0.37	Y	0.19	2026-09-30
validate-sweep-pairaccum-8848363.aurora-pbs-0001.hostmgmt.cm.aurora.alcf.anl.gov	-	1.30	1.11	2	0.00	0.37	Y	0.19	2026-09-30
validate-sweep-pairloss-hp-8847617.aurora-pbs-0001.hostmgmt.cm.aurora.alcf.anl.gov	-	1.30	1.11	2	0.00	0.37	Y	0.19	2026-09-30
sweep-cont050m_ep01_seed0-8860469	8860469	1.30	1.11	2	0.00	0.37	Y	0.19	2026-09-24
sweep-s050m_ck120k_lr4e-4_p170k2_seed1-8880712	8880712	1.11	1.11	2	0.00	0.37	N	0.00	2026-09-30
sweep-s050m_ck120k_lr4e-4_p170k2_seed0-8880712	8880712	1.11	1.11	2	0.00	0.37	N	0.00	2026-09-30
sweep-lr1e4_kl10_t007-8840665	8840665	0.93	0.74	2	0.00	0.00	Y	0.19	2026-09-30
sweep-lr5e4_kl10_t007-8840665	8840665	0.93	0.74	2	0.00	0.00	Y	0.19	2026-09-30
sweep-lr5e4_kl10_t02-8840665	8840665	0.93	0.74	2	0.00	0.00	Y	0.19	2026-09-30
sweep-lr2e5_kl10_t007-8840665	8840665	0.93	0.74	2	0.00	0.00	Y	0.19	2026-09-30
sweep-lr2e5_kl10_t02-8840665	8840665	0.93	0.74	2	0.00	0.00	Y	0.19	2026-09-30
v2_contrastive-50m-b8-8840651	8840651	0.93	0.74	2	0.00	0.00	Y	0.19	2026-09-30
sweep-lr1e4_kl10_t02-8840665	8840665	0.93	0.74	2	0.00	0.00	Y	0.19	2026-09-30
v2_contrastive-50m-p256-b32-8840656	8840656	0.93	0.74	2	0.00	0.00	Y	0.19	2026-09-30
sweep-100m_ck010k_seed3-8856549	8856549	0.77	0.57	3	0.00	0.00	Y	0.19	2026-09-30
sweep-100m_ck010k_seed1-8856549	8856549	0.77	0.57	3	0.00	0.00	Y	0.19	2026-09-30
sweep-100m_ck120k_seed3-8856549	8856549	0.77	0.57	3	0.00	0.00	Y	0.19	2026-09-30
sweep-100m_ck010k_seed2-8856549	8856549	0.77	0.57	3	0.00	0.00	Y	0.19	2026-09-30
sweep-100m_ck330k_seed3-8850494	8850494	0.77	0.57	3	0.00	0.00	Y	0.19	2026-09-30
sweep-100m_ck330k_seed1-8850494	8850494	0.77	0.57	3	0.00	0.00	Y	0.19	2026-09-30
sweep-100m_ck220k_seed1-8850494	8850494	0.77	0.57	3	0.00	0.00	Y	0.19	2026-09-30
sweep-100m_ck220k_seed3-8850494	8850494	0.77	0.57	3	0.00	0.00	Y	0.19	2026-09-30
sweep-100m_ck430k_seed3-8856549	8856549	0.77	0.57	3	0.00	0.00	Y	0.19	2026-09-30
sweep-100m_ck540k_seed1-8856549	8856549	0.77	0.57	3	0.00	0.00	Y	0.19	2026-09-30
sweep-100m_ck430k_seed2-8856549	8856549	0.77	0.57	3	0.00	0.00	Y	0.19	2026-09-30
sweep-100m_ck430k_seed1-8856549	8856549	0.77	0.57	3	0.00	0.00	Y	0.19	2026-09-30
sweep-100m_ck330k_seed2-8850494	8850494	0.77	0.57	3	0.00	0.00	Y	0.19	2026-09-30
sweep-100m_ck540k_seed2-8856549	8856549	0.77	0.57	3	0.00	0.00	Y	0.19	2026-09-30
sweep-100m_ck220k_seed2-8850494	8850494	0.77	0.57	3	0.00	0.00	Y	0.19	2026-09-30
sweep-100m_ck540k_seed3-8856549	8856549	0.77	0.57	3	0.00	0.00	Y	0.19	2026-09-30
sweep-100m_ck120k_seed1-8856549	8856549	0.77	0.57	3	0.00	0.00	Y	0.19	2026-09-30
sweep-100m_ck120k_seed2-8856549	8856549	0.77	0.57	3	0.00	0.00	Y	0.19	2026-09-30
sweep-es025_ep8-8845252	8845252	0.76	0.00	0	0.00	0.00	Y	0.74	2026-09-22
sweep-es05_ep8-8845252	8845252	0.76	0.00	0	0.00	0.00	Y	0.74	2026-09-22
sweep-es01_ep8-8845252	8845252	0.76	0.00	0	0.00	0.00	Y	0.74	2026-09-22
sweep-s200m_ck540k_lr4e-4_p170k2_cons_seed0-8881357	8881357	0.76	0.00	0	0.00	0.00	Y	0.76	2026-09-30
sweep-s200m_ck330k_lr4e-4_p170k2_seed0-8880653	8880653	0.76	0.00	0	0.00	0.00	Y	0.76	2026-09-30
sweep-s200m_ck192k_lr4e-4_p170k2_seed0-8880653	8880653	0.76	0.00	0	0.00	0.00	Y	0.76	2026-09-30
sweep-s200m_ck010k_lr4e-4_p170k2_seed0-8880653	8880653	0.76	0.00	0	0.00	0.00	Y	0.76	2026-09-30
sweep-s200m_lr1e4_kl10_t02_seed1-8848820	8848820	0.76	0.00	0	0.00	0.00	Y	0.76	2026-09-23
sweep-s200m_lr1e4_kl10_t02_seed2-8848820	8848820	0.76	0.00	0	0.00	0.00	Y	0.76	2026-09-23
sweep-s200m_lr1e4_kl10_t02_seed3-8848820	8848820	0.76	0.00	0	0.00	0.00	Y	0.76	2026-09-23
sweep-s200m_lr1e4_kl10_t007_seed3-8848820	8848820	0.76	0.00	0	0.00	0.00	Y	0.76	2026-09-23
sweep-s200m_lr2e5_kl10_t007_seed0-8848820	8848820	0.76	0.00	0	0.00	0.00	Y	0.76	2026-09-23
sweep-s200m_lr1e4_kl10_t007_seed1-8848820	8848820	0.76	0.00	0	0.00	0.00	Y	0.76	2026-09-23
sweep-s200m_lr1e4_kl10_t007_seed0-8848820	8848820	0.76	0.00	0	0.00	0.00	Y	0.76	2026-09-23
sweep-s200m_lr1e4_kl10_t007_seed2-8848820	8848820	0.76	0.00	0	0.00	0.00	Y	0.76	2026-09-23
sweep-s200m_lr1e4_kl10_t02_seed0-8848820	8848820	0.76	0.00	0	0.00	0.00	Y	0.76	2026-09-23
sweep-s200m_lr5e4_kl10_t007_seed0-8848820	8848820	0.76	0.00	0	0.00	0.00	Y	0.76	2026-09-23
sweep-s200m_lr5e4_kl10_t02_seed2-8848820	8848820	0.76	0.00	0	0.00	0.00	Y	0.76	2026-09-23
sweep-s200m_lr2e5_kl10_t007_seed2-8848820	8848820	0.76	0.00	0	0.00	0.00	Y	0.76	2026-09-23
sweep-s200m_lr5e4_kl0_t007_seed2-8848820	8848820	0.76	0.00	0	0.00	0.00	Y	0.76	2026-09-23
sweep-s200m_lr1e4_kl10_t007_seed10-8853703	8853703	0.76	0.00	0	0.00	0.00	Y	0.76	2026-09-23
sweep-s200m_lr2e5_kl10_t02_seed1-8848820	8848820	0.76	0.00	0	0.00	0.00	Y	0.76	2026-09-23
sweep-s200m_lr2e5_kl10_t007_seed3-8848820	8848820	0.76	0.00	0	0.00	0.00	Y	0.76	2026-09-23
sweep-s200m_lr5e4_kl10_t007_seed3-8848820	8848820	0.76	0.00	0	0.00	0.00	Y	0.76	2026-09-23
sweep-s200m_lr5e4_kl10_t02_seed1-8848820	8848820	0.76	0.00	0	0.00	0.00	Y	0.76	2026-09-23
sweep-s200m_lr2e5_kl10_t02_seed0-8848820	8848820	0.76	0.00	0	0.00	0.00	Y	0.76	2026-09-23
sweep-s200m_lr2e5_kl10_t007_seed1-8848820	8848820	0.76	0.00	0	0.00	0.00	Y	0.76	2026-09-23
sweep-s200m_lr5e4_kl10_t007_seed2-8848820	8848820	0.76	0.00	0	0.00	0.00	Y	0.76	2026-09-23
sweep-s200m_lr5e4_kl10_t02_seed0-8848820	8848820	0.76	0.00	0	0.00	0.00	Y	0.76	2026-09-23
sweep-s200m_lr1e4_kl10_t007_seed11-8853703	8853703	0.76	0.00	0	0.00	0.00	Y	0.76	2026-09-23
sweep-s200m_lr2e5_kl10_t02_seed2-8848820	8848820	0.76	0.00	0	0.00	0.00	Y	0.76	2026-09-23
sweep-s200m_lr5e4_kl10_t007_seed1-8848820	8848820	0.76	0.00	0	0.00	0.00	Y	0.76	2026-09-23
sweep-s200m_lr1e4_kl10_t007_seed8-8853703	8853703	0.76	0.00	0	0.00	0.00	Y	0.76	2026-09-23
sweep-s200m_lr5e4_kl10_t02_seed3-8848820	8848820	0.76	0.00	0	0.00	0.00	Y	0.76	2026-09-23
sweep-s200m_lr5e4_kl10_t007_seed10-8853703	8853703	0.76	0.00	0	0.00	0.00	Y	0.76	2026-09-23
sweep-s200m_lr5e4_kl10_t007_seed6-8853703	8853703	0.76	0.00	0	0.00	0.00	Y	0.76	2026-09-23
sweep-s200m_lr1e4_kl10_t007_seed9-8853703	8853703	0.76	0.00	0	0.00	0.00	Y	0.76	2026-09-23
sweep-s200m_lr1e4_kl10_t007_seed6-8853703	8853703	0.76	0.00	0	0.00	0.00	Y	0.76	2026-09-23
sweep-s200m_lr5e4_kl10_t007_seed9-8853703	8853703	0.76	0.00	0	0.00	0.00	Y	0.76	2026-09-23
sweep-s200m_lr1e4_kl10_t007_seed5-8853703	8853703	0.76	0.00	0	0.00	0.00	Y	0.76	2026-09-23
sweep-s200m_lr5e4_kl10_t007_seed8-8853703	8853703	0.76	0.00	0	0.00	0.00	Y	0.76	2026-09-23
sweep-s200m_lr2e5_kl0_t007_seed1-8848820	8848820	0.76	0.00	0	0.00	0.00	Y	0.76	2026-09-23
sweep-s200m_lr1e4_kl10_t007_seed7-8853703	8853703	0.76	0.00	0	0.00	0.00	Y	0.76	2026-09-23
sweep-s200m_lr1e4_kl10_t007_seed4-8853703	8853703	0.76	0.00	0	0.00	0.00	Y	0.76	2026-09-23
sweep-s200m_lr2e5_kl10_t02_seed3-8848820	8848820	0.76	0.00	0	0.00	0.00	Y	0.76	2026-09-23
sweep-s200m_lr5e4_kl10_t007_seed7-8853703	8853703	0.76	0.00	0	0.00	0.00	Y	0.76	2026-09-23
sweep-s200m_lr2e5_kl0_t02_seed1-8848820	8848820	0.76	0.00	0	0.00	0.00	Y	0.76	2026-09-23
sweep-s200m_lr5e4_kl10_t007_seed5-8854761	8854761	0.76	0.00	0	0.00	0.00	Y	0.76	2026-09-23
sweep-s200m_lr2e5_kl0_t02_seed3-8848820	8848820	0.76	0.00	0	0.00	0.00	Y	0.76	2026-09-23
sweep-s200m_lr2e5_kl0_t007_seed2-8848820	8848820	0.76	0.00	0	0.00	0.00	Y	0.76	2026-09-23
sweep-s200m_t003_pk04_seed1-8856460	8856460	0.76	0.00	0	0.00	0.00	Y	0.76	2026-09-23
sweep-s200m_lr1e4_kl0_t007_seed1-8848820	8848820	0.76	0.00	0	0.00	0.00	Y	0.76	2026-09-23
sweep-s200m_lr1e4_kl0_t02_seed1-8848820	8848820	0.76	0.00	0	0.00	0.00	Y	0.76	2026-09-23
sweep-s200m_lr1e4_kl0_t007_seed3-8848820	8848820	0.76	0.00	0	0.00	0.00	Y	0.76	2026-09-23
sweep-s200m_lr5e4_kl10_t007_seed4-8853703	8853703	0.76	0.00	0	0.00	0.00	Y	0.76	2026-09-23
sweep-s200m_lr2e5_kl0_t007_seed3-8848820	8848820	0.76	0.00	0	0.00	0.00	Y	0.76	2026-09-23
sweep-s200m_lr1e4_kl0_t02_seed2-8848820	8848820	0.76	0.00	0	0.00	0.00	Y	0.76	2026-09-23
sweep-s200m_lr2e5_kl0_t02_seed2-8848820	8848820	0.76	0.00	0	0.00	0.00	Y	0.76	2026-09-23
sweep-s200m_lr1e4_kl0_t007_seed2-8848820	8848820	0.76	0.00	0	0.00	0.00	Y	0.76	2026-09-23
sweep-s200m_lr1e4_kl0_t007_seed0-8848820	8848820	0.76	0.00	0	0.00	0.00	Y	0.76	2026-09-23
sweep-s200m_lr2e5_kl0_t007_seed0-8848820	8848820	0.76	0.00	0	0.00	0.00	Y	0.76	2026-09-23
sweep-s200m_lr5e4_kl10_t007_seed11-8854761	8854761	0.76	0.00	0	0.00	0.00	Y	0.76	2026-09-23
sweep-s200m_lr2e5_kl0_t02_seed0-8848820	8848820	0.76	0.00	0	0.00	0.00	Y	0.76	2026-09-23
sweep-s200m_lr1e4_kl0_t02_seed3-8848820	8848820	0.76	0.00	0	0.00	0.00	Y	0.76	2026-09-23
sweep-s200m_t003_pk04_seed2-8856460	8856460	0.76	0.00	0	0.00	0.00	Y	0.76	2026-09-23
sweep-s200m_t003_pk04_seed0-8856460	8856460	0.76	0.00	0	0.00	0.00	Y	0.76	2026-09-23
sweep-s200m_t001_pk04_seed1-8856460	8856460	0.76	0.00	0	0.00	0.00	Y	0.76	2026-09-23
sweep-s200m_lr1e4_kl0_t02_seed0-8848820	8848820	0.76	0.00	0	0.00	0.00	Y	0.76	2026-09-23
sweep-s200m_t001_pk04_seed0-8856460	8856460	0.76	0.00	0	0.00	0.00	Y	0.76	2026-09-23
sweep-s200m_lr5e4_kl0_t007_seed0-8848820	8848820	0.76	0.00	0	0.00	0.00	Y	0.76	2026-09-23
sweep-s200m_lr5e4_kl0_t02_seed2-8848820	8848820	0.76	0.00	0	0.00	0.00	Y	0.76	2026-09-23
sweep-s200m_t002_pk04_seed2-8856460	8856460	0.76	0.00	0	0.00	0.00	Y	0.76	2026-09-23
sweep-s200m_lr5e4_kl0_t007_seed1-8848820	8848820	0.76	0.00	0	0.00	0.00	Y	0.76	2026-09-23
sweep-s200m_t001_pk04_seed2-8856460	8856460	0.76	0.00	0	0.00	0.00	Y	0.76	2026-09-23
sweep-s200m_t002_pk04_seed0-8856460	8856460	0.76	0.00	0	0.00	0.00	Y	0.76	2026-09-23
sweep-s200m_lr5e4_kl0_t007_seed3-8848820	8848820	0.76	0.00	0	0.00	0.00	Y	0.76	2026-09-23
sweep-s200m_lr5e4_kl0_t02_seed3-8848820	8848820	0.76	0.00	0	0.00	0.00	Y	0.76	2026-09-23
sweep-s200m_lr5e4_kl0_t02_seed1-8848820	8848820	0.76	0.00	0	0.00	0.00	Y	0.76	2026-09-23
sweep-s200m_lr5e4_kl0_t02_seed0-8848820	8848820	0.76	0.00	0	0.00	0.00	Y	0.76	2026-09-23
sweep-s200m_t002_pk04_seed1-8856460	8856460	0.76	0.00	0	0.00	0.00	Y	0.76	2026-09-23
sweep-200m_ck220k_seed4-8851663	8851663	0.76	0.00	0	0.00	0.00	Y	0.76	2026-09-23
sweep-200m_ck220k_seed3-8851663	8851663	0.76	0.00	0	0.00	0.00	Y	0.76	2026-09-23
sweep-200m_ck330k_seed2-8851663	8851663	0.76	0.00	0	0.00	0.00	Y	0.76	2026-09-23
sweep-200m_ck330k_seed4-8851663	8851663	0.76	0.00	0	0.00	0.00	Y	0.76	2026-09-23
sweep-200m_ck220k_seed2-8851663	8851663	0.76	0.00	0	0.00	0.00	Y	0.76	2026-09-23
sweep-200m_ck220k_seed5-8851663	8851663	0.76	0.00	0	0.00	0.00	Y	0.76	2026-09-23
sweep-200m_ck330k_seed5-8851663	8851663	0.76	0.00	0	0.00	0.00	Y	0.76	2026-09-23
sweep-200m_ck220k_seed1-8851663	8851663	0.76	0.00	0	0.00	0.00	Y	0.76	2026-09-23
sweep-200m_ck330k_seed1-8851663	8851663	0.76	0.00	0	0.00	0.00	Y	0.76	2026-09-23
sweep-200m_ck330k_seed0-8851663	8851663	0.76	0.00	0	0.00	0.00	Y	0.76	2026-09-23
sweep-200m_ck330k_seed3-8851663	8851663	0.76	0.00	0	0.00	0.00	Y	0.76	2026-09-23
sweep-200m_ck220k_seed0-8851663	8851663	0.76	0.00	0	0.00	0.00	Y	0.76	2026-09-23
sweep-s200m_seed0-8853557	8853557	0.76	0.00	0	0.00	0.00	Y	0.76	2026-09-23
sweep-s200m_seed2-8853558	8853558	0.76	0.00	0	0.00	0.00	Y	0.76	2026-09-23
sweep-s200m_seed2-8853557	8853557	0.76	0.00	0	0.00	0.00	Y	0.76	2026-09-23
sweep-s200m_seed3-8853558	8853558	0.76	0.00	0	0.00	0.00	Y	0.76	2026-09-23
sweep-s200m_seed3-8853557	8853557	0.76	0.00	0	0.00	0.00	Y	0.76	2026-09-23
sweep-s200m_seed4-8853557	8853557	0.76	0.00	0	0.00	0.00	Y	0.76	2026-09-23
sweep-s200m_seed1-8854412	8854412	0.76	0.00	0	0.00	0.00	Y	0.76	2026-09-23
sweep-s200m_seed5-8854412	8854412	0.76	0.00	0	0.00	0.00	Y	0.76	2026-09-23
sweep-s200m_seed5-8853558	8853558	0.76	0.00	0	0.00	0.00	Y	0.76	2026-09-23
sweep-s200m_seed4-8854760	8854760	0.76	0.00	0	0.00	0.00	Y	0.76	2026-09-23
sweep-s200m_seed1-8853558	8853558	0.76	0.00	0	0.00	0.00	Y	0.76	2026-09-23
sweep-s200m_seed0-8854760	8854760	0.76	0.00	0	0.00	0.00	Y	0.76	2026-09-23
sweep-s200m_seed0-8845623	8845623	0.76	0.00	0	0.00	0.00	Y	0.76	2026-09-23
sweep-s200m_seed3-8845623	8845623	0.76	0.00	0	0.00	0.00	Y	0.76	2026-09-23
sweep-s200m_seed4-8845623	8845623	0.76	0.00	0	0.00	0.00	Y	0.76	2026-09-23
sweep-s200m_seed5-8845623	8845623	0.76	0.00	0	0.00	0.00	Y	0.76	2026-09-23
sweep-s200m_seed1-8845623	8845623	0.76	0.00	0	0.00	0.00	Y	0.76	2026-09-23
sweep-s200m_seed2-8845623	8845623	0.76	0.00	0	0.00	0.00	Y	0.76	2026-09-23
sweep-s200m_seed3-8848471	8848471	0.76	0.00	0	0.00	0.00	Y	0.76	2026-09-23
sweep-s200m_seed0-8845548	8845548	0.76	0.00	0	0.00	0.00	Y	0.76	2026-09-23
sweep-s200m_seed2-8848471	8848471	0.76	0.00	0	0.00	0.00	Y	0.76	2026-09-23
sweep-s200m_seed4-8848471	8848471	0.76	0.00	0	0.00	0.00	Y	0.76	2026-09-23
sweep-s200m_seed0-8845057	8845057	0.76	0.00	0	0.00	0.00	Y	0.76	2026-09-23
sweep-s200m_seed0-8848471	8848471	0.76	0.00	0	0.00	0.00	Y	0.76	2026-09-23
sweep-s200m_seed5-8848471	8848471	0.76	0.00	0	0.00	0.00	Y	0.76	2026-09-23
sweep-s200m_seed1-8848471	8848471	0.76	0.00	0	0.00	0.00	Y	0.76	2026-09-23
sweep-s200m_seed2-8848049	8848049	0.76	0.00	0	0.00	0.00	Y	0.76	2026-09-23
sweep-s200m_seed3-8848049	8848049	0.76	0.00	0	0.00	0.00	Y	0.76	2026-09-23
sweep-s200m_seed0-8848049	8848049	0.76	0.00	0	0.00	0.00	Y	0.76	2026-09-23
sweep-s200m_seed5-8848049	8848049	0.76	0.00	0	0.00	0.00	Y	0.76	2026-09-23
sweep-s200m_seed1-8848049	8848049	0.76	0.00	0	0.00	0.00	Y	0.76	2026-09-23
sweep-s200m_seed4-8848049	8848049	0.76	0.00	0	0.00	0.00	Y	0.76	2026-09-23
sweep-s200m_ck010k_seed0-8870949	8870949	0.76	0.00	0	0.00	0.00	Y	0.76	2026-09-26
sweep-s200m_ck330k_seed0-8870949	8870949	0.76	0.00	0	0.00	0.00	Y	0.76	2026-09-26
sweep-s200m_ck430k_seed0-8870949	8870949	0.76	0.00	0	0.00	0.00	Y	0.76	2026-09-26
sweep-s200m_ck120k_seed0-8870949	8870949	0.76	0.00	0	0.00	0.00	Y	0.76	2026-09-26
sweep-s200m_ck220k_seed1-8860092	8860092	0.76	0.00	0	0.00	0.00	Y	0.76	2026-09-24
sweep-s200m_ck220k_seed2-8860092	8860092	0.76	0.00	0	0.00	0.00	Y	0.76	2026-09-24
sweep-s200m_ck540k_seed0-8870949	8870949	0.76	0.00	0	0.00	0.00	Y	0.76	2026-09-26
sweep-s200m_ck220k_seed0-8860092	8860092	0.76	0.00	0	0.00	0.00	Y	0.76	2026-09-24
sweep-s200m540k_t0002_pk256_ep12_seed0-8868879	8868879	0.76	0.00	0	0.00	0.00	Y	0.76	2026-09-25
sweep-s200m540k_t0002_pk256_ep12_seed0-8867349	8867349	0.76	0.00	0	0.00	0.00	Y	0.76	2026-09-25
sweep-s200m_ck220k_seed0-8859938	8859938	0.76	0.00	0	0.00	0.00	Y	0.76	2026-09-23
sweep-s200m_t003_pk16_seed0-8856460	8856460	0.76	0.00	0	0.00	0.00	Y	0.76	2026-09-23
sweep-s200m_t001_pk16_seed1-8856460	8856460	0.76	0.00	0	0.00	0.00	Y	0.76	2026-09-23
sweep-s200m_t003_pk16_seed1-8856460	8856460	0.76	0.00	0	0.00	0.00	Y	0.76	2026-09-23
sweep-s200m_t001_pk16_seed2-8856460	8856460	0.76	0.00	0	0.00	0.00	Y	0.76	2026-09-23
sweep-s200m_t002_pk16_seed1-8856460	8856460	0.76	0.00	0	0.00	0.00	Y	0.76	2026-09-23
sweep-s200m_t003_pk16_seed2-8856460	8856460	0.76	0.00	0	0.00	0.00	Y	0.76	2026-09-23
sweep-s200m_t002_pk16_seed0-8856460	8856460	0.76	0.00	0	0.00	0.00	Y	0.76	2026-09-23
sweep-s200m_t002_pk16_seed2-8856460	8856460	0.76	0.00	0	0.00	0.00	Y	0.76	2026-09-23
sweep-s200m_t001_pk16_seed0-8856460	8856460	0.76	0.00	0	0.00	0.00	Y	0.76	2026-09-23
sweep-s200m_t001_pk064_seed0-8856643	8856643	0.76	0.00	0	0.00	0.00	Y	0.76	2026-09-23
sweep-s200m_t001_pk064_seed2-8856643	8856643	0.76	0.00	0	0.00	0.00	Y	0.76	2026-09-23
sweep-s200m_t0003_pk064_seed1-8856643	8856643	0.76	0.00	0	0.00	0.00	Y	0.76	2026-09-23
sweep-s200m_t003_pk64_seed2-8856460	8856460	0.76	0.00	0	0.00	0.00	Y	0.76	2026-09-23
sweep-s200m_t003_pk64_seed0-8856460	8856460	0.76	0.00	0	0.00	0.00	Y	0.76	2026-09-23
sweep-s200m_t002_pk64_seed2-8856460	8856460	0.76	0.00	0	0.00	0.00	Y	0.76	2026-09-23
sweep-s200m_t0005_pk064_seed1-8856643	8856643	0.76	0.00	0	0.00	0.00	Y	0.76	2026-09-23
sweep-s200m_t002_pk64_seed1-8856460	8856460	0.76	0.00	0	0.00	0.00	Y	0.76	2026-09-23
sweep-s200m_t003_pk64_seed1-8856460	8856460	0.76	0.00	0	0.00	0.00	Y	0.76	2026-09-23
sweep-s200m_t0003_pk064_seed2-8856643	8856643	0.76	0.00	0	0.00	0.00	Y	0.76	2026-09-23
sweep-s200m_t0005_pk064_seed2-8856643	8856643	0.76	0.00	0	0.00	0.00	Y	0.76	2026-09-23
sweep-s200m_t001_pk64_seed2-8856460	8856460	0.76	0.00	0	0.00	0.00	Y	0.76	2026-09-23
sweep-s200m_t0003_pk064_seed0-8856643	8856643	0.76	0.00	0	0.00	0.00	Y	0.76	2026-09-23
sweep-s200m_t002_pk64_seed0-8856460	8856460	0.76	0.00	0	0.00	0.00	Y	0.76	2026-09-23
sweep-s200m_t001_pk64_seed0-8856460	8856460	0.76	0.00	0	0.00	0.00	Y	0.76	2026-09-23
sweep-s200m_t001_pk64_seed1-8856460	8856460	0.76	0.00	0	0.00	0.00	Y	0.76	2026-09-23
sweep-s200m_t001_pk064_seed1-8856643	8856643	0.76	0.00	0	0.00	0.00	Y	0.76	2026-09-23
sweep-s200m_t0005_pk064_seed0-8856643	8856643	0.76	0.00	0	0.00	0.00	Y	0.76	2026-09-23
sweep-s200m_t0005_pk128_seed2-8856643	8856643	0.76	0.00	0	0.00	0.00	Y	0.76	2026-09-23
sweep-s200m_t001_pk256_seed0-8856643	8856643	0.76	0.00	0	0.00	0.00	Y	0.76	2026-09-23
sweep-s200m_t001_pk256_seed1-8856643	8856643	0.76	0.00	0	0.00	0.00	Y	0.76	2026-09-23
sweep-s200m_t001_pk256_seed2-8856643	8856643	0.76	0.00	0	0.00	0.00	Y	0.76	2026-09-23
sweep-s200m_t001_pk512_seed0-8856643	8856643	0.76	0.00	0	0.00	0.00	Y	0.76	2026-09-23
sweep-s200m_t001_pk512_seed1-8856643	8856643	0.76	0.00	0	0.00	0.00	Y	0.76	2026-09-23
sweep-s200m_t0003_pk128_seed0-8856643	8856643	0.76	0.00	0	0.00	0.00	Y	0.76	2026-09-23
sweep-s200m_t001_pk512_seed2-8856643	8856643	0.76	0.00	0	0.00	0.00	Y	0.76	2026-09-23
sweep-s200m_t0003_pk128_seed2-8856643	8856643	0.76	0.00	0	0.00	0.00	Y	0.76	2026-09-23
sweep-s200m_t0003_pk128_seed1-8856643	8856643	0.76	0.00	0	0.00	0.00	Y	0.76	2026-09-23
sweep-s200m_t0005_pk128_seed1-8856643	8856643	0.76	0.00	0	0.00	0.00	Y	0.76	2026-09-23
sweep-s200m_t0005_pk128_seed0-8856643	8856643	0.76	0.00	0	0.00	0.00	Y	0.76	2026-09-23
sweep-s200m_t001_pk128_seed0-8856643	8856643	0.76	0.00	0	0.00	0.00	Y	0.76	2026-09-23
sweep-s200m_t001_pk128_seed2-8856643	8856643	0.76	0.00	0	0.00	0.00	Y	0.76	2026-09-23
sweep-s200m_t001_pk128_seed1-8856643	8856643	0.76	0.00	0	0.00	0.00	Y	0.76	2026-09-23
sweep-s200m_t0003_pk256_seed0-8856643	8856643	0.76	0.00	0	0.00	0.00	Y	0.76	2026-09-23
sweep-s200m_t0003_pk512_seed0-8856643	8856643	0.76	0.00	0	0.00	0.00	Y	0.76	2026-09-23
sweep-s200m_t0003_pk256_seed2-8856643	8856643	0.76	0.00	0	0.00	0.00	Y	0.76	2026-09-23
sweep-s200m_t0003_pk256_seed1-8856643	8856643	0.76	0.00	0	0.00	0.00	Y	0.76	2026-09-23
sweep-s200m_t0005_pk256_seed2-8856643	8856643	0.76	0.00	0	0.00	0.00	Y	0.76	2026-09-23
sweep-s200m_t0005_pk256_seed0-8856643	8856643	0.76	0.00	0	0.00	0.00	Y	0.76	2026-09-23
sweep-s200m_t0003_pk512_seed1-8856643	8856643	0.76	0.00	0	0.00	0.00	Y	0.76	2026-09-23
sweep-s200m_t0003_pk512_seed2-8856643	8856643	0.76	0.00	0	0.00	0.00	Y	0.76	2026-09-23
sweep-s200m_t0005_pk256_seed1-8856643	8856643	0.76	0.00	0	0.00	0.00	Y	0.76	2026-09-23
sweep-s200m_t0005_pk512_seed0-8856643	8856643	0.76	0.00	0	0.00	0.00	Y	0.76	2026-09-23
sweep-s200m_t0005_pk512_seed1-8856643	8856643	0.76	0.00	0	0.00	0.00	Y	0.76	2026-09-23
sweep-s200m_t0005_pk512_seed2-8856643	8856643	0.76	0.00	0	0.00	0.00	Y	0.76	2026-09-23
sweep-s200m_ck220k_seed0-8859890	8859890	0.76	0.00	0	0.00	0.00	Y	0.76	2026-09-23
ddp2	-	0.76	0.00	0	0.00	0.00	N	0.00	2026-09-21
sweep-400m_ep04_seed2-8847663	8847663	0.75	0.00	0	0.00	0.00	Y	0.74	2026-09-22
sweep-lr2e4_es10_b12-8842147	8842147	0.75	0.00	0	0.00	0.00	Y	0.74	2026-09-22
sweep-lr5e5_es10_b12-8842147	8842147	0.75	0.00	0	0.00	0.00	Y	0.74	2026-09-22
sweep-lr2e4_es05_b12-8842147	8842147	0.75	0.00	0	0.00	0.00	Y	0.74	2026-09-22
sweep-lr5e5_es05_b12-8842147	8842147	0.75	0.00	0	0.00	0.00	Y	0.74	2026-09-22
sweep-lr5e4_es05_b12-8842147	8842147	0.75	0.00	0	0.00	0.00	Y	0.74	2026-09-22
sweep-lr5e4_es10_b12-8842147	8842147	0.75	0.00	0	0.00	0.00	Y	0.74	2026-09-22
sweep-400m_seed6-8845262	8845262	0.75	0.00	0	0.00	0.00	Y	0.74	2026-09-22
sweep-400m_seed3-8845262	8845262	0.75	0.00	0	0.00	0.00	Y	0.74	2026-09-22
sweep-400m_seed1-8845262	8845262	0.75	0.00	0	0.00	0.00	Y	0.74	2026-09-22
sweep-400m_seed5-8845262	8845262	0.75	0.00	0	0.00	0.00	Y	0.74	2026-09-22
sweep-400m_seed2-8845262	8845262	0.75	0.00	0	0.00	0.00	Y	0.74	2026-09-22
sweep-400m_seed4-8845262	8845262	0.75	0.00	0	0.00	0.00	Y	0.74	2026-09-22
sweep-es025_ep4-8845252	8845252	0.75	0.00	0	0.00	0.00	Y	0.74	2026-09-22
sweep-es05_ep4-8845252	8845252	0.75	0.00	0	0.00	0.00	Y	0.74	2026-09-22
sweep-es01_ep4-8845252	8845252	0.75	0.00	0	0.00	0.00	Y	0.74	2026-09-22
sweep-repeat2-8845252	8845252	0.75	0.00	0	0.00	0.00	Y	0.74	2026-09-22
sweep-repeat1-8845252	8845252	0.75	0.00	0	0.00	0.00	Y	0.74	2026-09-22
sweep-repeat0-8845252	8845252	0.75	0.00	0	0.00	0.00	Y	0.74	2026-09-22
sweep-es025_ep2-8845252	8845252	0.75	0.00	0	0.00	0.00	Y	0.74	2026-09-22
sweep-es01_ep2-8845252	8845252	0.75	0.00	0	0.00	0.00	Y	0.74	2026-09-22
sweep-es05_ep2-8845252	8845252	0.75	0.00	0	0.00	0.00	Y	0.74	2026-09-22
denoise-ft-50m-s1-8839890	8839890	0.74	0.56	3	0.00	0.00	Y	0.19	2026-09-30
denoise-ft-50m-8839683	8839683	0.74	0.56	3	0.00	0.00	Y	0.19	2026-09-30
denoise-ft-50m-8839842	8839842	0.74	0.56	3	0.00	0.00	Y	0.19	2026-09-30
sweep-s050m_ck220k_lr1e4_kl10_t003_seed0-8856116	8856116	0.74	0.56	1	0.00	0.19	Y	0.19	2026-09-22
sweep-s050m_ck220k_lr1e4_kl100_t003_seed2-8856116	8856116	0.74	0.56	1	0.00	0.19	Y	0.19	2026-09-22
sweep-s050m_ck220k_lr1e4_kl10_t007_seed2-8856116	8856116	0.74	0.56	1	0.00	0.19	Y	0.19	2026-09-22
sweep-s050m_ck330k_lr1e4_kl10_t007_seed1-8856116	8856116	0.74	0.56	1	0.00	0.19	Y	0.19	2026-09-22
sweep-s050m_ck220k_lr1e4_kl10_t003_seed2-8856116	8856116	0.74	0.56	1	0.00	0.19	Y	0.19	2026-09-22
sweep-s050m_ck330k_lr1e4_kl10_t003_seed1-8856116	8856116	0.74	0.56	1	0.00	0.19	Y	0.19	2026-09-22
sweep-s050m_ck330k_lr1e4_kl100_t003_seed1-8856116	8856116	0.74	0.56	1	0.00	0.19	Y	0.19	2026-09-22
sweep-s050m_ck330k_lr1e4_kl100_t003_seed2-8856116	8856116	0.74	0.56	1	0.00	0.19	Y	0.19	2026-09-22
sweep-s050m_ck330k_lr1e4_kl10_t007_seed2-8856116	8856116	0.74	0.56	1	0.00	0.19	Y	0.19	2026-09-22
sweep-s050m_ck330k_lr1e4_kl10_t007_seed0-8856116	8856116	0.74	0.56	1	0.00	0.19	Y	0.19	2026-09-22
sweep-s050m_ck220k_lr1e4_kl100_t003_seed0-8856116	8856116	0.74	0.56	1	0.00	0.19	Y	0.19	2026-09-22
sweep-s050m_ck220k_lr1e4_kl100_t007_seed2-8856116	8856116	0.74	0.56	1	0.00	0.19	Y	0.19	2026-09-22
sweep-s050m_ck220k_lr1e4_kl100_t003_seed1-8856116	8856116	0.74	0.56	1	0.00	0.19	Y	0.19	2026-09-22
sweep-s050m_ck220k_lr1e4_kl100_t007_seed1-8856116	8856116	0.74	0.56	1	0.00	0.19	Y	0.19	2026-09-22
sweep-s050m_ck220k_lr1e4_kl10_t007_seed0-8856116	8856116	0.74	0.56	1	0.00	0.19	Y	0.19	2026-09-22
sweep-s050m_ck220k_lr1e4_kl10_t003_seed1-8856116	8856116	0.74	0.56	1	0.00	0.19	Y	0.19	2026-09-22
sweep-s050m_ck330k_lr1e4_kl10_t003_seed0-8856116	8856116	0.74	0.56	1	0.00	0.19	Y	0.19	2026-09-22
sweep-s050m_ck220k_lr1e4_kl10_t007_seed1-8856116	8856116	0.74	0.56	1	0.00	0.19	Y	0.19	2026-09-22
sweep-s050m_ck220k_lr1e4_kl100_t007_seed0-8856116	8856116	0.74	0.56	1	0.00	0.19	Y	0.19	2026-09-22
sweep-s050m_ck330k_lr1e4_kl100_t007_seed1-8856116	8856116	0.74	0.56	1	0.00	0.19	Y	0.19	2026-09-22
sweep-s050m_ck330k_lr1e4_kl100_t007_seed2-8856116	8856116	0.74	0.56	1	0.00	0.19	Y	0.19	2026-09-22
sweep-s050m_ck330k_lr1e4_kl100_t007_seed0-8856116	8856116	0.74	0.56	1	0.00	0.19	Y	0.19	2026-09-22
sweep-s050m_ck330k_lr1e4_kl10_t003_seed2-8856116	8856116	0.74	0.56	1	0.00	0.19	Y	0.19	2026-09-22
sweep-s050m_ck330k_lr1e4_kl100_t003_seed0-8856116	8856116	0.74	0.56	1	0.00	0.19	Y	0.19	2026-09-22
sweep-s050m_ck330k_gcon_seed2-8856115	8856115	0.74	0.56	1	0.00	0.19	Y	0.19	2026-09-22
sweep-s050m_ck330k_gcon_seed5-8856115	8856115	0.74	0.56	1	0.00	0.19	Y	0.19	2026-09-22
sweep-s050m_ck330k_gcoff_seed4-8856115	8856115	0.74	0.56	1	0.00	0.19	Y	0.19	2026-09-22
sweep-s050m_ck330k_gcoff_seed2-8856115	8856115	0.74	0.56	1	0.00	0.19	Y	0.19	2026-09-22
sweep-s050m_ck330k_gcoff_seed3-8856115	8856115	0.74	0.56	1	0.00	0.19	Y	0.19	2026-09-22
sweep-s050m_ck330k_gcon_seed3-8856115	8856115	0.74	0.56	1	0.00	0.19	Y	0.19	2026-09-22
sweep-s050m_ck330k_gcoff_seed1-8856115	8856115	0.74	0.56	1	0.00	0.19	Y	0.19	2026-09-22
sweep-s050m_ck330k_gcon_seed0-8856115	8856115	0.74	0.56	1	0.00	0.19	Y	0.19	2026-09-22
sweep-s050m_ck330k_gcoff_seed0-8856115	8856115	0.74	0.56	1	0.00	0.19	Y	0.19	2026-09-22
sweep-s050m_ck330k_gcoff_seed5-8856115	8856115	0.74	0.56	1	0.00	0.19	Y	0.19	2026-09-22
sweep-s050m_ck330k_gcon_seed4-8856115	8856115	0.74	0.56	1	0.00	0.19	Y	0.19	2026-09-22
sweep-s050m_ck330k_gcon_seed1-8856115	8856115	0.74	0.56	1	0.00	0.19	Y	0.19	2026-09-22
validate-sweep-contrastive-epochs-v2-8845858.aurora-pbs-0001.hostmgmt.cm.aurora.alcf.anl.gov	-	0.74	0.56	1	0.00	0.19	Y	0.19	2026-09-30
validate-sweep-pairloss-8845984.aurora-pbs-0001.hostmgmt.cm.aurora.alcf.anl.gov	-	0.74	0.56	1	0.00	0.19	Y	0.19	2026-09-30
validate-sweep-contrastive-random-8842265.aurora-pbs-0001.hostmgmt.cm.aurora.alcf.anl.gov	-	0.74	0.56	1	0.00	0.19	Y	0.19	2026-09-30
validate-sweep-gradcache-confirm-8855965.aurora-pbs-0001.hostmgmt.cm.aurora.alcf.anl.gov	-	0.74	0.56	1	0.00	0.19	Y	0.19	2026-09-22
validate-sweep-ckpt-contrastive-8850498.aurora-pbs-0001.hostmgmt.cm.aurora.alcf.anl.gov	-	0.74	0.56	1	0.00	0.19	Y	0.19	2026-09-30
validate-sweep-ckpthp-contrastive-8848873.aurora-pbs-0001.hostmgmt.cm.aurora.alcf.anl.gov	-	0.74	0.56	1	0.00	0.19	Y	0.19	2026-09-30
validate-sweep-contrastive-8842190.aurora-pbs-0001.hostmgmt.cm.aurora.alcf.anl.gov	-	0.74	0.56	1	0.00	0.19	Y	0.19	2026-09-30
sweep-lr5e5_es10_b48-8842147	8842147	0.74	0.00	0	0.00	0.00	Y	0.74	2026-09-22
sweep-lr5e4_es10_b48-8842147	8842147	0.74	0.00	0	0.00	0.00	Y	0.74	2026-09-22
sweep-lr2e4_es05_b48-8842147	8842147	0.74	0.00	0	0.00	0.00	Y	0.74	2026-09-22
sweep-lr5e4_es05_b48-8842147	8842147	0.74	0.00	0	0.00	0.00	Y	0.74	2026-09-22
sweep-lr5e5_es05_b48-8842147	8842147	0.74	0.00	0	0.00	0.00	Y	0.74	2026-09-22
sweep-lr2e4_es10_b48-8842147	8842147	0.74	0.00	0	0.00	0.00	Y	0.74	2026-09-22
v2_dn400m-memtest-8842130	8842130	0.74	0.00	0	0.00	0.00	Y	0.74	2026-09-20
sweep-s050m_ck220k_lr4e-4_p170k2_seed1-8880712	8880712	0.56	0.56	1	0.00	0.19	N	0.00	2026-09-30
sweep-s050m_ck050k_lr4e-4_p170k2_seed2-8880712	8880712	0.56	0.56	1	0.00	0.19	N	0.00	2026-09-30
sweep-s050m_ck330k_lr4e-4_p170k2_seed0-8880712	8880712	0.56	0.56	1	0.00	0.19	N	0.00	2026-09-30
sweep-s050m_ck220k_lr4e-4_p170k2_seed2-8880712	8880712	0.56	0.56	1	0.00	0.19	N	0.00	2026-09-30
sweep-s050m_ck050k_lr4e-4_p170k2_seed0-8880712	8880712	0.56	0.56	1	0.00	0.19	N	0.00	2026-09-30
sweep-s050m_ck050k_lr4e-4_p170k2_seed1-8880712	8880712	0.56	0.56	1	0.00	0.19	N	0.00	2026-09-30
sweep-s050m_ck133k_lr4e-4_p170k2_seed1-8880712	8880712	0.56	0.56	1	0.00	0.19	N	0.00	2026-09-30
sweep-s050m_ck430k_lr4e-4_p170k2_seed1-8880712	8880712	0.56	0.56	1	0.00	0.19	N	0.00	2026-09-30
sweep-s050m_ck220k_lr4e-4_p170k2_seed0-8880712	8880712	0.56	0.56	1	0.00	0.19	N	0.00	2026-09-30
sweep-s050m_ck133k_lr4e-4_p170k2_seed2-8880712	8880712	0.56	0.56	1	0.00	0.19	N	0.00	2026-09-30
sweep-s050m_ck430k_lr4e-4_p170k2_seed0-8880712	8880712	0.56	0.56	1	0.00	0.19	N	0.00	2026-09-30
sweep-s050m_ck330k_lr4e-4_p170k2_seed2-8880712	8880712	0.56	0.56	1	0.00	0.19	N	0.00	2026-09-30
sweep-s050m_ck133k_lr4e-4_p170k2_seed0-8880712	8880712	0.56	0.56	1	0.00	0.19	N	0.00	2026-09-30
sweep-s050m_ck120k_lr4e-4_p170k2_seed2-8880712	8880712	0.56	0.56	1	0.00	0.19	N	0.00	2026-09-30
sweep-s050m_ck330k_lr4e-4_p170k2_seed1-8880712	8880712	0.56	0.56	1	0.00	0.19	N	0.00	2026-09-30
sweep-s050m_ck430k_lr4e-4_p170k2_seed2-8880712	8880712	0.56	0.56	1	0.00	0.19	N	0.00	2026-09-30
sweep-lr1e4_kl0_t007-8840665	8840665	0.56	0.37	2	0.00	0.00	Y	0.19	2026-09-30
sweep-lr2e5_kl0_t007-8840665	8840665	0.56	0.37	2	0.00	0.00	Y	0.19	2026-09-30
sweep-lr5e4_kl0_t007-8840665	8840665	0.56	0.37	2	0.00	0.00	Y	0.19	2026-09-30
sweep-lr1e4_kl0_t02-8840665	8840665	0.56	0.37	2	0.00	0.00	Y	0.19	2026-09-30
sweep-lr5e4_kl0_t02-8840665	8840665	0.56	0.37	2	0.00	0.00	Y	0.19	2026-09-30
sweep-lr2e5_kl0_t02-8840665	8840665	0.56	0.37	2	0.00	0.00	Y	0.19	2026-09-30
validate-sweep-layermix-8842190.aurora-pbs-0001.hostmgmt.cm.aurora.alcf.anl.gov	-	0.56	0.37	1	0.00	0.19	Y	0.19	2026-09-30
sweep-50m_ep16_seed3-8847663	8847663	0.43	0.29	3	0.00	0.00	Y	0.09	2026-09-30
sweep-50m_ep16_seed2-8847663	8847663	0.43	0.29	3	0.00	0.00	Y	0.09	2026-09-30
sweep-50m_ep16_seed1-8847663	8847663	0.43	0.29	3	0.00	0.00	Y	0.09	2026-09-30
sweep-200m_seed2-8847146	8847146	0.41	0.00	0	0.00	0.00	Y	0.38	2026-09-22
sweep-200m_seed6-8847146	8847146	0.41	0.00	0	0.00	0.00	Y	0.38	2026-09-22
sweep-200m_seed5-8847146	8847146	0.41	0.00	0	0.00	0.00	Y	0.38	2026-09-22
sweep-200m_seed1-8847146	8847146	0.41	0.00	0	0.00	0.00	Y	0.38	2026-09-22
sweep-200m_seed3-8847146	8847146	0.41	0.00	0	0.00	0.00	Y	0.38	2026-09-22
sweep-200m_seed4-8847146	8847146	0.41	0.00	0	0.00	0.00	Y	0.38	2026-09-22
sweep-200m_ep04_seed3-8847663	8847663	0.40	0.00	0	0.00	0.00	Y	0.38	2026-09-22
sweep-200m_ep04_seed1-8847663	8847663	0.40	0.00	0	0.00	0.00	Y	0.38	2026-09-22
sweep-200m_ep04_seed2-8847663	8847663	0.40	0.00	0	0.00	0.00	Y	0.38	2026-09-22
sweep-lr5e4_es10_b12-8841992	8841992	0.39	0.00	0	0.00	0.00	Y	0.38	2026-09-22
sweep-lr5e5_es05_b12-8841992	8841992	0.39	0.00	0	0.00	0.00	Y	0.38	2026-09-22
sweep-lr5e4_es05_b12-8841992	8841992	0.39	0.00	0	0.00	0.00	Y	0.38	2026-09-22
sweep-lr2e4_es05_b12-8841992	8841992	0.39	0.00	0	0.00	0.00	Y	0.38	2026-09-22
sweep-lr5e5_es10_b12-8841992	8841992	0.39	0.00	0	0.00	0.00	Y	0.38	2026-09-22
sweep-lr2e4_es10_b12-8841992	8841992	0.39	0.00	0	0.00	0.00	Y	0.38	2026-09-22
sweep-200m_seed1-8845262	8845262	0.39	0.00	0	0.00	0.00	Y	0.38	2026-09-22
sweep-200m_seed4-8845262	8845262	0.39	0.00	0	0.00	0.00	Y	0.38	2026-09-22
sweep-200m_seed5-8845262	8845262	0.39	0.00	0	0.00	0.00	Y	0.38	2026-09-22
sweep-200m_seed2-8845262	8845262	0.39	0.00	0	0.00	0.00	Y	0.38	2026-09-22
sweep-200m_seed6-8845262	8845262	0.39	0.00	0	0.00	0.00	Y	0.38	2026-09-22
sweep-200m_seed3-8845262	8845262	0.39	0.00	0	0.00	0.00	Y	0.38	2026-09-22
sweep-50m_ck220k_seed3-8850494	8850494	0.39	0.28	3	0.00	0.00	Y	0.09	2026-09-30
sweep-50m_ck220k_seed1-8850494	8850494	0.39	0.28	3	0.00	0.00	Y	0.09	2026-09-30
sweep-50m_ck220k_seed2-8850494	8850494	0.39	0.28	3	0.00	0.00	Y	0.09	2026-09-30
sweep-50m_ck330k_seed3-8850494	8850494	0.39	0.28	3	0.00	0.00	Y	0.09	2026-09-30
sweep-50m_ck010k_seed1-8856549	8856549	0.39	0.28	3	0.00	0.00	Y	0.09	2026-09-30
sweep-50m_ck330k_seed2-8850494	8850494	0.39	0.28	3	0.00	0.00	Y	0.09	2026-09-30
sweep-50m_ck330k_seed1-8850494	8850494	0.39	0.28	3	0.00	0.00	Y	0.09	2026-09-30
sweep-50m_ck430k_seed3-8856549	8856549	0.39	0.28	3	0.00	0.00	Y	0.09	2026-09-30
sweep-50m_ck010k_seed2-8856549	8856549	0.39	0.28	3	0.00	0.00	Y	0.09	2026-09-30
sweep-50m_ck120k_seed3-8856549	8856549	0.39	0.28	3	0.00	0.00	Y	0.09	2026-09-30
sweep-50m_ck120k_seed1-8856549	8856549	0.39	0.28	3	0.00	0.00	Y	0.09	2026-09-30
sweep-50m_ck540k_seed3-8856549	8856549	0.39	0.28	3	0.00	0.00	Y	0.09	2026-09-30
sweep-50m_ck430k_seed2-8856549	8856549	0.39	0.28	3	0.00	0.00	Y	0.09	2026-09-30
sweep-50m_ck010k_seed3-8856549	8856549	0.39	0.28	3	0.00	0.00	Y	0.09	2026-09-30
sweep-50m_ck430k_seed1-8856549	8856549	0.39	0.28	3	0.00	0.00	Y	0.09	2026-09-30
sweep-50m_ck120k_seed2-8856549	8856549	0.39	0.28	3	0.00	0.00	Y	0.09	2026-09-30
sweep-50m_ck540k_seed2-8856549	8856549	0.39	0.28	3	0.00	0.00	Y	0.09	2026-09-30
sweep-50m_ck540k_seed1-8856549	8856549	0.39	0.28	3	0.00	0.00	Y	0.09	2026-09-30
sweep-lr5e5_es10_b48-8841992	8841992	0.38	0.00	0	0.00	0.00	Y	0.38	2026-09-22
sweep-lr5e4_es05_b48-8841992	8841992	0.38	0.00	0	0.00	0.00	Y	0.38	2026-09-22
sweep-lr2e4_es05_b48-8841992	8841992	0.38	0.00	0	0.00	0.00	Y	0.38	2026-09-22
sweep-lr5e4_es10_b48-8841992	8841992	0.38	0.00	0	0.00	0.00	Y	0.38	2026-09-22
sweep-lr5e5_es05_b48-8841992	8841992	0.38	0.00	0	0.00	0.00	Y	0.38	2026-09-22
sweep-lr2e4_es10_b48-8841992	8841992	0.38	0.00	0	0.00	0.00	Y	0.38	2026-09-22
sweep-s100m_ck220k_lr4e-4_p170k2_cons_seed0-8881357	8881357	0.38	0.00	0	0.00	0.00	Y	0.38	2026-09-30
sweep-s100m_ck430k_lr4e-4_p170k2_seed0-8880653	8880653	0.38	0.00	0	0.00	0.00	Y	0.38	2026-09-30
sweep-s100m_ck010k_lr4e-4_p170k2_seed0-8880653	8880653	0.38	0.00	0	0.00	0.00	Y	0.38	2026-09-30
sweep-s100m_ck138k_lr4e-4_p170k2_seed0-8880653	8880653	0.38	0.00	0	0.00	0.00	Y	0.38	2026-09-30
v2_dn200m-memtest-8841966	8841966	0.38	0.00	0	0.00	0.00	Y	0.38	2026-09-20
sweep-s100m_lr2e5_kl10_t007_seed3-8847624	8847624	0.38	0.00	0	0.00	0.00	Y	0.38	2026-09-23
sweep-s100m_lr1e4_kl10_t007_seed0-8847624	8847624	0.38	0.00	0	0.00	0.00	Y	0.38	2026-09-23
sweep-s100m_lr1e4_kl10_t007_seed2-8847624	8847624	0.38	0.00	0	0.00	0.00	Y	0.38	2026-09-23
sweep-s100m_lr2e5_kl10_t007_seed2-8847624	8847624	0.38	0.00	0	0.00	0.00	Y	0.38	2026-09-23
sweep-s100m_lr5e4_kl10_t007_seed2-8847624	8847624	0.38	0.00	0	0.00	0.00	Y	0.38	2026-09-23
sweep-s100m_lr1e4_kl10_t02_seed0-8847624	8847624	0.38	0.00	0	0.00	0.00	Y	0.38	2026-09-23
sweep-s100m_lr5e4_kl10_t007_seed1-8847624	8847624	0.38	0.00	0	0.00	0.00	Y	0.38	2026-09-23
sweep-s100m_lr2e5_kl10_t02_seed3-8847624	8847624	0.38	0.00	0	0.00	0.00	Y	0.38	2026-09-23
sweep-s100m_lr2e5_kl10_t007_seed1-8847624	8847624	0.38	0.00	0	0.00	0.00	Y	0.38	2026-09-23
sweep-s100m_lr1e4_kl10_t007_seed3-8847624	8847624	0.38	0.00	0	0.00	0.00	Y	0.38	2026-09-23
sweep-s100m_lr1e4_kl10_t02_seed1-8847624	8847624	0.38	0.00	0	0.00	0.00	Y	0.38	2026-09-23
sweep-s100m_lr2e5_kl10_t02_seed0-8847624	8847624	0.38	0.00	0	0.00	0.00	Y	0.38	2026-09-23
sweep-s100m_lr2e5_kl10_t007_seed0-8847624	8847624	0.38	0.00	0	0.00	0.00	Y	0.38	2026-09-23
sweep-s100m_lr2e5_kl10_t02_seed2-8847624	8847624	0.38	0.00	0	0.00	0.00	Y	0.38	2026-09-23
sweep-s100m_lr2e5_kl10_t02_seed1-8847624	8847624	0.38	0.00	0	0.00	0.00	Y	0.38	2026-09-23
sweep-s100m_lr1e4_kl10_t007_seed1-8847624	8847624	0.38	0.00	0	0.00	0.00	Y	0.38	2026-09-23
sweep-s100m_lr5e4_kl10_t007_seed3-8847624	8847624	0.38	0.00	0	0.00	0.00	Y	0.38	2026-09-23
sweep-s100m_lr5e4_kl10_t02_seed1-8847624	8847624	0.38	0.00	0	0.00	0.00	Y	0.38	2026-09-23
sweep-s100m_lr1e4_kl10_t02_seed3-8847624	8847624	0.38	0.00	0	0.00	0.00	Y	0.38	2026-09-23
sweep-s100m_lr5e4_kl10_t02_seed3-8847624	8847624	0.38	0.00	0	0.00	0.00	Y	0.38	2026-09-23
sweep-s100m_lr5e4_kl10_t007_seed0-8847624	8847624	0.38	0.00	0	0.00	0.00	Y	0.38	2026-09-23
sweep-s100m_lr5e4_kl10_t02_seed2-8847624	8847624	0.38	0.00	0	0.00	0.00	Y	0.38	2026-09-23
sweep-s100m_lr1e4_kl10_t02_seed2-8847624	8847624	0.38	0.00	0	0.00	0.00	Y	0.38	2026-09-23
sweep-s100m_lr5e4_kl10_t02_seed0-8847624	8847624	0.38	0.00	0	0.00	0.00	Y	0.38	2026-09-23
sweep-s100m_lr2e5_kl0_t007_seed2-8847624	8847624	0.38	0.00	0	0.00	0.00	Y	0.38	2026-09-23
sweep-s100m_lr2e5_kl0_t007_seed1-8847624	8847624	0.38	0.00	0	0.00	0.00	Y	0.38	2026-09-23
sweep-s100m_lr5e4_kl0_t007_seed0-8847624	8847624	0.38	0.00	0	0.00	0.00	Y	0.38	2026-09-23
sweep-s100m_lr1e4_kl0_t007_seed3-8847624	8847624	0.38	0.00	0	0.00	0.00	Y	0.38	2026-09-23
sweep-s100m_lr2e5_kl0_t007_seed0-8847624	8847624	0.38	0.00	0	0.00	0.00	Y	0.38	2026-09-23
sweep-s100m_lr5e4_kl0_t007_seed2-8847624	8847624	0.38	0.00	0	0.00	0.00	Y	0.38	2026-09-23
sweep-s100m_lr5e4_kl0_t007_seed3-8847624	8847624	0.38	0.00	0	0.00	0.00	Y	0.38	2026-09-23
sweep-s100m_lr1e4_kl0_t007_seed0-8847624	8847624	0.38	0.00	0	0.00	0.00	Y	0.38	2026-09-23
sweep-s100m_lr2e5_kl0_t007_seed3-8847624	8847624	0.38	0.00	0	0.00	0.00	Y	0.38	2026-09-23
sweep-s100m_lr1e4_kl0_t02_seed0-8847624	8847624	0.38	0.00	0	0.00	0.00	Y	0.38	2026-09-23
sweep-s100m_lr1e4_kl0_t007_seed1-8847624	8847624	0.38	0.00	0	0.00	0.00	Y	0.38	2026-09-23
sweep-s100m_lr2e5_kl0_t02_seed3-8847624	8847624	0.38	0.00	0	0.00	0.00	Y	0.38	2026-09-23
sweep-s100m_lr2e5_kl0_t02_seed2-8847624	8847624	0.38	0.00	0	0.00	0.00	Y	0.38	2026-09-23
sweep-s100m_lr1e4_kl0_t02_seed1-8847624	8847624	0.38	0.00	0	0.00	0.00	Y	0.38	2026-09-23
sweep-s100m_lr1e4_kl0_t02_seed2-8847624	8847624	0.38	0.00	0	0.00	0.00	Y	0.38	2026-09-23
sweep-s100m_lr1e4_kl0_t007_seed2-8847624	8847624	0.38	0.00	0	0.00	0.00	Y	0.38	2026-09-23
sweep-s100m_lr2e5_kl0_t02_seed0-8847624	8847624	0.38	0.00	0	0.00	0.00	Y	0.38	2026-09-23
sweep-s100m_lr5e4_kl0_t007_seed1-8847624	8847624	0.38	0.00	0	0.00	0.00	Y	0.38	2026-09-23
sweep-s100m_lr5e4_kl0_t02_seed2-8847624	8847624	0.38	0.00	0	0.00	0.00	Y	0.38	2026-09-23
sweep-s100m_lr5e4_kl0_t02_seed3-8847624	8847624	0.38	0.00	0	0.00	0.00	Y	0.38	2026-09-23
sweep-s100m_lr1e4_kl0_t02_seed3-8847624	8847624	0.38	0.00	0	0.00	0.00	Y	0.38	2026-09-23
sweep-s100m_lr5e4_kl0_t02_seed1-8847624	8847624	0.38	0.00	0	0.00	0.00	Y	0.38	2026-09-23
sweep-s100m_lr2e5_kl0_t02_seed1-8847624	8847624	0.38	0.00	0	0.00	0.00	Y	0.38	2026-09-23
sweep-s100m_lr5e4_kl0_t02_seed0-8847624	8847624	0.38	0.00	0	0.00	0.00	Y	0.38	2026-09-23
sweep-s100m_t001_pk04_seed2-8856460	8856460	0.38	0.00	0	0.00	0.00	Y	0.38	2026-09-23
sweep-s100m_t001_pk04_seed1-8856460	8856460	0.38	0.00	0	0.00	0.00	Y	0.38	2026-09-23
sweep-s100m_t001_pk04_seed0-8856460	8856460	0.38	0.00	0	0.00	0.00	Y	0.38	2026-09-23
sweep-s100m_t002_pk04_seed2-8856460	8856460	0.38	0.00	0	0.00	0.00	Y	0.38	2026-09-23
sweep-s100m_t002_pk04_seed0-8856460	8856460	0.38	0.00	0	0.00	0.00	Y	0.38	2026-09-23
sweep-s100m_t003_pk04_seed1-8856460	8856460	0.38	0.00	0	0.00	0.00	Y	0.38	2026-09-23
sweep-s100m_t003_pk04_seed2-8856460	8856460	0.38	0.00	0	0.00	0.00	Y	0.38	2026-09-23
sweep-s100m_t002_pk04_seed1-8856460	8856460	0.38	0.00	0	0.00	0.00	Y	0.38	2026-09-23
sweep-s100m_t003_pk04_seed0-8856460	8856460	0.38	0.00	0	0.00	0.00	Y	0.38	2026-09-23
sweep-100m_ck220k_seed3-8851663	8851663	0.38	0.00	0	0.00	0.00	Y	0.38	2026-09-23
sweep-100m_ck330k_seed1-8851663	8851663	0.38	0.00	0	0.00	0.00	Y	0.38	2026-09-23
sweep-100m_ck220k_seed2-8851663	8851663	0.38	0.00	0	0.00	0.00	Y	0.38	2026-09-23
sweep-100m_ck220k_seed0-8851663	8851663	0.38	0.00	0	0.00	0.00	Y	0.38	2026-09-23
sweep-100m_ck330k_seed2-8851663	8851663	0.38	0.00	0	0.00	0.00	Y	0.38	2026-09-23
sweep-100m_ck220k_seed1-8851663	8851663	0.38	0.00	0	0.00	0.00	Y	0.38	2026-09-23
sweep-100m_ck330k_seed5-8851663	8851663	0.38	0.00	0	0.00	0.00	Y	0.38	2026-09-23
sweep-100m_ck220k_seed4-8851663	8851663	0.38	0.00	0	0.00	0.00	Y	0.38	2026-09-23
sweep-100m_ck330k_seed3-8851663	8851663	0.38	0.00	0	0.00	0.00	Y	0.38	2026-09-23
sweep-100m_ck330k_seed0-8851663	8851663	0.38	0.00	0	0.00	0.00	Y	0.38	2026-09-23
sweep-100m_ck220k_seed5-8851663	8851663	0.38	0.00	0	0.00	0.00	Y	0.38	2026-09-23
sweep-100m_ck330k_seed4-8851663	8851663	0.38	0.00	0	0.00	0.00	Y	0.38	2026-09-23
sweep-s100m_seed4-8853557	8853557	0.38	0.00	0	0.00	0.00	Y	0.38	2026-09-23
sweep-s100m_seed2-8853557	8853557	0.38	0.00	0	0.00	0.00	Y	0.38	2026-09-23
sweep-s100m_seed4-8853558	8853558	0.38	0.00	0	0.00	0.00	Y	0.38	2026-09-23
sweep-s100m_seed5-8853558	8853558	0.38	0.00	0	0.00	0.00	Y	0.38	2026-09-23
sweep-s100m_seed3-8853557	8853557	0.38	0.00	0	0.00	0.00	Y	0.38	2026-09-23
sweep-s100m_seed1-8853557	8853557	0.38	0.00	0	0.00	0.00	Y	0.38	2026-09-23
sweep-s100m_seed5-8853557	8853557	0.38	0.00	0	0.00	0.00	Y	0.38	2026-09-23
sweep-s100m_seed1-8853558	8853558	0.38	0.00	0	0.00	0.00	Y	0.38	2026-09-23
sweep-s100m_seed3-8853558	8853558	0.38	0.00	0	0.00	0.00	Y	0.38	2026-09-23
sweep-s100m_seed0-8853557	8853557	0.38	0.00	0	0.00	0.00	Y	0.38	2026-09-23
sweep-s100m_seed2-8853558	8853558	0.38	0.00	0	0.00	0.00	Y	0.38	2026-09-23
sweep-s100m_seed0-8853558	8853558	0.38	0.00	0	0.00	0.00	Y	0.38	2026-09-23
sweep-s100m_seed4-8845057	8845057	0.38	0.00	0	0.00	0.00	Y	0.38	2026-09-23
sweep-s100m_seed5-8845057	8845057	0.38	0.00	0	0.00	0.00	Y	0.38	2026-09-23
sweep-s100m_seed2-8845057	8845057	0.38	0.00	0	0.00	0.00	Y	0.38	2026-09-23
sweep-s100m_seed3-8845057	8845057	0.38	0.00	0	0.00	0.00	Y	0.38	2026-09-23
sweep-s100m_seed4-8848049	8848049	0.38	0.00	0	0.00	0.00	Y	0.38	2026-09-23
sweep-s100m_seed1-8848049	8848049	0.38	0.00	0	0.00	0.00	Y	0.38	2026-09-23
sweep-s100m_seed4-8848471	8848471	0.38	0.00	0	0.00	0.00	Y	0.38	2026-09-23
sweep-s100m_seed2-8848471	8848471	0.38	0.00	0	0.00	0.00	Y	0.38	2026-09-23
sweep-s100m_seed1-8848471	8848471	0.38	0.00	0	0.00	0.00	Y	0.38	2026-09-23
sweep-s100m_seed2-8848049	8848049	0.38	0.00	0	0.00	0.00	Y	0.38	2026-09-23
sweep-s100m_seed5-8848471	8848471	0.38	0.00	0	0.00	0.00	Y	0.38	2026-09-23
sweep-s100m_seed5-8848049	8848049	0.38	0.00	0	0.00	0.00	Y	0.38	2026-09-23
sweep-s100m_seed0-8848471	8848471	0.38	0.00	0	0.00	0.00	Y	0.38	2026-09-23
sweep-s100m_seed3-8848049	8848049	0.38	0.00	0	0.00	0.00	Y	0.38	2026-09-23
sweep-s100m_seed1-8845057	8845057	0.38	0.00	0	0.00	0.00	Y	0.38	2026-09-23
sweep-s100m_seed3-8848471	8848471	0.38	0.00	0	0.00	0.00	Y	0.38	2026-09-23
sweep-s100m_seed0-8845057	8845057	0.38	0.00	0	0.00	0.00	Y	0.38	2026-09-23
sweep-s100m_seed0-8848049	8848049	0.38	0.00	0	0.00	0.00	Y	0.38	2026-09-23
sweep-s100m_ck430k_seed0-8860093	8860093	0.38	0.00	0	0.00	0.00	Y	0.38	2026-09-23
sweep-s100m_ck330k_seed2-8860093	8860093	0.38	0.00	0	0.00	0.00	Y	0.38	2026-09-24
sweep-s100m_ck430k_seed1-8860093	8860093	0.38	0.00	0	0.00	0.00	Y	0.38	2026-09-23
sweep-s100m_ck330k_seed1-8860093	8860093	0.38	0.00	0	0.00	0.00	Y	0.38	2026-09-24
sweep-s100m_ck430k_seed2-8860093	8860093	0.38	0.00	0	0.00	0.00	Y	0.38	2026-09-23
sweep-s100m_ck540k_seed1-8860093	8860093	0.38	0.00	0	0.00	0.00	Y	0.38	2026-09-23
sweep-s100m_ck540k_seed0-8860093	8860093	0.38	0.00	0	0.00	0.00	Y	0.38	2026-09-23
sweep-s100m_ck330k_seed0-8860093	8860093	0.38	0.00	0	0.00	0.00	Y	0.38	2026-09-23
sweep-s100m_ck220k_seed1-8860092	8860092	0.38	0.00	0	0.00	0.00	Y	0.38	2026-09-23
sweep-s100m_ck220k_seed2-8860092	8860092	0.38	0.00	0	0.00	0.00	Y	0.38	2026-09-23
sweep-s100m_ck010k_seed2-8860093	8860093	0.38	0.00	0	0.00	0.00	Y	0.38	2026-09-23
sweep-s100m_ck120k_seed0-8860093	8860093	0.38	0.00	0	0.00	0.00	Y	0.38	2026-09-23
sweep-s100m_ck010k_seed1-8860093	8860093	0.38	0.00	0	0.00	0.00	Y	0.38	2026-09-23
sweep-s100m_ck120k_seed2-8860093	8860093	0.38	0.00	0	0.00	0.00	Y	0.38	2026-09-23
sweep-s100m_ck540k_seed2-8860093	8860093	0.38	0.00	0	0.00	0.00	Y	0.38	2026-09-23
sweep-s100m_ck010k_seed0-8860093	8860093	0.38	0.00	0	0.00	0.00	Y	0.38	2026-09-23
sweep-s100m_ck120k_seed1-8860093	8860093	0.38	0.00	0	0.00	0.00	Y	0.38	2026-09-23
sweep-s100m_ck220k_seed0-8860092	8860092	0.38	0.00	0	0.00	0.00	Y	0.38	2026-09-23
sweep-s100m_ck430k_seed0-8859938	8859938	0.38	0.00	0	0.00	0.00	Y	0.38	2026-09-23
sweep-s100m_ck120k_seed0-8859938	8859938	0.38	0.00	0	0.00	0.00	Y	0.38	2026-09-23
sweep-s100m_ck010k_seed0-8859938	8859938	0.38	0.00	0	0.00	0.00	Y	0.38	2026-09-23
sweep-s100m_ck330k_seed0-8859938	8859938	0.38	0.00	0	0.00	0.00	Y	0.38	2026-09-23
sweep-s100m_ck220k_seed0-8859938	8859938	0.38	0.00	0	0.00	0.00	Y	0.38	2026-09-23
sweep-s100m_ck540k_seed0-8859938	8859938	0.38	0.00	0	0.00	0.00	Y	0.38	2026-09-23
sweep-s100m_t001_pk16_seed2-8856460	8856460	0.38	0.00	0	0.00	0.00	Y	0.38	2026-09-23
sweep-s100m_t001_pk16_seed0-8856460	8856460	0.38	0.00	0	0.00	0.00	Y	0.38	2026-09-23
sweep-s100m_t001_pk16_seed1-8856460	8856460	0.38	0.00	0	0.00	0.00	Y	0.38	2026-09-23
sweep-s100m_t003_pk16_seed0-8856460	8856460	0.38	0.00	0	0.00	0.00	Y	0.38	2026-09-23
sweep-s100m_t003_pk16_seed2-8856460	8856460	0.38	0.00	0	0.00	0.00	Y	0.38	2026-09-23
sweep-s100m_t003_pk16_seed1-8856460	8856460	0.38	0.00	0	0.00	0.00	Y	0.38	2026-09-23
sweep-s100m_t002_pk16_seed0-8856460	8856460	0.38	0.00	0	0.00	0.00	Y	0.38	2026-09-23
sweep-s100m_t002_pk16_seed2-8856460	8856460	0.38	0.00	0	0.00	0.00	Y	0.38	2026-09-23
sweep-s100m_t002_pk16_seed1-8856460	8856460	0.38	0.00	0	0.00	0.00	Y	0.38	2026-09-23
sweep-s100m_t0005_pk064_seed1-8856643	8856643	0.38	0.00	0	0.00	0.00	Y	0.38	2026-09-23
sweep-s100m_t0005_pk064_seed0-8856643	8856643	0.38	0.00	0	0.00	0.00	Y	0.38	2026-09-23
sweep-s100m_t001_pk64_seed2-8856460	8856460	0.38	0.00	0	0.00	0.00	Y	0.38	2026-09-23
sweep-s100m_t0003_pk064_seed0-8856643	8856643	0.38	0.00	0	0.00	0.00	Y	0.38	2026-09-23
sweep-s100m_t001_pk64_seed1-8856460	8856460	0.38	0.00	0	0.00	0.00	Y	0.38	2026-09-23
sweep-s100m_t003_pk64_seed2-8856460	8856460	0.38	0.00	0	0.00	0.00	Y	0.38	2026-09-23
sweep-s100m_t003_pk64_seed0-8856460	8856460	0.38	0.00	0	0.00	0.00	Y	0.38	2026-09-23
sweep-s100m_t001_pk64_seed0-8856460	8856460	0.38	0.00	0	0.00	0.00	Y	0.38	2026-09-23
sweep-s100m_t0003_pk064_seed1-8856643	8856643	0.38	0.00	0	0.00	0.00	Y	0.38	2026-09-23
sweep-s100m_t001_pk064_seed0-8856643	8856643	0.38	0.00	0	0.00	0.00	Y	0.38	2026-09-23
sweep-s100m_t0003_pk064_seed2-8856643	8856643	0.38	0.00	0	0.00	0.00	Y	0.38	2026-09-23
sweep-s100m_t0005_pk064_seed2-8856643	8856643	0.38	0.00	0	0.00	0.00	Y	0.38	2026-09-23
sweep-s100m_t002_pk64_seed0-8856460	8856460	0.38	0.00	0	0.00	0.00	Y	0.38	2026-09-23
sweep-s100m_t003_pk64_seed1-8856460	8856460	0.38	0.00	0	0.00	0.00	Y	0.38	2026-09-23
sweep-s100m_t002_pk64_seed1-8856460	8856460	0.38	0.00	0	0.00	0.00	Y	0.38	2026-09-23
sweep-s100m_t002_pk64_seed2-8856460	8856460	0.38	0.00	0	0.00	0.00	Y	0.38	2026-09-23
sweep-s100m_t001_pk064_seed1-8856643	8856643	0.38	0.00	0	0.00	0.00	Y	0.38	2026-09-23
sweep-s100m_t001_pk064_seed2-8856643	8856643	0.38	0.00	0	0.00	0.00	Y	0.38	2026-09-23
sweep-s100m_t001_pk128_seed2-8856643	8856643	0.38	0.00	0	0.00	0.00	Y	0.38	2026-09-23
sweep-s100m_t0005_pk128_seed1-8856643	8856643	0.38	0.00	0	0.00	0.00	Y	0.38	2026-09-23
sweep-s100m_t0003_pk128_seed1-8856643	8856643	0.38	0.00	0	0.00	0.00	Y	0.38	2026-09-23
sweep-s100m_t0005_pk128_seed2-8856643	8856643	0.38	0.00	0	0.00	0.00	Y	0.38	2026-09-23
sweep-s100m_t001_pk128_seed1-8856643	8856643	0.38	0.00	0	0.00	0.00	Y	0.38	2026-09-23
sweep-s100m_t0005_pk128_seed0-8856643	8856643	0.38	0.00	0	0.00	0.00	Y	0.38	2026-09-23
sweep-s100m_t001_pk128_seed0-8856643	8856643	0.38	0.00	0	0.00	0.00	Y	0.38	2026-09-23
sweep-s100m_t001_pk256_seed0-8856643	8856643	0.38	0.00	0	0.00	0.00	Y	0.38	2026-09-23
sweep-s100m_t0003_pk128_seed2-8856643	8856643	0.38	0.00	0	0.00	0.00	Y	0.38	2026-09-23
sweep-s100m_t0003_pk128_seed0-8856643	8856643	0.38	0.00	0	0.00	0.00	Y	0.38	2026-09-23
sweep-s100m_t001_pk256_seed2-8856643	8856643	0.38	0.00	0	0.00	0.00	Y	0.38	2026-09-23
sweep-s100m_t0003_pk256_seed1-8856643	8856643	0.38	0.00	0	0.00	0.00	Y	0.38	2026-09-23
sweep-s100m_t0003_pk512_seed2-8856643	8856643	0.38	0.00	0	0.00	0.00	Y	0.38	2026-09-23
sweep-s100m_t001_pk256_seed1-8856643	8856643	0.38	0.00	0	0.00	0.00	Y	0.38	2026-09-23
sweep-s100m_t0005_pk256_seed0-8856643	8856643	0.38	0.00	0	0.00	0.00	Y	0.38	2026-09-23
sweep-s100m_t0005_pk256_seed2-8856643	8856643	0.38	0.00	0	0.00	0.00	Y	0.38	2026-09-23
sweep-s100m_t0005_pk256_seed1-8856643	8856643	0.38	0.00	0	0.00	0.00	Y	0.38	2026-09-23
sweep-s100m_t001_pk512_seed0-8856643	8856643	0.38	0.00	0	0.00	0.00	Y	0.38	2026-09-23
sweep-s100m_t0003_pk256_seed0-8856643	8856643	0.38	0.00	0	0.00	0.00	Y	0.38	2026-09-23
sweep-s100m_t001_pk512_seed1-8856643	8856643	0.38	0.00	0	0.00	0.00	Y	0.38	2026-09-23
sweep-s100m_t001_pk512_seed2-8856643	8856643	0.38	0.00	0	0.00	0.00	Y	0.38	2026-09-23
sweep-s100m_t0005_pk512_seed2-8856643	8856643	0.38	0.00	0	0.00	0.00	Y	0.38	2026-09-23
sweep-s100m_t0003_pk256_seed2-8856643	8856643	0.38	0.00	0	0.00	0.00	Y	0.38	2026-09-23
sweep-s100m_t0003_pk512_seed1-8856643	8856643	0.38	0.00	0	0.00	0.00	Y	0.38	2026-09-23
sweep-s100m_t0005_pk512_seed0-8856643	8856643	0.38	0.00	0	0.00	0.00	Y	0.38	2026-09-23
sweep-s100m_t0005_pk512_seed1-8856643	8856643	0.38	0.00	0	0.00	0.00	Y	0.38	2026-09-23
sweep-s100m_t0003_pk512_seed0-8856643	8856643	0.38	0.00	0	0.00	0.00	Y	0.38	2026-09-23
sweep-s100m_ck120k_seed0-8859890	8859890	0.38	0.00	0	0.00	0.00	Y	0.38	2026-09-23
sweep-s100m_ck330k_seed0-8859890	8859890	0.38	0.00	0	0.00	0.00	Y	0.38	2026-09-23
sweep-s100m_ck010k_seed0-8859890	8859890	0.38	0.00	0	0.00	0.00	Y	0.38	2026-09-23
sweep-s100m_ck220k_seed0-8859890	8859890	0.38	0.00	0	0.00	0.00	Y	0.38	2026-09-23
sweep-s100m_ck430k_seed0-8859890	8859890	0.38	0.00	0	0.00	0.00	Y	0.38	2026-09-23
sweep-s100m_ck540k_seed0-8859890	8859890	0.38	0.00	0	0.00	0.00	Y	0.38	2026-09-23
validate-sweep-denoise-scratch-scale-8847643.aurora-pbs-0001.hostmgmt.cm.aurora.alcf.anl.gov	-	0.37	0.28	3	0.00	0.00	Y	0.09	2026-09-30
validate-sweep-denoise-seeds-ep8-8846010.aurora-pbs-0001.hostmgmt.cm.aurora.alcf.anl.gov	-	0.37	0.28	3	0.00	0.00	Y	0.09	2026-09-30
validate-sweep-ckpt-denoise-8848815.aurora-pbs-0001.hostmgmt.cm.aurora.alcf.anl.gov	-	0.37	0.28	3	0.00	0.00	Y	0.09	2026-09-30
validate-sweep-ckpt-denoise-ends-8856535.aurora-pbs-0001.hostmgmt.cm.aurora.alcf.anl.gov	-	0.37	0.28	3	0.00	0.00	Y	0.09	2026-09-30
validate-sweep-ckpthp-denoise-8848849.aurora-pbs-0001.hostmgmt.cm.aurora.alcf.anl.gov	-	0.37	0.28	3	0.00	0.00	Y	0.09	2026-09-30
validate-sweep-denoise-scratch-8842180.aurora-pbs-0001.hostmgmt.cm.aurora.alcf.anl.gov	-	0.37	0.28	3	0.00	0.00	Y	0.09	2026-09-30
p1-stage0	-	0.36	0.00	0	0.00	0.00	N	0.00	2026-09-29
sweep-100m_seed4-8847146	8847146	0.22	0.00	0	0.00	0.00	Y	0.19	2026-09-22
sweep-100m_seed6-8847146	8847146	0.22	0.00	0	0.00	0.00	Y	0.19	2026-09-22
sweep-100m_seed1-8847146	8847146	0.22	0.00	0	0.00	0.00	Y	0.19	2026-09-22
sweep-100m_seed3-8847146	8847146	0.22	0.00	0	0.00	0.00	Y	0.19	2026-09-22
sweep-100m_seed2-8847146	8847146	0.22	0.00	0	0.00	0.00	Y	0.19	2026-09-22
sweep-100m_seed5-8847146	8847146	0.22	0.00	0	0.00	0.00	Y	0.19	2026-09-22
sweep-ep100_seed2-8845871	8845871	0.21	0.00	0	0.00	0.00	Y	0.19	2026-09-23
sweep-ep100_seed3-8845871	8845871	0.21	0.00	0	0.00	0.00	Y	0.19	2026-09-23
sweep-ep100_seed4-8845871	8845871	0.21	0.00	0	0.00	0.00	Y	0.19	2026-09-23
sweep-ep100_seed0-8845871	8845871	0.21	0.00	0	0.00	0.00	Y	0.19	2026-09-23
sweep-ep100_seed1-8845871	8845871	0.21	0.00	0	0.00	0.00	Y	0.19	2026-09-23
sweep-ep100_seed5-8845871	8845871	0.21	0.00	0	0.00	0.00	Y	0.19	2026-09-23
sweep-25m_ck540k_seed1-8871441	8871441	0.21	0.15	3	0.00	0.00	Y	0.05	2026-09-30
sweep-100m_ep04_seed3-8847663	8847663	0.20	0.00	0	0.00	0.00	Y	0.19	2026-09-22
sweep-100m_ep04_seed1-8847663	8847663	0.20	0.00	0	0.00	0.00	Y	0.19	2026-09-22
sweep-100m_ep04_seed2-8847663	8847663	0.20	0.00	0	0.00	0.00	Y	0.19	2026-09-22
sweep-lr2e4_es05_b12-8841345	8841345	0.20	0.00	0	0.00	0.00	Y	0.19	2026-09-22
sweep-lr5e5_es05_b12-8841345	8841345	0.20	0.00	0	0.00	0.00	Y	0.19	2026-09-22
sweep-lr2e4_es10_b12-8841345	8841345	0.20	0.00	0	0.00	0.00	Y	0.19	2026-09-22
sweep-lr5e5_es10_b12-8841345	8841345	0.20	0.00	0	0.00	0.00	Y	0.19	2026-09-22
sweep-lr5e4_es10_b12-8841345	8841345	0.20	0.00	0	0.00	0.00	Y	0.19	2026-09-22
sweep-lr5e4_es05_b12-8841345	8841345	0.20	0.00	0	0.00	0.00	Y	0.19	2026-09-22
sweep-100m_seed6-8845262	8845262	0.20	0.00	0	0.00	0.00	Y	0.19	2026-09-22
sweep-100m_seed3-8845262	8845262	0.20	0.00	0	0.00	0.00	Y	0.19	2026-09-22
sweep-100m_seed1-8845262	8845262	0.20	0.00	0	0.00	0.00	Y	0.19	2026-09-22
sweep-100m_seed2-8845262	8845262	0.20	0.00	0	0.00	0.00	Y	0.19	2026-09-22
sweep-100m_seed4-8845262	8845262	0.20	0.00	0	0.00	0.00	Y	0.19	2026-09-22
sweep-100m_seed5-8845262	8845262	0.20	0.00	0	0.00	0.00	Y	0.19	2026-09-22
align-50m-1tile-v3-8840304	8840304	0.20	0.00	0	0.00	0.00	Y	0.20	2026-09-19
sweep-ep048_lr5e4_seed1-8848555	8848555	0.20	0.00	0	0.00	0.00	Y	0.19	2026-09-23
sweep-ep048_lr1e4_seed1-8848555	8848555	0.20	0.00	0	0.00	0.00	Y	0.19	2026-09-23
sweep-ep048_lr5e4_seed2-8848555	8848555	0.20	0.00	0	0.00	0.00	Y	0.19	2026-09-23
sweep-ep048_lr1e4_seed0-8848555	8848555	0.20	0.00	0	0.00	0.00	Y	0.19	2026-09-23
sweep-ep048_lr5e4_seed0-8848555	8848555	0.20	0.00	0	0.00	0.00	Y	0.19	2026-09-23
sweep-ep048_lr1e4_seed2-8848555	8848555	0.20	0.00	0	0.00	0.00	Y	0.19	2026-09-23
sweep-ep50-8840792	8840792	0.20	0.00	0	0.00	0.00	Y	0.19	2026-09-23
sweep-ep030_seed4-8845871	8845871	0.19	0.00	0	0.00	0.00	Y	0.19	2026-09-23
sweep-ep030_seed1-8845871	8845871	0.19	0.00	0	0.00	0.00	Y	0.19	2026-09-23
sweep-ep030_seed5-8845871	8845871	0.19	0.00	0	0.00	0.00	Y	0.19	2026-09-23
sweep-ep030_seed3-8845871	8845871	0.19	0.00	0	0.00	0.00	Y	0.19	2026-09-23
sweep-ep030_seed0-8845871	8845871	0.19	0.00	0	0.00	0.00	Y	0.19	2026-09-23
sweep-ep030_seed2-8845871	8845871	0.19	0.00	0	0.00	0.00	Y	0.19	2026-09-23
sweep-lr2e4_es10_b48-8841345	8841345	0.19	0.00	0	0.00	0.00	Y	0.19	2026-09-22
sweep-lr5e5_es05_b48-8841345	8841345	0.19	0.00	0	0.00	0.00	Y	0.19	2026-09-22
sweep-lr5e4_es10_b48-8841345	8841345	0.19	0.00	0	0.00	0.00	Y	0.19	2026-09-22
sweep-lr5e4_es05_b48-8841345	8841345	0.19	0.00	0	0.00	0.00	Y	0.19	2026-09-22
sweep-lr5e5_es10_b48-8841345	8841345	0.19	0.00	0	0.00	0.00	Y	0.19	2026-09-22
sweep-lr2e4_es05_b48-8841345	8841345	0.19	0.00	0	0.00	0.00	Y	0.19	2026-09-22
sweep-s050m_ck010k_lr4e-4_p170k2_cons_seed0-8884292	8884292	0.19	0.00	0	0.00	0.00	Y	0.19	2026-10-01
sweep-s050m_ck540k_cons_always_seed0-8878405	8878405	0.19	0.00	0	0.00	0.00	Y	0.19	2026-09-29
sweep-rand_ep30-8843262	8843262	0.19	0.00	0	0.00	0.00	Y	0.19	2026-09-23
sweep-s050m_ck540k_cons_k4_seed0-8873849	8873849	0.19	0.00	0	0.00	0.00	Y	0.19	2026-09-27
sweep-s050m_ck540k_cons_k3_seed0-8873849	8873849	0.19	0.00	0	0.00	0.00	Y	0.19	2026-09-27
sweep-s050m_ck540k_cons_w3_seed0-8878405	8878405	0.19	0.00	0	0.00	0.00	Y	0.19	2026-09-29
sweep-ep25-8840792	8840792	0.19	0.00	0	0.00	0.00	Y	0.19	2026-09-23
sweep-s050m_ck540k_lr4e-4_p128k2_seed0-8873824	8873824	0.19	0.00	0	0.00	0.00	Y	0.19	2026-09-27
sweep-s050m_ck540k_supcon_regions50_seed0-8873562	8873562	0.19	0.00	0	0.00	0.00	Y	0.19	2026-09-27
sweep-s050m_ck540k_supcon_between75_seed0-8873065	8873065	0.19	0.00	0	0.00	0.00	Y	0.19	2026-09-27
sweep-s050m_ck540k_supcon_regions75_seed0-8873562	8873562	0.19	0.00	0	0.00	0.00	Y	0.19	2026-09-27
sweep-s050m_ck133k_lr4e-4_p170k2_seed0-8880653	8880653	0.19	0.00	0	0.00	0.00	Y	0.19	2026-09-30
sweep-s050m_ck050k_lr4e-4_p170k2_seed0-8880653	8880653	0.19	0.00	0	0.00	0.00	Y	0.19	2026-09-30
sweep-s050m_ck010k_lr4e-4_p170k2_seed0-8880653	8880653	0.19	0.00	0	0.00	0.00	Y	0.19	2026-09-30
sweep-s050m_ck540k_supcon_within75_seed0-8873065	8873065	0.19	0.00	0	0.00	0.00	Y	0.19	2026-09-27
sweep-s050m_ck540k_sigmoid_random_seed2-8872074	8872074	0.19	0.00	0	0.00	0.00	Y	0.19	2026-09-26
sweep-s050m_ck540k_sigmoid_random_seed1-8872074	8872074	0.19	0.00	0	0.00	0.00	Y	0.19	2026-09-26
sweep-s050m_ck540k_sigmoid_random_seed0-8872074	8872074	0.19	0.00	0	0.00	0.00	Y	0.19	2026-09-26
sweep-s050m_ck540k_supcon_random_seed0-8872074	8872074	0.19	0.00	0	0.00	0.00	Y	0.19	2026-09-26
sweep-s050m_ck540k_supcon_random_seed2-8872074	8872074	0.19	0.00	0	0.00	0.00	Y	0.19	2026-09-26
sweep-s050m_ck540k_supcon_random_seed1-8872074	8872074	0.19	0.00	0	0.00	0.00	Y	0.19	2026-09-26
sweep-s050m_ck540k_lr1.6e-3_seed0-8873824	8873824	0.19	0.00	0	0.00	0.00	Y	0.19	2026-09-27
sweep-s050m_ck540k_sigmoid_mass_seed2-8872074	8872074	0.19	0.00	0	0.00	0.00	Y	0.19	2026-09-26
sweep-s050m_ck540k_sigmoid_mass_seed1-8872074	8872074	0.19	0.00	0	0.00	0.00	Y	0.19	2026-09-26
sweep-s050m_ck540k_sigmoid_mass_seed0-8872074	8872074	0.19	0.00	0	0.00	0.00	Y	0.19	2026-09-26
sweep-s050m_ck540k_supcon_mass_seed2-8872074	8872074	0.19	0.00	0	0.00	0.00	Y	0.19	2026-09-26
sweep-s050m_ck540k_supcon_mass_seed0-8872074	8872074	0.19	0.00	0	0.00	0.00	Y	0.19	2026-09-26
sweep-s050m_ck540k_supcon_mass_seed1-8872074	8872074	0.19	0.00	0	0.00	0.00	Y	0.19	2026-09-26
sweep-ep016_lr5e4_seed1-8848555	8848555	0.19	0.00	0	0.00	0.00	Y	0.19	2026-09-23
sweep-s050m_ck540k_lr2e-4-8872678	8872678	0.19	0.00	0	0.00	0.00	Y	0.19	2026-09-26
sweep-s050m_ck540k_t0.005-8872678	8872678	0.19	0.00	0	0.00	0.00	Y	0.19	2026-09-26
sweep-ep016_lr5e4_seed2-8848555	8848555	0.19	0.00	0	0.00	0.00	Y	0.19	2026-09-23
sweep-s050m_ck540k_lr5e-5-8872678	8872678	0.19	0.00	0	0.00	0.00	Y	0.19	2026-09-26
sweep-s050m_ck540k_p128k2-8872678	8872678	0.19	0.00	0	0.00	0.00	Y	0.19	2026-09-26
sweep-ep016_lr1e4_seed2-8848555	8848555	0.19	0.00	0	0.00	0.00	Y	0.19	2026-09-23
sweep-s050m_ck540k_lr4e-4-8872678	8872678	0.19	0.00	0	0.00	0.00	Y	0.19	2026-09-26
sweep-ep016_lr5e4_seed0-8848555	8848555	0.19	0.00	0	0.00	0.00	Y	0.19	2026-09-23
sweep-ep016_lr1e4_seed1-8848555	8848555	0.19	0.00	0	0.00	0.00	Y	0.19	2026-09-23
sweep-ep016_lr1e4_seed0-8848555	8848555	0.19	0.00	0	0.00	0.00	Y	0.19	2026-09-23
sweep-s050m_ck540k_p170k3-8872741	8872741	0.19	0.00	0	0.00	0.00	Y	0.19	2026-09-26
sweep-s050m_ck540k_t0.001-8872678	8872678	0.19	0.00	0	0.00	0.00	Y	0.19	2026-09-26
sweep-s050m_ck540k_t0.01-8872678	8872678	0.19	0.00	0	0.00	0.00	Y	0.19	2026-09-26
sweep-s050m_ck540k_base-8872678	8872678	0.19	0.00	0	0.00	0.00	Y	0.19	2026-09-26
sweep-s050m_ck540k_kl30-8872678	8872678	0.19	0.00	0	0.00	0.00	Y	0.19	2026-09-26
sweep-s050m_ck540k_kl1-8872678	8872678	0.19	0.00	0	0.00	0.00	Y	0.19	2026-09-26
sweep-s050m_ck540k_kl0-8872678	8872678	0.19	0.00	0	0.00	0.00	Y	0.19	2026-09-26
sweep-gc_ep100-8841165	8841165	0.19	0.00	0	0.00	0.00	Y	0.19	2026-09-23
sweep-s050m_ck220k_seed1_head256-8860587	8860587	0.19	0.00	0	0.00	0.00	Y	0.19	2026-09-24
sweep-s050m_ck220k_seed2_head256-8860587	8860587	0.19	0.00	0	0.00	0.00	Y	0.19	2026-09-24
sweep-s050m_ck220k_seed0_head256-8860587	8860587	0.19	0.00	0	0.00	0.00	Y	0.19	2026-09-24
sweep-s050m_ck220k_seed0_head256-8860566	8860566	0.19	0.00	0	0.00	0.00	Y	0.19	2026-09-24
sweep-s050m_ck220k_seed0_head256_ep03-8860538	8860538	0.19	0.00	0	0.00	0.00	Y	0.19	2026-09-24
sweep-s050m_ck220k_seed1_head256_ep03-8860538	8860538	0.19	0.00	0	0.00	0.00	Y	0.19	2026-09-24
sweep-s050m_ck220k_seed2_head256_ep03-8860538	8860538	0.19	0.00	0	0.00	0.00	Y	0.19	2026-09-24
sweep-pf025_m170_lr1e4_seed3-8847646	8847646	0.19	0.00	0	0.00	0.00	Y	0.19	2026-09-23
sweep-pf025_m100_lr1e4_seed2-8847646	8847646	0.19	0.00	0	0.00	0.00	Y	0.19	2026-09-23
sweep-pf025_m100_lr5e4_seed3-8847646	8847646	0.19	0.00	0	0.00	0.00	Y	0.19	2026-09-23
sweep-pf025_m141_lr5e4_seed3-8847646	8847646	0.19	0.00	0	0.00	0.00	Y	0.19	2026-09-23
sweep-pf025_m170_lr1e4_seed2-8847646	8847646	0.19	0.00	0	0.00	0.00	Y	0.19	2026-09-23
sweep-pf025_m100_lr5e4_seed1-8847646	8847646	0.19	0.00	0	0.00	0.00	Y	0.19	2026-09-23
sweep-pf025_m141_lr5e4_seed2-8847646	8847646	0.19	0.00	0	0.00	0.00	Y	0.19	2026-09-23
sweep-pf025_m100_lr5e4_seed2-8847646	8847646	0.19	0.00	0	0.00	0.00	Y	0.19	2026-09-23
sweep-pf025_m100_lr1e4_seed1-8847646	8847646	0.19	0.00	0	0.00	0.00	Y	0.19	2026-09-23
sweep-pf025_m170_lr5e4_seed1-8847646	8847646	0.19	0.00	0	0.00	0.00	Y	0.19	2026-09-23
sweep-pf025_m141_lr5e4_seed0-8847646	8847646	0.19	0.00	0	0.00	0.00	Y	0.19	2026-09-23
sweep-pf025_m170_lr5e4_seed3-8847646	8847646	0.19	0.00	0	0.00	0.00	Y	0.19	2026-09-23
sweep-pf025_m141_lr5e4_seed1-8847646	8847646	0.19	0.00	0	0.00	0.00	Y	0.19	2026-09-23
sweep-pf025_m170_lr1e4_seed1-8847646	8847646	0.19	0.00	0	0.00	0.00	Y	0.19	2026-09-23
sweep-pf025_m170_lr1e4_seed0-8847646	8847646	0.19	0.00	0	0.00	0.00	Y	0.19	2026-09-23
sweep-pf025_m170_lr5e4_seed2-8847646	8847646	0.19	0.00	0	0.00	0.00	Y	0.19	2026-09-23
sweep-pf025_m100_lr1e4_seed3-8847646	8847646	0.19	0.00	0	0.00	0.00	Y	0.19	2026-09-23
sweep-pf025_m141_lr1e4_seed1-8847646	8847646	0.19	0.00	0	0.00	0.00	Y	0.19	2026-09-23
sweep-pf025_m141_lr1e4_seed0-8847646	8847646	0.19	0.00	0	0.00	0.00	Y	0.19	2026-09-23
sweep-pf025_m141_lr1e4_seed2-8847646	8847646	0.19	0.00	0	0.00	0.00	Y	0.19	2026-09-23
sweep-pf025_m100_lr5e4_seed0-8847646	8847646	0.19	0.00	0	0.00	0.00	Y	0.19	2026-09-23
sweep-pf025_m100_lr1e4_seed0-8847646	8847646	0.19	0.00	0	0.00	0.00	Y	0.19	2026-09-23
sweep-pf025_m170_lr5e4_seed0-8847646	8847646	0.19	0.00	0	0.00	0.00	Y	0.19	2026-09-23
sweep-pf025_m141_lr1e4_seed3-8847646	8847646	0.19	0.00	0	0.00	0.00	Y	0.19	2026-09-23
sweep-pf05_m100_lr1e4_seed2-8847646	8847646	0.19	0.00	0	0.00	0.00	Y	0.19	2026-09-23
sweep-pf05_m170_lr1e4_seed2-8847646	8847646	0.19	0.00	0	0.00	0.00	Y	0.19	2026-09-23
sweep-pf05_m141_lr1e4_seed1-8847646	8847646	0.19	0.00	0	0.00	0.00	Y	0.19	2026-09-23
sweep-pf05_m100_lr5e4_seed1-8847646	8847646	0.19	0.00	0	0.00	0.00	Y	0.19	2026-09-23
sweep-pf05_m141_lr1e4_seed0-8847646	8847646	0.19	0.00	0	0.00	0.00	Y	0.19	2026-09-23
sweep-pf05_m141_lr5e4_seed0-8847646	8847646	0.19	0.00	0	0.00	0.00	Y	0.19	2026-09-23
sweep-pf05_m100_lr5e4_seed2-8847646	8847646	0.19	0.00	0	0.00	0.00	Y	0.19	2026-09-23
sweep-pf05_m100_lr5e4_seed3-8847646	8847646	0.19	0.00	0	0.00	0.00	Y	0.19	2026-09-23
sweep-pf05_m100_lr1e4_seed1-8847646	8847646	0.19	0.00	0	0.00	0.00	Y	0.19	2026-09-23
sweep-pf05_m141_lr1e4_seed2-8847646	8847646	0.19	0.00	0	0.00	0.00	Y	0.19	2026-09-23
sweep-pf05_m100_lr5e4_seed0-8847646	8847646	0.19	0.00	0	0.00	0.00	Y	0.19	2026-09-23
sweep-pf05_m141_lr5e4_seed1-8847646	8847646	0.19	0.00	0	0.00	0.00	Y	0.19	2026-09-23
sweep-pf05_m100_lr1e4_seed0-8847646	8847646	0.19	0.00	0	0.00	0.00	Y	0.19	2026-09-23
sweep-pf05_m170_lr5e4_seed3-8847646	8847646	0.19	0.00	0	0.00	0.00	Y	0.19	2026-09-23
sweep-pf05_m170_lr1e4_seed1-8847646	8847646	0.19	0.00	0	0.00	0.00	Y	0.19	2026-09-23
sweep-pf05_m141_lr1e4_seed3-8847646	8847646	0.19	0.00	0	0.00	0.00	Y	0.19	2026-09-23
sweep-pf05_m141_lr5e4_seed2-8847646	8847646	0.19	0.00	0	0.00	0.00	Y	0.19	2026-09-23
sweep-pf05_m170_lr1e4_seed0-8847646	8847646	0.19	0.00	0	0.00	0.00	Y	0.19	2026-09-23
sweep-pf05_m100_lr1e4_seed3-8847646	8847646	0.19	0.00	0	0.00	0.00	Y	0.19	2026-09-23
sweep-pf05_m170_lr5e4_seed2-8847646	8847646	0.19	0.00	0	0.00	0.00	Y	0.19	2026-09-23
sweep-pf05_m141_lr5e4_seed3-8847646	8847646	0.19	0.00	0	0.00	0.00	Y	0.19	2026-09-23
sweep-pf05_m170_lr1e4_seed3-8847646	8847646	0.19	0.00	0	0.00	0.00	Y	0.19	2026-09-23
sweep-pf05_m170_lr5e4_seed0-8847646	8847646	0.19	0.00	0	0.00	0.00	Y	0.19	2026-09-23
sweep-pf05_m170_lr5e4_seed1-8847646	8847646	0.19	0.00	0	0.00	0.00	Y	0.19	2026-09-23
sweep-ep010_seed1-8845871	8845871	0.19	0.00	0	0.00	0.00	Y	0.19	2026-09-23
sweep-ep010_seed5-8845871	8845871	0.19	0.00	0	0.00	0.00	Y	0.19	2026-09-23
sweep-ep010_seed3-8845871	8845871	0.19	0.00	0	0.00	0.00	Y	0.19	2026-09-23
sweep-ep010_seed4-8845871	8845871	0.19	0.00	0	0.00	0.00	Y	0.19	2026-09-23
sweep-ep010_seed2-8845871	8845871	0.19	0.00	0	0.00	0.00	Y	0.19	2026-09-23
sweep-ep010_seed0-8845871	8845871	0.19	0.00	0	0.00	0.00	Y	0.19	2026-09-23
sweep-gc_ep60-8841165	8841165	0.19	0.00	0	0.00	0.00	Y	0.19	2026-09-23
sweep-rand_ep10-8843262	8843262	0.19	0.00	0	0.00	0.00	Y	0.19	2026-09-23
sweep-ep10-8840792	8840792	0.19	0.00	0	0.00	0.00	Y	0.19	2026-09-23
sweep-lr5e5_es10_ep2_h512-8839957	8839957	0.19	0.00	0	0.00	0.00	Y	0.19	2026-09-19
sweep-lr5e5_es10_ep2_h512-8839997	8839997	0.19	0.00	0	0.00	0.00	Y	0.19	2026-09-19
sweep-lr2e4_es01_ep2_h512-8840232	8840232	0.19	0.00	0	0.00	0.00	Y	0.19	2026-09-19
sweep-lr5e5_es10_ep2_h512-8840232	8840232	0.19	0.00	0	0.00	0.00	Y	0.19	2026-09-19
sweep-lr5e5_es0_ep2_h512-8840232	8840232	0.19	0.00	0	0.00	0.00	Y	0.19	2026-09-19
sweep-lr1e5_es01_ep2_h512-8840232	8840232	0.19	0.00	0	0.00	0.00	Y	0.19	2026-09-19
sweep-lr1e5_es10_ep4_h512-8840232	8840232	0.19	0.00	0	0.00	0.00	Y	0.19	2026-09-19
sweep-lr5e5_es05_ep2_h512-8840232	8840232	0.19	0.00	0	0.00	0.00	Y	0.19	2026-09-19
sweep-lr2e4_es0_ep2_h512-8840232	8840232	0.19	0.00	0	0.00	0.00	Y	0.19	2026-09-19
sweep-lr5e5_es05_ep4_h512-8840232	8840232	0.19	0.00	0	0.00	0.00	Y	0.19	2026-09-19
sweep-lr2e4_es10_ep4_h512-8840232	8840232	0.19	0.00	0	0.00	0.00	Y	0.19	2026-09-19
sweep-lr5e5_es01_ep4_h512-8840232	8840232	0.19	0.00	0	0.00	0.00	Y	0.19	2026-09-19
sweep-lr5e5_es0_ep4_h512-8840232	8840232	0.19	0.00	0	0.00	0.00	Y	0.19	2026-09-19
sweep-lr2e4_es05_ep2_h512-8840232	8840232	0.19	0.00	0	0.00	0.00	Y	0.19	2026-09-19
sweep-lr5e5_es01_ep2_h512-8840232	8840232	0.19	0.00	0	0.00	0.00	Y	0.19	2026-09-19
sweep-lr2e4_es10_ep2_h512-8840232	8840232	0.19	0.00	0	0.00	0.00	Y	0.19	2026-09-19
sweep-lr1e5_es05_ep2_h512-8840232	8840232	0.19	0.00	0	0.00	0.00	Y	0.19	2026-09-19
sweep-lr1e5_es10_ep2_h512-8840232	8840232	0.19	0.00	0	0.00	0.00	Y	0.19	2026-09-19
sweep-lr2e4_es01_ep4_h512-8840232	8840232	0.19	0.00	0	0.00	0.00	Y	0.19	2026-09-19
sweep-lr1e5_es01_ep4_h512-8840232	8840232	0.19	0.00	0	0.00	0.00	Y	0.19	2026-09-19
sweep-lr5e5_es10_ep4_h512-8840232	8840232	0.19	0.00	0	0.00	0.00	Y	0.19	2026-09-19
sweep-lr1e5_es0_ep4_h512-8840232	8840232	0.19	0.00	0	0.00	0.00	Y	0.19	2026-09-19
sweep-lr1e5_es05_ep4_h512-8840232	8840232	0.19	0.00	0	0.00	0.00	Y	0.19	2026-09-19
sweep-lr2e4_es0_ep4_h512-8840232	8840232	0.19	0.00	0	0.00	0.00	Y	0.19	2026-09-19
sweep-lr2e4_es05_ep4_h512-8840232	8840232	0.19	0.00	0	0.00	0.00	Y	0.19	2026-09-19
sweep-lr1e5_es0_ep2_h512-8840232	8840232	0.19	0.00	0	0.00	0.00	Y	0.19	2026-09-19
denoise-50m-1tile-discriminator-8840190	8840190	0.19	0.00	0	0.00	0.00	Y	0.19	2026-09-19
sweep-els10-8842231	8842231	0.19	0.00	0	0.00	0.00	Y	0.19	2026-09-23
sweep-els10-8842351	8842351	0.19	0.00	0	0.00	0.00	Y	0.19	2026-09-23
sweep-els03-8842231	8842231	0.19	0.00	0	0.00	0.00	Y	0.19	2026-09-23
sweep-s050m_t0002_pk064_ep24_seed0-8857593	8857593	0.19	0.00	0	0.00	0.00	Y	0.19	2026-09-23
sweep-els03-8842351	8842351	0.19	0.00	0	0.00	0.00	Y	0.19	2026-09-23
sweep-gc_ep30-8841066	8841066	0.19	0.00	0	0.00	0.00	Y	0.19	2026-09-23
sweep-els10-8843261	8843261	0.19	0.00	0	0.00	0.00	Y	0.19	2026-09-23
sweep-els03-8843261	8843261	0.19	0.00	0	0.00	0.00	Y	0.19	2026-09-23
sweep-frozen-8842231	8842231	0.19	0.00	0	0.00	0.00	Y	0.19	2026-09-23
sweep-s050m_t0002_pk064_ep24_seed2-8857593	8857593	0.19	0.00	0	0.00	0.00	Y	0.19	2026-09-23
sweep-frozen-8843261	8843261	0.19	0.00	0	0.00	0.00	Y	0.19	2026-09-23
sweep-s050m_t0002_pk064_ep24_seed1-8857593	8857593	0.19	0.00	0	0.00	0.00	Y	0.19	2026-09-23
sweep-frozen-8842351	8842351	0.19	0.00	0	0.00	0.00	Y	0.19	2026-09-23
sweep-s050m_t0003_pk064_ep24_seed0-8857593	8857593	0.19	0.00	0	0.00	0.00	Y	0.19	2026-09-23
sweep-s050m_t0001_pk064_ep24_seed1-8857593	8857593	0.19	0.00	0	0.00	0.00	Y	0.19	2026-09-23
sweep-s050m_t0003_pk064_ep24_seed2-8857593	8857593	0.19	0.00	0	0.00	0.00	Y	0.19	2026-09-23
sweep-s050m_t0003_pk064_ep24_seed1-8857593	8857593	0.19	0.00	0	0.00	0.00	Y	0.19	2026-09-23
sweep-s050m_t0001_pk064_ep24_seed2-8857593	8857593	0.19	0.00	0	0.00	0.00	Y	0.19	2026-09-23
sweep-s050m_t0001_pk064_ep24_seed0-8857593	8857593	0.19	0.00	0	0.00	0.00	Y	0.19	2026-09-23
sweep-pf075_m10_lr1e4-8846008	8846008	0.19	0.00	0	0.00	0.00	Y	0.19	2026-09-23
sweep-pf025_m10_lr1e4-8846008	8846008	0.19	0.00	0	0.00	0.00	Y	0.19	2026-09-23
sweep-pf075_m10_lr2e5-8846008	8846008	0.19	0.00	0	0.00	0.00	Y	0.19	2026-09-23
sweep-pf05_m05_lr1e4-8846008	8846008	0.19	0.00	0	0.00	0.00	Y	0.19	2026-09-23
sweep-pf075_m05_lr2e5-8846008	8846008	0.19	0.00	0	0.00	0.00	Y	0.19	2026-09-23
sweep-pf075_m05_lr1e4-8846008	8846008	0.19	0.00	0	0.00	0.00	Y	0.19	2026-09-23
sweep-pf025_m05_lr1e4-8846008	8846008	0.19	0.00	0	0.00	0.00	Y	0.19	2026-09-23
sweep-pf025_m05_lr2e5-8846008	8846008	0.19	0.00	0	0.00	0.00	Y	0.19	2026-09-23
sweep-pf025_m10_lr2e5-8846008	8846008	0.19	0.00	0	0.00	0.00	Y	0.19	2026-09-23
sweep-pf05_m05_lr2e5-8846008	8846008	0.19	0.00	0	0.00	0.00	Y	0.19	2026-09-23
sweep-pf05_m10_lr2e5-8846008	8846008	0.19	0.00	0	0.00	0.00	Y	0.19	2026-09-23
sweep-pf05_m10_lr1e4-8846008	8846008	0.19	0.00	0	0.00	0.00	Y	0.19	2026-09-23
sweep-s050m_lr1e4_kl10_t007_seed1-8847624	8847624	0.19	0.00	0	0.00	0.00	Y	0.19	2026-09-23
sweep-s050m_lr1e4_kl10_t02_seed3-8847624	8847624	0.19	0.00	0	0.00	0.00	Y	0.19	2026-09-23
sweep-s050m_lr1e4_kl10_t007_seed2-8847624	8847624	0.19	0.00	0	0.00	0.00	Y	0.19	2026-09-23
sweep-s050m_lr5e4_kl10_t007_seed0-8847624	8847624	0.19	0.00	0	0.00	0.00	Y	0.19	2026-09-23
sweep-s050m_lr1e4_kl10_t007_seed3-8847624	8847624	0.19	0.00	0	0.00	0.00	Y	0.19	2026-09-23
sweep-s050m_lr5e4_kl10_t007_seed3-8847624	8847624	0.19	0.00	0	0.00	0.00	Y	0.19	2026-09-23
sweep-s050m_lr5e4_kl10_t02_seed1-8847624	8847624	0.19	0.00	0	0.00	0.00	Y	0.19	2026-09-23
sweep-s050m_lr2e5_kl10_t007_seed0-8847624	8847624	0.19	0.00	0	0.00	0.00	Y	0.19	2026-09-23
sweep-s050m_lr5e4_kl10_t02_seed0-8847624	8847624	0.19	0.00	0	0.00	0.00	Y	0.19	2026-09-23
sweep-s050m_lr2e5_kl10_t02_seed1-8847624	8847624	0.19	0.00	0	0.00	0.00	Y	0.19	2026-09-23
sweep-s050m_lr2e5_kl10_t007_seed2-8847624	8847624	0.19	0.00	0	0.00	0.00	Y	0.19	2026-09-23
sweep-s050m_lr1e4_kl10_t007_seed0-8847624	8847624	0.19	0.00	0	0.00	0.00	Y	0.19	2026-09-23
sweep-s050m_lr2e5_kl10_t007_seed1-8847624	8847624	0.19	0.00	0	0.00	0.00	Y	0.19	2026-09-23
sweep-s050m_lr1e4_kl10_t02_seed2-8847624	8847624	0.19	0.00	0	0.00	0.00	Y	0.19	2026-09-23
sweep-s050m_lr5e4_kl10_t02_seed3-8847624	8847624	0.19	0.00	0	0.00	0.00	Y	0.19	2026-09-23
sweep-s050m_lr2e5_kl10_t02_seed0-8847624	8847624	0.19	0.00	0	0.00	0.00	Y	0.19	2026-09-23
sweep-s050m_lr2e5_kl10_t02_seed2-8847624	8847624	0.19	0.00	0	0.00	0.00	Y	0.19	2026-09-23
sweep-s050m_lr5e4_kl10_t007_seed2-8847624	8847624	0.19	0.00	0	0.00	0.00	Y	0.19	2026-09-23
sweep-s050m_lr1e4_kl10_t02_seed0-8847624	8847624	0.19	0.00	0	0.00	0.00	Y	0.19	2026-09-23
sweep-s050m_lr2e5_kl10_t007_seed3-8847624	8847624	0.19	0.00	0	0.00	0.00	Y	0.19	2026-09-23
sweep-s050m_lr5e4_kl10_t007_seed1-8847624	8847624	0.19	0.00	0	0.00	0.00	Y	0.19	2026-09-23
sweep-s050m_lr1e4_kl10_t02_seed1-8847624	8847624	0.19	0.00	0	0.00	0.00	Y	0.19	2026-09-23
sweep-s050m_lr5e4_kl0_t02_seed0-8847624	8847624	0.19	0.00	0	0.00	0.00	Y	0.19	2026-09-23
sweep-s050m_lr5e4_kl10_t02_seed2-8847624	8847624	0.19	0.00	0	0.00	0.00	Y	0.19	2026-09-23
sweep-s050m_lr2e5_kl10_t02_seed3-8847624	8847624	0.19	0.00	0	0.00	0.00	Y	0.19	2026-09-23
sweep-s050m_lr5e4_kl0_t007_seed2-8847624	8847624	0.19	0.00	0	0.00	0.00	Y	0.19	2026-09-23
sweep-s050m_lr2e5_kl0_t02_seed0-8847624	8847624	0.19	0.00	0	0.00	0.00	Y	0.19	2026-09-23
sweep-s050m_lr5e4_kl0_t007_seed0-8847624	8847624	0.19	0.00	0	0.00	0.00	Y	0.19	2026-09-23
sweep-s050m_lr1e4_kl0_t007_seed1-8847624	8847624	0.19	0.00	0	0.00	0.00	Y	0.19	2026-09-23
sweep-s050m_lr1e4_kl0_t007_seed0-8847624	8847624	0.19	0.00	0	0.00	0.00	Y	0.19	2026-09-23
sweep-s050m_lr2e5_kl0_t007_seed2-8847624	8847624	0.19	0.00	0	0.00	0.00	Y	0.19	2026-09-23
sweep-s050m_lr1e4_kl0_t007_seed3-8847624	8847624	0.19	0.00	0	0.00	0.00	Y	0.19	2026-09-23
sweep-s050m_lr2e5_kl0_t02_seed3-8847624	8847624	0.19	0.00	0	0.00	0.00	Y	0.19	2026-09-23
sweep-s050m_lr2e5_kl0_t02_seed2-8847624	8847624	0.19	0.00	0	0.00	0.00	Y	0.19	2026-09-23
sweep-s050m_lr5e4_kl0_t007_seed1-8847624	8847624	0.19	0.00	0	0.00	0.00	Y	0.19	2026-09-23
sweep-s050m_lr1e4_kl0_t007_seed2-8847624	8847624	0.19	0.00	0	0.00	0.00	Y	0.19	2026-09-23
sweep-s050m_lr2e5_kl0_t007_seed1-8847624	8847624	0.19	0.00	0	0.00	0.00	Y	0.19	2026-09-23
sweep-s050m_lr2e5_kl0_t007_seed0-8847624	8847624	0.19	0.00	0	0.00	0.00	Y	0.19	2026-09-23
sweep-s050m_lr5e4_kl0_t007_seed3-8847624	8847624	0.19	0.00	0	0.00	0.00	Y	0.19	2026-09-23
sweep-s050m_lr5e4_kl0_t02_seed2-8847624	8847624	0.19	0.00	0	0.00	0.00	Y	0.19	2026-09-23
sweep-s050m_lr2e5_kl0_t007_seed3-8847624	8847624	0.19	0.00	0	0.00	0.00	Y	0.19	2026-09-23
sweep-s050m_lr1e4_kl0_t02_seed2-8847624	8847624	0.19	0.00	0	0.00	0.00	Y	0.19	2026-09-23
sweep-s050m_lr1e4_kl0_t02_seed0-8847624	8847624	0.19	0.00	0	0.00	0.00	Y	0.19	2026-09-23
sweep-s050m_lr1e4_kl0_t02_seed3-8847624	8847624	0.19	0.00	0	0.00	0.00	Y	0.19	2026-09-23
sweep-s050m_lr1e4_kl0_t02_seed1-8847624	8847624	0.19	0.00	0	0.00	0.00	Y	0.19	2026-09-23
sweep-s050m_lr5e4_kl0_t02_seed3-8847624	8847624	0.19	0.00	0	0.00	0.00	Y	0.19	2026-09-23
sweep-s050m_lr2e5_kl0_t02_seed1-8847624	8847624	0.19	0.00	0	0.00	0.00	Y	0.19	2026-09-23
sweep-s050m_lr5e4_kl0_t02_seed1-8847624	8847624	0.19	0.00	0	0.00	0.00	Y	0.19	2026-09-23
sweep-s050m_t002_pk04_seed2-8856460	8856460	0.19	0.00	0	0.00	0.00	Y	0.19	2026-09-23
sweep-s050m_t002_pk04_seed0-8856460	8856460	0.19	0.00	0	0.00	0.00	Y	0.19	2026-09-23
sweep-s050m_t001_pk04_seed2-8856460	8856460	0.19	0.00	0	0.00	0.00	Y	0.19	2026-09-23
sweep-s050m_t001_pk04_seed1-8856460	8856460	0.19	0.00	0	0.00	0.00	Y	0.19	2026-09-23
sweep-s050m_t002_pk04_seed1-8856460	8856460	0.19	0.00	0	0.00	0.00	Y	0.19	2026-09-23
sweep-s050m_t001_pk04_seed0-8856460	8856460	0.19	0.00	0	0.00	0.00	Y	0.19	2026-09-23
sweep-s050m_t003_pk04_seed0-8856460	8856460	0.19	0.00	0	0.00	0.00	Y	0.19	2026-09-23
sweep-lr1e4_kl10_t007_seed0-8849088	8849088	0.19	0.00	0	0.00	0.00	Y	0.19	2026-09-23
sweep-lr1e4_kl10_t007_seed1-8849088	8849088	0.19	0.00	0	0.00	0.00	Y	0.19	2026-09-23
sweep-lr5e4_kl10_t007_seed3-8849088	8849088	0.19	0.00	0	0.00	0.00	Y	0.19	2026-09-23
sweep-lr2e5_kl10_t02_seed3-8849088	8849088	0.19	0.00	0	0.00	0.00	Y	0.19	2026-09-23
sweep-lr5e4_kl10_t007_seed0-8849088	8849088	0.19	0.00	0	0.00	0.00	Y	0.19	2026-09-23
sweep-lr2e5_kl10_t007_seed2-8849088	8849088	0.19	0.00	0	0.00	0.00	Y	0.19	2026-09-23
sweep-lr2e5_kl10_t02_seed0-8849088	8849088	0.19	0.00	0	0.00	0.00	Y	0.19	2026-09-23
sweep-lr2e5_kl10_t007_seed3-8849088	8849088	0.19	0.00	0	0.00	0.00	Y	0.19	2026-09-23
sweep-lr5e4_kl10_t007_seed2-8849088	8849088	0.19	0.00	0	0.00	0.00	Y	0.19	2026-09-23
sweep-lr2e5_kl10_t007_seed0-8849088	8849088	0.19	0.00	0	0.00	0.00	Y	0.19	2026-09-23
sweep-s050m_t003_pk04_seed2-8856460	8856460	0.19	0.00	0	0.00	0.00	Y	0.19	2026-09-23
sweep-lr5e4_kl10_t02_seed3-8849088	8849088	0.19	0.00	0	0.00	0.00	Y	0.19	2026-09-23
sweep-lr5e4_kl10_t007_seed1-8849088	8849088	0.19	0.00	0	0.00	0.00	Y	0.19	2026-09-23
sweep-lr2e5_kl10_t007_seed1-8849088	8849088	0.19	0.00	0	0.00	0.00	Y	0.19	2026-09-23
sweep-lr1e4_kl10_t007_seed3-8849088	8849088	0.19	0.00	0	0.00	0.00	Y	0.19	2026-09-23
sweep-lr1e4_kl10_t007_seed2-8849088	8849088	0.19	0.00	0	0.00	0.00	Y	0.19	2026-09-23
sweep-lr5e4_kl10_t02_seed1-8849088	8849088	0.19	0.00	0	0.00	0.00	Y	0.19	2026-09-23
sweep-lr5e4_kl10_t02_seed2-8849088	8849088	0.19	0.00	0	0.00	0.00	Y	0.19	2026-09-23
sweep-lr2e5_kl10_t02_seed2-8849088	8849088	0.19	0.00	0	0.00	0.00	Y	0.19	2026-09-23
sweep-lr5e4_kl10_t02_seed0-8849088	8849088	0.19	0.00	0	0.00	0.00	Y	0.19	2026-09-23
sweep-lr1e4_kl10_t02_seed3-8849088	8849088	0.19	0.00	0	0.00	0.00	Y	0.19	2026-09-23
sweep-lr2e5_kl10_t02_seed1-8849088	8849088	0.19	0.00	0	0.00	0.00	Y	0.19	2026-09-23
sweep-lr1e4_kl10_t02_seed0-8849088	8849088	0.19	0.00	0	0.00	0.00	Y	0.19	2026-09-23
sweep-s050m_t003_pk04_seed1-8856460	8856460	0.19	0.00	0	0.00	0.00	Y	0.19	2026-09-23
sweep-lr1e4_kl10_t02_seed1-8849088	8849088	0.19	0.00	0	0.00	0.00	Y	0.19	2026-09-23
sweep-lr1e4_kl10_t02_seed2-8849088	8849088	0.19	0.00	0	0.00	0.00	Y	0.19	2026-09-23
sweep-lr5e4_kl0_t007_seed1-8849088	8849088	0.19	0.00	0	0.00	0.00	Y	0.19	2026-09-23
sweep-lr1e4_kl0_t007_seed2-8849088	8849088	0.19	0.00	0	0.00	0.00	Y	0.19	2026-09-23
sweep-50m_ck330k_seed5-8851663	8851663	0.19	0.00	0	0.00	0.00	Y	0.19	2026-09-23
sweep-lr2e5_kl0_t007_seed2-8849088	8849088	0.19	0.00	0	0.00	0.00	Y	0.19	2026-09-23
sweep-lr1e4_kl0_t02_seed0-8849088	8849088	0.19	0.00	0	0.00	0.00	Y	0.19	2026-09-23
sweep-lr2e5_kl0_t007_seed0-8849088	8849088	0.19	0.00	0	0.00	0.00	Y	0.19	2026-09-23
sweep-lr5e4_kl0_t007_seed2-8849088	8849088	0.19	0.00	0	0.00	0.00	Y	0.19	2026-09-23
sweep-50m_ck220k_seed5-8851663	8851663	0.19	0.00	0	0.00	0.00	Y	0.19	2026-09-23
sweep-lr5e4_kl0_t007_seed0-8849088	8849088	0.19	0.00	0	0.00	0.00	Y	0.19	2026-09-23
sweep-lr1e4_kl0_t007_seed3-8849088	8849088	0.19	0.00	0	0.00	0.00	Y	0.19	2026-09-23
sweep-50m_ck330k_seed1-8851663	8851663	0.19	0.00	0	0.00	0.00	Y	0.19	2026-09-23
sweep-lr2e5_kl0_t007_seed1-8849088	8849088	0.19	0.00	0	0.00	0.00	Y	0.19	2026-09-23
sweep-lr2e5_kl0_t007_seed3-8849088	8849088	0.19	0.00	0	0.00	0.00	Y	0.19	2026-09-23
sweep-50m_ck220k_seed4-8851663	8851663	0.19	0.00	0	0.00	0.00	Y	0.19	2026-09-23
sweep-lr2e5_kl0_t02_seed0-8849088	8849088	0.19	0.00	0	0.00	0.00	Y	0.19	2026-09-23
sweep-lr5e4_kl0_t007_seed3-8849088	8849088	0.19	0.00	0	0.00	0.00	Y	0.19	2026-09-23
sweep-lr2e5_kl0_t02_seed3-8849088	8849088	0.19	0.00	0	0.00	0.00	Y	0.19	2026-09-23
sweep-lr1e4_kl0_t007_seed1-8849088	8849088	0.19	0.00	0	0.00	0.00	Y	0.19	2026-09-23
sweep-lr1e4_kl0_t007_seed0-8849088	8849088	0.19	0.00	0	0.00	0.00	Y	0.19	2026-09-23
sweep-lr5e4_kl0_t02_seed0-8849088	8849088	0.19	0.00	0	0.00	0.00	Y	0.19	2026-09-23
sweep-lr1e4_kl0_t02_seed2-8849088	8849088	0.19	0.00	0	0.00	0.00	Y	0.19	2026-09-23
sweep-lr2e5_kl0_t02_seed1-8849088	8849088	0.19	0.00	0	0.00	0.00	Y	0.19	2026-09-23
sweep-ep003_seed1-8845871	8845871	0.19	0.00	0	0.00	0.00	Y	0.19	2026-09-23
sweep-ep003_seed4-8845871	8845871	0.19	0.00	0	0.00	0.00	Y	0.19	2026-09-23
sweep-ep003_seed0-8845871	8845871	0.19	0.00	0	0.00	0.00	Y	0.19	2026-09-23
sweep-lr1e4_kl0_t02_seed1-8849088	8849088	0.19	0.00	0	0.00	0.00	Y	0.19	2026-09-23
sweep-50m_ck330k_seed4-8851663	8851663	0.19	0.00	0	0.00	0.00	Y	0.19	2026-09-23
sweep-50m_ck220k_seed2-8851663	8851663	0.19	0.00	0	0.00	0.00	Y	0.19	2026-09-23
sweep-ep003_seed2-8845871	8845871	0.19	0.00	0	0.00	0.00	Y	0.19	2026-09-23
sweep-lr5e4_kl0_t02_seed2-8849088	8849088	0.19	0.00	0	0.00	0.00	Y	0.19	2026-09-23
sweep-50m_ck330k_seed2-8851663	8851663	0.19	0.00	0	0.00	0.00	Y	0.19	2026-09-23
sweep-50m_ck330k_seed0-8851663	8851663	0.19	0.00	0	0.00	0.00	Y	0.19	2026-09-23
sweep-lr1e4_kl0_t02_seed3-8849088	8849088	0.19	0.00	0	0.00	0.00	Y	0.19	2026-09-23
sweep-50m_ck220k_seed0-8851663	8851663	0.19	0.00	0	0.00	0.00	Y	0.19	2026-09-23
sweep-ep003_seed5-8845871	8845871	0.19	0.00	0	0.00	0.00	Y	0.19	2026-09-23
sweep-lr2e5_kl0_t02_seed2-8849088	8849088	0.19	0.00	0	0.00	0.00	Y	0.19	2026-09-23
sweep-50m_ck220k_seed1-8851663	8851663	0.19	0.00	0	0.00	0.00	Y	0.19	2026-09-23
sweep-50m_ck220k_seed3-8851663	8851663	0.19	0.00	0	0.00	0.00	Y	0.19	2026-09-23
sweep-ep003_seed3-8845871	8845871	0.19	0.00	0	0.00	0.00	Y	0.19	2026-09-23
sweep-50m_ck330k_seed3-8851663	8851663	0.19	0.00	0	0.00	0.00	Y	0.19	2026-09-23
sweep-lr5e4_kl0_t02_seed3-8849088	8849088	0.19	0.00	0	0.00	0.00	Y	0.19	2026-09-23
sweep-lr5e4_kl0_t02_seed1-8849088	8849088	0.19	0.00	0	0.00	0.00	Y	0.19	2026-09-23
sweep-s050m_seed5-8853558	8853558	0.19	0.00	0	0.00	0.00	Y	0.19	2026-09-23
sweep-s050m_seed0-8853558	8853558	0.19	0.00	0	0.00	0.00	Y	0.19	2026-09-23
sweep-s050m_seed2-8853557	8853557	0.19	0.00	0	0.00	0.00	Y	0.19	2026-09-23
sweep-s050m_seed0-8853557	8853557	0.19	0.00	0	0.00	0.00	Y	0.19	2026-09-23
sweep-s050m_seed3-8853558	8853558	0.19	0.00	0	0.00	0.00	Y	0.19	2026-09-23
sweep-s050m_seed2-8853558	8853558	0.19	0.00	0	0.00	0.00	Y	0.19	2026-09-23
sweep-s050m_seed5-8853557	8853557	0.19	0.00	0	0.00	0.00	Y	0.19	2026-09-23
sweep-lr5e4_kl10_t007-8842288	8842288	0.19	0.00	0	0.00	0.00	Y	0.19	2026-09-23
sweep-s050m_seed3-8853557	8853557	0.19	0.00	0	0.00	0.00	Y	0.19	2026-09-23
sweep-s050m_seed1-8853558	8853558	0.19	0.00	0	0.00	0.00	Y	0.19	2026-09-23
sweep-s050m_seed4-8853557	8853557	0.19	0.00	0	0.00	0.00	Y	0.19	2026-09-23
sweep-s050m_seed4-8853558	8853558	0.19	0.00	0	0.00	0.00	Y	0.19	2026-09-23
sweep-s050m_seed1-8853557	8853557	0.19	0.00	0	0.00	0.00	Y	0.19	2026-09-23
sweep-lr2e5_kl10_t007-8842288	8842288	0.19	0.00	0	0.00	0.00	Y	0.19	2026-09-23
sweep-lr1e4_kl10_t02-8842288	8842288	0.19	0.00	0	0.00	0.00	Y	0.19	2026-09-23
sweep-lr1e4_kl10_t007-8842288	8842288	0.19	0.00	0	0.00	0.00	Y	0.19	2026-09-23
sweep-lr1e4_kl10_t007-8842232	8842232	0.19	0.00	0	0.00	0.00	Y	0.19	2026-09-23
sweep-lr5e4_kl10_t02-8842288	8842288	0.19	0.00	0	0.00	0.00	Y	0.19	2026-09-23
sweep-lr2e5_kl10_t02-8842288	8842288	0.19	0.00	0	0.00	0.00	Y	0.19	2026-09-23
sweep-lr2e5_kl10_t007-8842232	8842232	0.19	0.00	0	0.00	0.00	Y	0.19	2026-09-23
sweep-lr1e5_es05_ep2_h256-8839957	8839957	0.19	0.00	0	0.00	0.00	Y	0.19	2026-09-19
sweep-p02k02_seed0-8848463	8848463	0.19	0.00	0	0.00	0.00	Y	0.19	2026-09-23
sweep-lr2e5_kl10_t02-8842232	8842232	0.19	0.00	0	0.00	0.00	Y	0.19	2026-09-23
sweep-s050m_seed2-8848471	8848471	0.19	0.00	0	0.00	0.00	Y	0.19	2026-09-23
sweep-s050m_seed3-8848471	8848471	0.19	0.00	0	0.00	0.00	Y	0.19	2026-09-23
sweep-s050m_seed5-8848049	8848049	0.19	0.00	0	0.00	0.00	Y	0.19	2026-09-23
sweep-lr5e4_kl10_t007-8842232	8842232	0.19	0.00	0	0.00	0.00	Y	0.19	2026-09-23
sweep-p02k02_seed1-8848463	8848463	0.19	0.00	0	0.00	0.00	Y	0.19	2026-09-23
sweep-p02k02_seed3-8848463	8848463	0.19	0.00	0	0.00	0.00	Y	0.19	2026-09-23
sweep-s050m_seed1-8848471	8848471	0.19	0.00	0	0.00	0.00	Y	0.19	2026-09-23
sweep-s050m_seed0-8848049	8848049	0.19	0.00	0	0.00	0.00	Y	0.19	2026-09-23
sweep-s050m_seed2-8848049	8848049	0.19	0.00	0	0.00	0.00	Y	0.19	2026-09-23
sweep-s050m_seed1-8848049	8848049	0.19	0.00	0	0.00	0.00	Y	0.19	2026-09-23
sweep-s050m_seed5-8848471	8848471	0.19	0.00	0	0.00	0.00	Y	0.19	2026-09-23
sweep-p02k02_seed2-8848463	8848463	0.19	0.00	0	0.00	0.00	Y	0.19	2026-09-23
sweep-s050m_seed4-8848471	8848471	0.19	0.00	0	0.00	0.00	Y	0.19	2026-09-23
sweep-s050m_seed4-8848049	8848049	0.19	0.00	0	0.00	0.00	Y	0.19	2026-09-23
sweep-lr1e4_kl10_t02-8842232	8842232	0.19	0.00	0	0.00	0.00	Y	0.19	2026-09-23
sweep-s050m_seed3-8848049	8848049	0.19	0.00	0	0.00	0.00	Y	0.19	2026-09-23
sweep-s050m_seed0-8848471	8848471	0.19	0.00	0	0.00	0.00	Y	0.19	2026-09-23
sweep-s050m_seed2-8845057	8845057	0.19	0.00	0	0.00	0.00	Y	0.19	2026-09-23
sweep-lr1e4_kl10_t007-8840715	8840715	0.19	0.00	0	0.00	0.00	Y	0.19	2026-09-23
sweep-lr2e4_es0_ep2_h256-8840232	8840232	0.19	0.00	0	0.00	0.00	Y	0.19	2026-09-19
sweep-s050m_seed4-8845057	8845057	0.19	0.00	0	0.00	0.00	Y	0.19	2026-09-23
sweep-lr5e4_kl10_t02-8842232	8842232	0.19	0.00	0	0.00	0.00	Y	0.19	2026-09-23
sweep-lr1e5_es05_ep2_h256-8839997	8839997	0.19	0.00	0	0.00	0.00	Y	0.19	2026-09-19
sweep-lr5e4_kl10_t007-8840715	8840715	0.19	0.00	0	0.00	0.00	Y	0.19	2026-09-23
sweep-lr2e5_kl10_t007-8840715	8840715	0.19	0.00	0	0.00	0.00	Y	0.19	2026-09-23
sweep-lr2e4_es05_ep2_h256-8840232	8840232	0.19	0.00	0	0.00	0.00	Y	0.19	2026-09-19
sweep-lr1e5_es01_ep2_h256-8840232	8840232	0.19	0.00	0	0.00	0.00	Y	0.19	2026-09-19
sweep-lr5e5_es01_ep2_h256-8840232	8840232	0.19	0.00	0	0.00	0.00	Y	0.19	2026-09-19
sweep-lr2e5_kl10_t02-8840715	8840715	0.19	0.00	0	0.00	0.00	Y	0.19	2026-09-23
sweep-lr5e5_es10_ep2_h256-8840232	8840232	0.19	0.00	0	0.00	0.00	Y	0.19	2026-09-19
sweep-lr1e5_es01_ep4_h256-8840232	8840232	0.19	0.00	0	0.00	0.00	Y	0.19	2026-09-19
sweep-lr1e5_es0_ep4_h256-8840232	8840232	0.19	0.00	0	0.00	0.00	Y	0.19	2026-09-19
sweep-lr5e5_es0_ep4_h256-8840232	8840232	0.19	0.00	0	0.00	0.00	Y	0.19	2026-09-19
sweep-lr2e4_es10_ep4_h256-8840232	8840232	0.19	0.00	0	0.00	0.00	Y	0.19	2026-09-19
sweep-s050m_seed3-8845057	8845057	0.19	0.00	0	0.00	0.00	Y	0.19	2026-09-23
sweep-lr5e5_es05_ep2_h256-8840232	8840232	0.19	0.00	0	0.00	0.00	Y	0.19	2026-09-19
sweep-lr1e5_es05_ep2_h256-8840232	8840232	0.19	0.00	0	0.00	0.00	Y	0.19	2026-09-19
sweep-lr1e5_es10_ep2_h256-8840232	8840232	0.19	0.00	0	0.00	0.00	Y	0.19	2026-09-19
sweep-lr5e5_es10_ep4_h256-8840232	8840232	0.19	0.00	0	0.00	0.00	Y	0.19	2026-09-19
sweep-s050m_seed1-8845057	8845057	0.19	0.00	0	0.00	0.00	Y	0.19	2026-09-23
sweep-lr2e4_es01_ep2_h256-8840232	8840232	0.19	0.00	0	0.00	0.00	Y	0.19	2026-09-19
sweep-lr1e5_es10_ep4_h256-8840232	8840232	0.19	0.00	0	0.00	0.00	Y	0.19	2026-09-19
sweep-lr1e5_es05_ep4_h256-8840232	8840232	0.19	0.00	0	0.00	0.00	Y	0.19	2026-09-19
sweep-lr2e4_es05_ep4_h256-8840232	8840232	0.19	0.00	0	0.00	0.00	Y	0.19	2026-09-19
sweep-lr5e4_kl10_t02-8840715	8840715	0.19	0.00	0	0.00	0.00	Y	0.19	2026-09-23
sweep-lr5e5_es01_ep4_h256-8840232	8840232	0.19	0.00	0	0.00	0.00	Y	0.19	2026-09-19
sweep-lr2e4_es0_ep4_h256-8840232	8840232	0.19	0.00	0	0.00	0.00	Y	0.19	2026-09-19
sweep-s050m_seed0-8845057	8845057	0.19	0.00	0	0.00	0.00	Y	0.19	2026-09-23
sweep-s050m_seed5-8845057	8845057	0.19	0.00	0	0.00	0.00	Y	0.19	2026-09-23
sweep-lr2e4_es10_ep2_h256-8840232	8840232	0.19	0.00	0	0.00	0.00	Y	0.19	2026-09-19
sweep-lr5e5_es0_ep2_h256-8840232	8840232	0.19	0.00	0	0.00	0.00	Y	0.19	2026-09-19
sweep-lr2e4_es01_ep4_h256-8840232	8840232	0.19	0.00	0	0.00	0.00	Y	0.19	2026-09-19
sweep-lr1e4_kl10_t02-8840715	8840715	0.19	0.00	0	0.00	0.00	Y	0.19	2026-09-23
sweep-lr5e5_es05_ep4_h256-8840232	8840232	0.19	0.00	0	0.00	0.00	Y	0.19	2026-09-19
sweep-lr1e5_es0_ep2_h256-8840232	8840232	0.19	0.00	0	0.00	0.00	Y	0.19	2026-09-19
sweep-lr1e4_kl0_t007-8842288	8842288	0.19	0.00	0	0.00	0.00	Y	0.19	2026-09-23
sweep-lr2e5_kl0_t02-8842288	8842288	0.19	0.00	0	0.00	0.00	Y	0.19	2026-09-23
sweep-lr1e4_kl0_t02-8842288	8842288	0.19	0.00	0	0.00	0.00	Y	0.19	2026-09-23
sweep-lr2e5_kl0_t007-8842288	8842288	0.19	0.00	0	0.00	0.00	Y	0.19	2026-09-23
sweep-lr5e4_kl0_t007-8842288	8842288	0.19	0.00	0	0.00	0.00	Y	0.19	2026-09-23
sweep-lr2e5_kl0_t007-8842232	8842232	0.19	0.00	0	0.00	0.00	Y	0.19	2026-09-23
sweep-lr5e4_kl0_t007-8842232	8842232	0.19	0.00	0	0.00	0.00	Y	0.19	2026-09-23
sweep-lr1e4_kl0_t007-8842232	8842232	0.19	0.00	0	0.00	0.00	Y	0.19	2026-09-23
sweep-step133233-8843838	8843838	0.19	0.00	0	0.00	0.00	Y	0.19	2026-09-23
sweep-lr5e4_kl0_t02-8842288	8842288	0.19	0.00	0	0.00	0.00	Y	0.19	2026-09-23
sweep-rand_ep3-8843262	8843262	0.19	0.00	0	0.00	0.00	Y	0.19	2026-09-23
sweep-step50000-8843838	8843838	0.19	0.00	0	0.00	0.00	Y	0.19	2026-09-23
sweep-lr2e5_kl0_t007-8840715	8840715	0.19	0.00	0	0.00	0.00	Y	0.19	2026-09-23
sweep-step10000-8843838	8843838	0.19	0.00	0	0.00	0.00	Y	0.19	2026-09-23
sweep-lr5e4_kl0_t02-8842232	8842232	0.19	0.00	0	0.00	0.00	Y	0.19	2026-09-23
sweep-lr1e4_kl0_t007-8840715	8840715	0.19	0.00	0	0.00	0.00	Y	0.19	2026-09-23
sweep-lr1e4_kl0_t02-8842232	8842232	0.19	0.00	0	0.00	0.00	Y	0.19	2026-09-23
sweep-lr2e5_kl0_t02-8842232	8842232	0.19	0.00	0	0.00	0.00	Y	0.19	2026-09-23
sweep-lr5e4_kl0_t007-8840715	8840715	0.19	0.00	0	0.00	0.00	Y	0.19	2026-09-23
sweep-seed2-8844153	8844153	0.19	0.00	0	0.00	0.00	Y	0.19	2026-09-23
sweep-lr2e5_kl0_t02-8840715	8840715	0.19	0.00	0	0.00	0.00	Y	0.19	2026-09-23
sweep-seed1-8844153	8844153	0.19	0.00	0	0.00	0.00	Y	0.19	2026-09-23
sweep-lr1e4_kl0_t02-8840715	8840715	0.19	0.00	0	0.00	0.00	Y	0.19	2026-09-23
sweep-seed3-8844153	8844153	0.19	0.00	0	0.00	0.00	Y	0.19	2026-09-23
sweep-seed0-8844153	8844153	0.19	0.00	0	0.00	0.00	Y	0.19	2026-09-23
sweep-lr5e4_kl0_t02-8840715	8840715	0.19	0.00	0	0.00	0.00	Y	0.19	2026-09-23
sweep-s050m_t0002_pk064_ep12_seed2-8857593	8857593	0.19	0.00	0	0.00	0.00	Y	0.19	2026-09-23
sweep-seed5-8844153	8844153	0.19	0.00	0	0.00	0.00	Y	0.19	2026-09-23
sweep-seed4-8844153	8844153	0.19	0.00	0	0.00	0.00	Y	0.19	2026-09-23
sweep-run2-8844111	8844111	0.19	0.00	0	0.00	0.00	Y	0.19	2026-09-23
sweep-run4-8844111	8844111	0.19	0.00	0	0.00	0.00	Y	0.19	2026-09-23
sweep-s050m_t0002_pk064_ep12_seed1-8857593	8857593	0.19	0.00	0	0.00	0.00	Y	0.19	2026-09-23
sweep-run1-8844111	8844111	0.19	0.00	0	0.00	0.00	Y	0.19	2026-09-23
sweep-run5-8844111	8844111	0.19	0.00	0	0.00	0.00	Y	0.19	2026-09-23
sweep-run3-8844111	8844111	0.19	0.00	0	0.00	0.00	Y	0.19	2026-09-23
sweep-run0-8844111	8844111	0.19	0.00	0	0.00	0.00	Y	0.19	2026-09-23
sweep-ep3-8840792	8840792	0.19	0.00	0	0.00	0.00	Y	0.19	2026-09-23
sweep-s050m_t0003_pk064_ep12_seed2-8857593	8857593	0.19	0.00	0	0.00	0.00	Y	0.19	2026-09-23
sweep-s050m_t0002_pk256_ep24_seed1-8857593	8857593	0.19	0.00	0	0.00	0.00	Y	0.19	2026-09-23
sweep-s050m_t0003_pk256_ep24_seed1-8857593	8857593	0.19	0.00	0	0.00	0.00	Y	0.19	2026-09-23
sweep-s050m_t0002_pk064_ep12_seed0-8857593	8857593	0.19	0.00	0	0.00	0.00	Y	0.19	2026-09-23
sweep-s050m_t0003_pk064_ep12_seed1-8857593	8857593	0.19	0.00	0	0.00	0.00	Y	0.19	2026-09-23
sweep-s050m_t0001_pk064_ep12_seed0-8857593	8857593	0.19	0.00	0	0.00	0.00	Y	0.19	2026-09-23
sweep-s050m_t0003_pk064_ep12_seed0-8857593	8857593	0.19	0.00	0	0.00	0.00	Y	0.19	2026-09-23
sweep-s050m_t0001_pk064_ep12_seed1-8857593	8857593	0.19	0.00	0	0.00	0.00	Y	0.19	2026-09-23
sweep-s050m_t0001_pk064_ep12_seed2-8857593	8857593	0.19	0.00	0	0.00	0.00	Y	0.19	2026-09-23
sweep-s050m_t0001_pk256_ep24_seed0-8857593	8857593	0.19	0.00	0	0.00	0.00	Y	0.19	2026-09-23
sweep-s050m_t0002_pk256_ep24_seed0-8857593	8857593	0.19	0.00	0	0.00	0.00	Y	0.19	2026-09-23
sweep-s050m_t0001_pk256_ep24_seed2-8857593	8857593	0.19	0.00	0	0.00	0.00	Y	0.19	2026-09-23
sweep-s050m_t0002_pk256_ep24_seed2-8857593	8857593	0.19	0.00	0	0.00	0.00	Y	0.19	2026-09-23
sweep-s050m_t0003_pk256_ep24_seed2-8857593	8857593	0.19	0.00	0	0.00	0.00	Y	0.19	2026-09-23
sweep-s050m_t0001_pk256_ep24_seed1-8857593	8857593	0.19	0.00	0	0.00	0.00	Y	0.19	2026-09-23
sweep-s050m_t0003_pk256_ep24_seed0-8857593	8857593	0.19	0.00	0	0.00	0.00	Y	0.19	2026-09-23
sweep-s050m_ck120k_seed0-8860093	8860093	0.19	0.00	0	0.00	0.00	Y	0.19	2026-09-23
sweep-s050m_ck010k_seed0-8860093	8860093	0.19	0.00	0	0.00	0.00	Y	0.19	2026-09-23
sweep-s050m_ck540k_seed2-8860093	8860093	0.19	0.00	0	0.00	0.00	Y	0.19	2026-09-23
sweep-s050m_ck120k_seed2-8860093	8860093	0.19	0.00	0	0.00	0.00	Y	0.19	2026-09-23
sweep-s050m_ck330k_seed1-8860093	8860093	0.19	0.00	0	0.00	0.00	Y	0.19	2026-09-23
sweep-s050m_ck010k_seed2-8860093	8860093	0.19	0.00	0	0.00	0.00	Y	0.19	2026-09-23
sweep-s050m_ck430k_seed1-8860093	8860093	0.19	0.00	0	0.00	0.00	Y	0.19	2026-09-23
sweep-s050m_ck540k_seed1-8860093	8860093	0.19	0.00	0	0.00	0.00	Y	0.19	2026-09-23
sweep-s050m_ck430k_seed0-8860093	8860093	0.19	0.00	0	0.00	0.00	Y	0.19	2026-09-23
sweep-s050m_ck120k_seed1-8860093	8860093	0.19	0.00	0	0.00	0.00	Y	0.19	2026-09-23
sweep-s050m_ck220k_seed2-8860092	8860092	0.19	0.00	0	0.00	0.00	Y	0.19	2026-09-23
sweep-s050m_ck540k_seed0-8860093	8860093	0.19	0.00	0	0.00	0.00	Y	0.19	2026-09-23
sweep-s050m_ck330k_seed0-8860093	8860093	0.19	0.00	0	0.00	0.00	Y	0.19	2026-09-23
sweep-s050m_ck330k_seed2-8860093	8860093	0.19	0.00	0	0.00	0.00	Y	0.19	2026-09-23
sweep-s050m_ck220k_seed1-8860092	8860092	0.19	0.00	0	0.00	0.00	Y	0.19	2026-09-23
sweep-s050m_ck430k_seed2-8860093	8860093	0.19	0.00	0	0.00	0.00	Y	0.19	2026-09-23
sweep-s050m_ck010k_seed1-8860093	8860093	0.19	0.00	0	0.00	0.00	Y	0.19	2026-09-23
sweep-s050m_ck220k_seed0-8860092	8860092	0.19	0.00	0	0.00	0.00	Y	0.19	2026-09-23
sweep-s050m_t0001_pk512_ep24_seed2-8857593	8857593	0.19	0.00	0	0.00	0.00	Y	0.19	2026-09-23
sweep-s050m_t0002_pk512_ep24_seed2-8857593	8857593	0.19	0.00	0	0.00	0.00	Y	0.19	2026-09-23
sweep-lr2e4_es01_ep4_h128-8839957	8839957	0.19	0.00	0	0.00	0.00	Y	0.19	2026-09-19
sweep-lr5e5_es0_ep2_h128-8839957	8839957	0.19	0.00	0	0.00	0.00	Y	0.19	2026-09-19
sweep-lr2e4_es10_ep2_h128-8840232	8840232	0.19	0.00	0	0.00	0.00	Y	0.19	2026-09-19
sweep-lr5e5_es05_ep2_h128-8840232	8840232	0.19	0.00	0	0.00	0.00	Y	0.19	2026-09-19
sweep-lr5e5_es01_ep4_h128-8840232	8840232	0.19	0.00	0	0.00	0.00	Y	0.19	2026-09-19
sweep-lr5e5_es01_ep2_h128-8840232	8840232	0.19	0.00	0	0.00	0.00	Y	0.19	2026-09-19
sweep-lr5e5_es0_ep2_h128-8839997	8839997	0.19	0.00	0	0.00	0.00	Y	0.19	2026-09-19
sweep-lr2e4_es01_ep4_h128-8839997	8839997	0.19	0.00	0	0.00	0.00	Y	0.19	2026-09-19
sweep-lr1e5_es10_ep2_h128-8840232	8840232	0.19	0.00	0	0.00	0.00	Y	0.19	2026-09-19
sweep-lr2e4_es05_ep2_h128-8840232	8840232	0.19	0.00	0	0.00	0.00	Y	0.19	2026-09-19
sweep-lr1e5_es01_ep4_h128-8840232	8840232	0.19	0.00	0	0.00	0.00	Y	0.19	2026-09-19
sweep-lr1e5_es01_ep2_h128-8840232	8840232	0.19	0.00	0	0.00	0.00	Y	0.19	2026-09-19
sweep-lr5e5_es0_ep2_h128-8840232	8840232	0.19	0.00	0	0.00	0.00	Y	0.19	2026-09-19
sweep-lr5e5_es0_ep4_h128-8840232	8840232	0.19	0.00	0	0.00	0.00	Y	0.19	2026-09-19
sweep-lr1e5_es0_ep4_h128-8840232	8840232	0.19	0.00	0	0.00	0.00	Y	0.19	2026-09-19
sweep-lr1e5_es05_ep4_h128-8840232	8840232	0.19	0.00	0	0.00	0.00	Y	0.19	2026-09-19
sweep-gc_ep10-8841066	8841066	0.19	0.00	0	0.00	0.00	Y	0.19	2026-09-23
sweep-lr1e5_es05_ep2_h128-8840232	8840232	0.19	0.00	0	0.00	0.00	Y	0.19	2026-09-19
sweep-lr2e4_es10_ep4_h128-8840232	8840232	0.19	0.00	0	0.00	0.00	Y	0.19	2026-09-19
sweep-lr5e5_es10_ep2_h128-8840232	8840232	0.19	0.00	0	0.00	0.00	Y	0.19	2026-09-19
sweep-lr2e4_es01_ep4_h128-8840232	8840232	0.19	0.00	0	0.00	0.00	Y	0.19	2026-09-19
sweep-lr2e4_es01_ep2_h128-8840232	8840232	0.19	0.00	0	0.00	0.00	Y	0.19	2026-09-19
sweep-lr2e4_es05_ep4_h128-8840232	8840232	0.19	0.00	0	0.00	0.00	Y	0.19	2026-09-19
sweep-lr2e4_es0_ep4_h128-8840232	8840232	0.19	0.00	0	0.00	0.00	Y	0.19	2026-09-19
sweep-lr1e5_es10_ep4_h128-8840232	8840232	0.19	0.00	0	0.00	0.00	Y	0.19	2026-09-19
sweep-lr1e5_es0_ep2_h128-8840232	8840232	0.19	0.00	0	0.00	0.00	Y	0.19	2026-09-19
sweep-lr5e5_es10_ep4_h128-8840232	8840232	0.19	0.00	0	0.00	0.00	Y	0.19	2026-09-19
sweep-lr2e4_es0_ep2_h128-8840232	8840232	0.19	0.00	0	0.00	0.00	Y	0.19	2026-09-19
sweep-lr5e5_es05_ep4_h128-8840232	8840232	0.19	0.00	0	0.00	0.00	Y	0.19	2026-09-19
sweep-s050m_t0001_pk512_ep24_seed0-8857593	8857593	0.19	0.00	0	0.00	0.00	Y	0.19	2026-09-23
sweep-s050m_t0002_pk512_ep24_seed0-8857593	8857593	0.19	0.00	0	0.00	0.00	Y	0.19	2026-09-23
sweep-s050m_t0003_pk512_ep24_seed1-8857593	8857593	0.19	0.00	0	0.00	0.00	Y	0.19	2026-09-23
sweep-s050m_t0002_pk512_ep24_seed1-8857593	8857593	0.19	0.00	0	0.00	0.00	Y	0.19	2026-09-23
sweep-s050m_t0003_pk512_ep24_seed0-8857593	8857593	0.19	0.00	0	0.00	0.00	Y	0.19	2026-09-23
sweep-s050m_t0001_pk512_ep24_seed1-8857593	8857593	0.19	0.00	0	0.00	0.00	Y	0.19	2026-09-23
sweep-s050m_t001_pk512_ep24_seed1-8857336	8857336	0.19	0.00	0	0.00	0.00	Y	0.19	2026-09-23
sweep-s050m_t001_pk512_ep24_seed2-8857336	8857336	0.19	0.00	0	0.00	0.00	Y	0.19	2026-09-23
sweep-s050m_t0003_pk512_ep24_seed2-8857593	8857593	0.19	0.00	0	0.00	0.00	Y	0.19	2026-09-23
sweep-s050m_t0001_pk256_ep12_seed1-8857593	8857593	0.19	0.00	0	0.00	0.00	Y	0.19	2026-09-23
sweep-s050m_t001_pk512_ep24_seed0-8857336	8857336	0.19	0.00	0	0.00	0.00	Y	0.19	2026-09-23
sweep-s050m_t0002_pk256_ep12_seed0-8857593	8857593	0.19	0.00	0	0.00	0.00	Y	0.19	2026-09-23
sweep-s050m_t0003_pk256_ep12_seed2-8857593	8857593	0.19	0.00	0	0.00	0.00	Y	0.19	2026-09-23
sweep-s050m_t0003_pk256_ep12_seed1-8857593	8857593	0.19	0.00	0	0.00	0.00	Y	0.19	2026-09-23
sweep-s050m_ck330k_seed0-8859938	8859938	0.19	0.00	0	0.00	0.00	Y	0.19	2026-09-23
sweep-s050m_ck540k_seed0-8859938	8859938	0.19	0.00	0	0.00	0.00	Y	0.19	2026-09-23
sweep-s050m_ck120k_seed0-8859938	8859938	0.19	0.00	0	0.00	0.00	Y	0.19	2026-09-23
sweep-s050m_ck430k_seed0-8859938	8859938	0.19	0.00	0	0.00	0.00	Y	0.19	2026-09-23
sweep-s050m_ck010k_seed0-8859938	8859938	0.19	0.00	0	0.00	0.00	Y	0.19	2026-09-23
sweep-s050m_ck220k_seed0-8859938	8859938	0.19	0.00	0	0.00	0.00	Y	0.19	2026-09-23
sweep-s050m_t0001_pk256_ep12_seed0-8857593	8857593	0.19	0.00	0	0.00	0.00	Y	0.19	2026-09-23
sweep-s050m_t001_pk16_seed2-8856460	8856460	0.19	0.00	0	0.00	0.00	Y	0.19	2026-09-23
sweep-s050m_t0001_pk256_ep12_seed2-8857593	8857593	0.19	0.00	0	0.00	0.00	Y	0.19	2026-09-23
sweep-s050m_t001_pk16_seed0-8856460	8856460	0.19	0.00	0	0.00	0.00	Y	0.19	2026-09-23
sweep-s050m_t001_pk16_seed1-8856460	8856460	0.19	0.00	0	0.00	0.00	Y	0.19	2026-09-23
sweep-s050m_t0003_pk256_ep12_seed0-8857593	8857593	0.19	0.00	0	0.00	0.00	Y	0.19	2026-09-23
sweep-s050m_t0002_pk256_ep12_seed1-8857593	8857593	0.19	0.00	0	0.00	0.00	Y	0.19	2026-09-23
sweep-s050m_t001_pk256_ep12_seed2-8857336	8857336	0.19	0.00	0	0.00	0.00	Y	0.19	2026-09-23
sweep-s050m_t0002_pk256_ep12_seed2-8857593	8857593	0.19	0.00	0	0.00	0.00	Y	0.19	2026-09-23
sweep-s050m_t002_pk16_seed0-8856460	8856460	0.19	0.00	0	0.00	0.00	Y	0.19	2026-09-23
sweep-s050m_t003_pk16_seed1-8856460	8856460	0.19	0.00	0	0.00	0.00	Y	0.19	2026-09-23
sweep-s050m_t002_pk16_seed1-8856460	8856460	0.19	0.00	0	0.00	0.00	Y	0.19	2026-09-23
sweep-s050m_t001_pk256_ep12_seed1-8857336	8857336	0.19	0.00	0	0.00	0.00	Y	0.19	2026-09-23
sweep-s050m_t003_pk16_seed0-8856460	8856460	0.19	0.00	0	0.00	0.00	Y	0.19	2026-09-23
sweep-s050m_t003_pk16_seed2-8856460	8856460	0.19	0.00	0	0.00	0.00	Y	0.19	2026-09-23
sweep-s050m_t002_pk16_seed2-8856460	8856460	0.19	0.00	0	0.00	0.00	Y	0.19	2026-09-23
sweep-s050m_t0001_pk512_ep12_seed0-8857593	8857593	0.19	0.00	0	0.00	0.00	Y	0.19	2026-09-23
sweep-s050m_t001_pk256_ep12_seed0-8857336	8857336	0.19	0.00	0	0.00	0.00	Y	0.19	2026-09-23
sweep-s050m_t0001_pk512_ep12_seed1-8857593	8857593	0.19	0.00	0	0.00	0.00	Y	0.19	2026-09-23
sweep-s050m_t0002_pk512_ep12_seed0-8857593	8857593	0.19	0.00	0	0.00	0.00	Y	0.19	2026-09-23
sweep-s050m_t0002_pk512_ep12_seed1-8857593	8857593	0.19	0.00	0	0.00	0.00	Y	0.19	2026-09-23
sweep-s050m_t0002_pk512_ep12_seed2-8857593	8857593	0.19	0.00	0	0.00	0.00	Y	0.19	2026-09-23
sweep-s050m_t0003_pk512_ep12_seed1-8857593	8857593	0.19	0.00	0	0.00	0.00	Y	0.19	2026-09-23
sweep-p08k02_seed3-8848463	8848463	0.19	0.00	0	0.00	0.00	Y	0.19	2026-09-23
sweep-p08k02_seed1-8848463	8848463	0.19	0.00	0	0.00	0.00	Y	0.19	2026-09-23
sweep-p08k02_seed2-8848463	8848463	0.19	0.00	0	0.00	0.00	Y	0.19	2026-09-23
sweep-p08k02_seed0-8848463	8848463	0.19	0.00	0	0.00	0.00	Y	0.19	2026-09-23
sweep-s050m_t0003_pk512_ep12_seed2-8857593	8857593	0.19	0.00	0	0.00	0.00	Y	0.19	2026-09-23
sweep-s050m_t0003_pk512_ep12_seed0-8857593	8857593	0.19	0.00	0	0.00	0.00	Y	0.19	2026-09-23
sweep-s050m_t0001_pk512_ep12_seed2-8857593	8857593	0.19	0.00	0	0.00	0.00	Y	0.19	2026-09-23
sweep-s050m_ck220k_ep01_seed0-8859995	8859995	0.19	0.00	0	0.00	0.00	Y	0.19	2026-09-23
sweep-s050m_t001_pk064_seed0-8856643	8856643	0.19	0.00	0	0.00	0.00	Y	0.19	2026-09-23
sweep-s050m_t001_pk64_seed2-8856460	8856460	0.19	0.00	0	0.00	0.00	Y	0.19	2026-09-23
sweep-s050m_t003_pk64_seed0-8856460	8856460	0.19	0.00	0	0.00	0.00	Y	0.19	2026-09-23
sweep-s050m_t001_pk64_seed0-8856460	8856460	0.19	0.00	0	0.00	0.00	Y	0.19	2026-09-23
sweep-s050m_t002_pk64_seed0-8856460	8856460	0.19	0.00	0	0.00	0.00	Y	0.19	2026-09-23
sweep-s050m_t001_pk64_seed1-8856460	8856460	0.19	0.00	0	0.00	0.00	Y	0.19	2026-09-23
sweep-s050m_t003_pk64_seed1-8856460	8856460	0.19	0.00	0	0.00	0.00	Y	0.19	2026-09-23
sweep-s050m_t0005_pk064_seed1-8856643	8856643	0.19	0.00	0	0.00	0.00	Y	0.19	2026-09-23
sweep-s050m_t003_pk64_seed2-8856460	8856460	0.19	0.00	0	0.00	0.00	Y	0.19	2026-09-23
sweep-s050m_t0005_pk064_seed2-8856643	8856643	0.19	0.00	0	0.00	0.00	Y	0.19	2026-09-23
sweep-s050m_t0003_pk064_ep03_seed2-8857594	8857594	0.19	0.00	0	0.00	0.00	Y	0.19	2026-09-23
sweep-s050m_t0003_pk064_ep03_seed1-8857594	8857594	0.19	0.00	0	0.00	0.00	Y	0.19	2026-09-23
sweep-s050m_t0001_pk064_ep03_seed2-8857594	8857594	0.19	0.00	0	0.00	0.00	Y	0.19	2026-09-23
sweep-s050m_t0001_pk064_ep03_seed1-8857594	8857594	0.19	0.00	0	0.00	0.00	Y	0.19	2026-09-23
sweep-s050m_t0002_pk064_ep03_seed1-8857594	8857594	0.19	0.00	0	0.00	0.00	Y	0.19	2026-09-23
sweep-s050m_t002_pk64_seed2-8856460	8856460	0.19	0.00	0	0.00	0.00	Y	0.19	2026-09-23
sweep-s050m_t0002_pk064_ep03_seed0-8857594	8857594	0.19	0.00	0	0.00	0.00	Y	0.19	2026-09-23
sweep-s050m_t0002_pk064_ep03_seed2-8857594	8857594	0.19	0.00	0	0.00	0.00	Y	0.19	2026-09-23
sweep-s050m_t0003_pk064_ep03_seed0-8857594	8857594	0.19	0.00	0	0.00	0.00	Y	0.19	2026-09-23
sweep-s050m_t0001_pk064_ep03_seed0-8857594	8857594	0.19	0.00	0	0.00	0.00	Y	0.19	2026-09-23
sweep-s050m_t001_pk064_seed1-8856643	8856643	0.19	0.00	0	0.00	0.00	Y	0.19	2026-09-23
sweep-s050m_t0003_pk064_seed2-8856643	8856643	0.19	0.00	0	0.00	0.00	Y	0.19	2026-09-23
sweep-s050m_t002_pk64_seed1-8856460	8856460	0.19	0.00	0	0.00	0.00	Y	0.19	2026-09-23
sweep-s050m_t0003_pk064_seed0-8856643	8856643	0.19	0.00	0	0.00	0.00	Y	0.19	2026-09-23
sweep-s050m_t001_pk064_seed2-8856643	8856643	0.19	0.00	0	0.00	0.00	Y	0.19	2026-09-23
sweep-s050m_t0005_pk064_seed0-8856643	8856643	0.19	0.00	0	0.00	0.00	Y	0.19	2026-09-23
sweep-s050m_t0003_pk064_seed1-8856643	8856643	0.19	0.00	0	0.00	0.00	Y	0.19	2026-09-23
sweep-p16k04_seed0-8848463	8848463	0.19	0.00	0	0.00	0.00	Y	0.19	2026-09-23
sweep-p16k04_seed2-8848463	8848463	0.19	0.00	0	0.00	0.00	Y	0.19	2026-09-23
sweep-gc_ep3-8841066	8841066	0.19	0.00	0	0.00	0.00	Y	0.19	2026-09-23
sweep-p16k04_seed1-8848463	8848463	0.19	0.00	0	0.00	0.00	Y	0.19	2026-09-23
sweep-p16k04_seed3-8848463	8848463	0.19	0.00	0	0.00	0.00	Y	0.19	2026-09-23
sweep-s050m_t001_pk128_seed0-8856643	8856643	0.19	0.00	0	0.00	0.00	Y	0.19	2026-09-23
sweep-s050m_t0005_pk128_seed0-8856643	8856643	0.19	0.00	0	0.00	0.00	Y	0.19	2026-09-23
sweep-s050m_t0005_pk128_seed2-8856643	8856643	0.19	0.00	0	0.00	0.00	Y	0.19	2026-09-23
sweep-s050m_t0005_pk128_seed1-8856643	8856643	0.19	0.00	0	0.00	0.00	Y	0.19	2026-09-23
sweep-s050m_t0003_pk128_seed2-8856643	8856643	0.19	0.00	0	0.00	0.00	Y	0.19	2026-09-23
sweep-s050m_t001_pk128_seed1-8856643	8856643	0.19	0.00	0	0.00	0.00	Y	0.19	2026-09-23
sweep-s050m_t0003_pk128_seed0-8856643	8856643	0.19	0.00	0	0.00	0.00	Y	0.19	2026-09-23
sweep-s050m_t001_pk128_seed2-8856643	8856643	0.19	0.00	0	0.00	0.00	Y	0.19	2026-09-23
sweep-s050m_t0003_pk128_seed1-8856643	8856643	0.19	0.00	0	0.00	0.00	Y	0.19	2026-09-23
sweep-s050m_t0005_pk256_seed2-8856643	8856643	0.19	0.00	0	0.00	0.00	Y	0.19	2026-09-23
sweep-s050m_t0002_pk256_ep03_seed1-8857594	8857594	0.19	0.00	0	0.00	0.00	Y	0.19	2026-09-23
sweep-s050m_t0003_pk256_ep03_seed1-8857594	8857594	0.19	0.00	0	0.00	0.00	Y	0.19	2026-09-23
sweep-s050m_t0005_pk256_seed1-8856643	8856643	0.19	0.00	0	0.00	0.00	Y	0.19	2026-09-23
sweep-s050m_t0001_pk256_ep03_seed2-8857594	8857594	0.19	0.00	0	0.00	0.00	Y	0.19	2026-09-23
sweep-s050m_t0005_pk256_seed0-8856643	8856643	0.19	0.00	0	0.00	0.00	Y	0.19	2026-09-23
sweep-s050m_t0002_pk256_ep03_seed0-8857594	8857594	0.19	0.00	0	0.00	0.00	Y	0.19	2026-09-23
sweep-s050m_t0005_pk512_seed1-8856643	8856643	0.19	0.00	0	0.00	0.00	Y	0.19	2026-09-23
sweep-s050m_t001_pk256_seed2-8856643	8856643	0.19	0.00	0	0.00	0.00	Y	0.19	2026-09-23
sweep-s050m_t0001_pk256_ep03_seed1-8857594	8857594	0.19	0.00	0	0.00	0.00	Y	0.19	2026-09-23
sweep-s050m_t0003_pk256_ep03_seed0-8857594	8857594	0.19	0.00	0	0.00	0.00	Y	0.19	2026-09-23
sweep-s050m_t0002_pk256_ep03_seed2-8857594	8857594	0.19	0.00	0	0.00	0.00	Y	0.19	2026-09-23
sweep-s050m_t0001_pk256_ep03_seed0-8857594	8857594	0.19	0.00	0	0.00	0.00	Y	0.19	2026-09-23
sweep-s050m_t0002_pk512_ep03_seed2-8857594	8857594	0.19	0.00	0	0.00	0.00	Y	0.19	2026-09-23
sweep-s050m_t001_pk256_seed0-8856643	8856643	0.19	0.00	0	0.00	0.00	Y	0.19	2026-09-23
sweep-s050m_t001_pk256_seed1-8856643	8856643	0.19	0.00	0	0.00	0.00	Y	0.19	2026-09-23
sweep-s050m_t0003_pk256_ep03_seed2-8857594	8857594	0.19	0.00	0	0.00	0.00	Y	0.19	2026-09-23
sweep-s050m_t0003_pk512_ep03_seed1-8857594	8857594	0.19	0.00	0	0.00	0.00	Y	0.19	2026-09-23
sweep-s050m_t0003_pk512_ep03_seed2-8857594	8857594	0.19	0.00	0	0.00	0.00	Y	0.19	2026-09-23
sweep-s050m_t0005_pk512_seed0-8856643	8856643	0.19	0.00	0	0.00	0.00	Y	0.19	2026-09-23
sweep-s050m_t0002_pk512_ep03_seed0-8857594	8857594	0.19	0.00	0	0.00	0.00	Y	0.19	2026-09-23
sweep-s050m_t0003_pk256_seed2-8856643	8856643	0.19	0.00	0	0.00	0.00	Y	0.19	2026-09-23
sweep-s050m_t0001_pk512_ep03_seed2-8857594	8857594	0.19	0.00	0	0.00	0.00	Y	0.19	2026-09-23
sweep-s050m_t0005_pk512_seed2-8856643	8856643	0.19	0.00	0	0.00	0.00	Y	0.19	2026-09-23
sweep-s050m_t0001_pk512_ep03_seed0-8857594	8857594	0.19	0.00	0	0.00	0.00	Y	0.19	2026-09-23
sweep-s050m_t0003_pk256_seed0-8856643	8856643	0.19	0.00	0	0.00	0.00	Y	0.19	2026-09-23
sweep-s050m_t001_pk512_seed2-8856643	8856643	0.19	0.00	0	0.00	0.00	Y	0.19	2026-09-23
sweep-s050m_t001_pk512_seed0-8856643	8856643	0.19	0.00	0	0.00	0.00	Y	0.19	2026-09-23
sweep-s050m_t0001_pk512_ep03_seed1-8857594	8857594	0.19	0.00	0	0.00	0.00	Y	0.19	2026-09-23
sweep-s050m_t0002_pk512_ep03_seed1-8857594	8857594	0.19	0.00	0	0.00	0.00	Y	0.19	2026-09-23
sweep-s050m_t0003_pk256_seed1-8856643	8856643	0.19	0.00	0	0.00	0.00	Y	0.19	2026-09-23
sweep-s050m_t0003_pk512_seed2-8856643	8856643	0.19	0.00	0	0.00	0.00	Y	0.19	2026-09-23
sweep-s050m_t0003_pk512_ep03_seed0-8857594	8857594	0.19	0.00	0	0.00	0.00	Y	0.19	2026-09-23
sweep-s050m_t0003_pk512_seed0-8856643	8856643	0.19	0.00	0	0.00	0.00	Y	0.19	2026-09-23
sweep-s050m_t001_pk512_seed1-8856643	8856643	0.19	0.00	0	0.00	0.00	Y	0.19	2026-09-23
sweep-s050m_t0003_pk512_seed1-8856643	8856643	0.19	0.00	0	0.00	0.00	Y	0.19	2026-09-23
sweep-els10-8842087	8842087	0.19	0.00	0	0.00	0.00	Y	0.19	2026-09-23
sweep-els03-8842087	8842087	0.19	0.00	0	0.00	0.00	Y	0.19	2026-09-23
sweep-frozen-8842087	8842087	0.19	0.00	0	0.00	0.00	Y	0.19	2026-09-23
sweep-s050m_ck430k_seed0-8859890	8859890	0.19	0.00	0	0.00	0.00	Y	0.19	2026-09-23
sweep-s050m_ck010k_seed0-8859890	8859890	0.19	0.00	0	0.00	0.00	Y	0.19	2026-09-23
sweep-s050m_ck120k_seed0-8859890	8859890	0.19	0.00	0	0.00	0.00	Y	0.19	2026-09-23
sweep-s050m_ck220k_seed0-8859890	8859890	0.19	0.00	0	0.00	0.00	Y	0.19	2026-09-23
sweep-s050m_ck330k_seed0-8859890	8859890	0.19	0.00	0	0.00	0.00	Y	0.19	2026-09-23
sweep-s050m_ck540k_seed0-8859890	8859890	0.19	0.00	0	0.00	0.00	Y	0.19	2026-09-23
validate-sweep-gradcache-v2-8848050.aurora-pbs-0001.hostmgmt.cm.aurora.alcf.anl.gov	-	0.19	0.00	0	0.00	0.00	Y	0.19	2026-09-22
validate-sweep-gradcache-v2-8848097.aurora-pbs-0001.hostmgmt.cm.aurora.alcf.anl.gov	-	0.19	0.00	0	0.00	0.00	Y	0.19	2026-09-22
pf-smoke	-	0.18	0.00	0	0.00	0.00	Y	0.18	2026-09-10
sweep-50m_seed5-8847610	8847610	0.12	0.00	0	0.00	0.00	Y	0.09	2026-09-22
sweep-50m_seed4-8847610	8847610	0.12	0.00	0	0.00	0.00	Y	0.09	2026-09-22
sweep-50m_seed3-8847610	8847610	0.12	0.00	0	0.00	0.00	Y	0.09	2026-09-22
sweep-50m_seed1-8847610	8847610	0.12	0.00	0	0.00	0.00	Y	0.09	2026-09-22
sweep-50m_seed6-8847610	8847610	0.12	0.00	0	0.00	0.00	Y	0.09	2026-09-22
sweep-50m_seed2-8847610	8847610	0.12	0.00	0	0.00	0.00	Y	0.09	2026-09-22
sweep-lr5e5_ep8_b12-8841984	8841984	0.12	0.00	0	0.00	0.00	Y	0.09	2026-09-22
sweep-lr2e4_ep8_b12-8841984	8841984	0.12	0.00	0	0.00	0.00	Y	0.09	2026-09-22
sweep-lr5e4_ep8_b12-8841984	8841984	0.12	0.00	0	0.00	0.00	Y	0.09	2026-09-22
sweep-lr2e4_es05_ep4_h512_b12-8840408	8840408	0.11	0.00	0	0.00	0.00	Y	0.09	2026-09-22
sweep-lr2e4_es10_ep4_h512_b12-8840408	8840408	0.11	0.00	0	0.00	0.00	Y	0.09	2026-09-22
sweep-lr1e6_es01_ep4_h512_b12-8840408	8840408	0.11	0.00	0	0.00	0.00	Y	0.09	2026-09-22
sweep-lr2e4_es01_ep4_h512_b12-8840408	8840408	0.11	0.00	0	0.00	0.00	Y	0.09	2026-09-22
sweep-lr1e5_es10_ep4_h512_b12-8840408	8840408	0.11	0.00	0	0.00	0.00	Y	0.09	2026-09-22
sweep-lr1e5_es05_ep4_h512_b12-8840408	8840408	0.11	0.00	0	0.00	0.00	Y	0.09	2026-09-22
sweep-lr1e6_es10_ep4_h512_b12-8840408	8840408	0.11	0.00	0	0.00	0.00	Y	0.09	2026-09-22
sweep-lr1e5_es01_ep4_h512_b12-8840408	8840408	0.11	0.00	0	0.00	0.00	Y	0.09	2026-09-22
sweep-lr1e6_es05_ep4_h512_b12-8840408	8840408	0.11	0.00	0	0.00	0.00	Y	0.09	2026-09-22
sweep-lr1e6_es0_ep4_h512_b12-8840408	8840408	0.11	0.00	0	0.00	0.00	Y	0.09	2026-09-22
sweep-lr2e4_es0_ep4_h512_b12-8840408	8840408	0.11	0.00	0	0.00	0.00	Y	0.09	2026-09-22
sweep-lr2e4_es05_ep4_h256_b12-8840408	8840408	0.11	0.00	0	0.00	0.00	Y	0.09	2026-09-22
sweep-lr2e4_es01_ep4_h256_b12-8840408	8840408	0.11	0.00	0	0.00	0.00	Y	0.09	2026-09-22
sweep-lr2e4_es10_ep4_h256_b12-8840408	8840408	0.11	0.00	0	0.00	0.00	Y	0.09	2026-09-22
sweep-lr1e6_es10_ep4_h256_b12-8840408	8840408	0.11	0.00	0	0.00	0.00	Y	0.09	2026-09-22
sweep-lr1e5_es05_ep4_h256_b12-8840408	8840408	0.11	0.00	0	0.00	0.00	Y	0.09	2026-09-22
sweep-lr1e5_es10_ep4_h256_b12-8840408	8840408	0.11	0.00	0	0.00	0.00	Y	0.09	2026-09-22
sweep-lr1e5_es01_ep4_h256_b12-8840408	8840408	0.11	0.00	0	0.00	0.00	Y	0.09	2026-09-22
sweep-lr1e6_es05_ep4_h256_b12-8840408	8840408	0.11	0.00	0	0.00	0.00	Y	0.09	2026-09-22
sweep-lr5e4_es10_seed1-8848874	8848874	0.11	0.00	0	0.00	0.00	Y	0.09	2026-09-22
sweep-lr5e4_es10_seed2-8848874	8848874	0.11	0.00	0	0.00	0.00	Y	0.09	2026-09-22
sweep-lr2e4_es10_seed1-8848874	8848874	0.11	0.00	0	0.00	0.00	Y	0.09	2026-09-22
sweep-lr5e4_es05_seed2-8848874	8848874	0.11	0.00	0	0.00	0.00	Y	0.09	2026-09-22
sweep-lr2e4_es10_seed2-8848874	8848874	0.11	0.00	0	0.00	0.00	Y	0.09	2026-09-22
sweep-lr5e4_es05_seed1-8848874	8848874	0.11	0.00	0	0.00	0.00	Y	0.09	2026-09-22
sweep-lr5e5_es10_seed1-8848874	8848874	0.11	0.00	0	0.00	0.00	Y	0.09	2026-09-22
sweep-lr5e5_es10_seed2-8848874	8848874	0.11	0.00	0	0.00	0.00	Y	0.09	2026-09-22
sweep-lr2e4_es05_seed1-8848874	8848874	0.11	0.00	0	0.00	0.00	Y	0.09	2026-09-22
sweep-lr5e5_es05_seed2-8848874	8848874	0.11	0.00	0	0.00	0.00	Y	0.09	2026-09-22
sweep-lr2e4_es05_seed2-8848874	8848874	0.11	0.00	0	0.00	0.00	Y	0.09	2026-09-22
sweep-lr5e5_es05_seed1-8848874	8848874	0.11	0.00	0	0.00	0.00	Y	0.09	2026-09-22
sweep-lr1e5_es10_ep4_h128_b12-8840408	8840408	0.11	0.00	0	0.00	0.00	Y	0.09	2026-09-22
sweep-lr2e4_es05_ep4_h128_b12-8840408	8840408	0.11	0.00	0	0.00	0.00	Y	0.09	2026-09-22
sweep-lr1e5_es01_ep4_h128_b12-8840408	8840408	0.11	0.00	0	0.00	0.00	Y	0.09	2026-09-22
sweep-lr1e5_es05_ep4_h128_b12-8840408	8840408	0.11	0.00	0	0.00	0.00	Y	0.09	2026-09-22
sweep-lr2e4_es01_ep4_h128_b12-8840408	8840408	0.11	0.00	0	0.00	0.00	Y	0.09	2026-09-22
sweep-lr1e6_es01_ep4_h128_b12-8840408	8840408	0.11	0.00	0	0.00	0.00	Y	0.09	2026-09-22
sweep-lr1e6_es05_ep4_h128_b12-8840408	8840408	0.11	0.00	0	0.00	0.00	Y	0.09	2026-09-22
sweep-lr1e6_es10_ep4_h128_b12-8840408	8840408	0.11	0.00	0	0.00	0.00	Y	0.09	2026-09-22
sweep-lr1e6_es0_ep4_h256_b12-8840408	8840408	0.11	0.00	0	0.00	0.00	Y	0.09	2026-09-22
sweep-lr1e5_es0_ep4_h256_b12-8840408	8840408	0.11	0.00	0	0.00	0.00	Y	0.09	2026-09-22
sweep-lr2e4_es0_ep4_h256_b12-8840408	8840408	0.11	0.00	0	0.00	0.00	Y	0.09	2026-09-22
sweep-lr1e6_es0_ep4_h128_b12-8840408	8840408	0.11	0.00	0	0.00	0.00	Y	0.09	2026-09-22
sweep-lr2e4_es0_ep4_h128_b12-8840408	8840408	0.11	0.00	0	0.00	0.00	Y	0.09	2026-09-22
sweep-lr1e5_es0_ep4_h128_b12-8840408	8840408	0.11	0.00	0	0.00	0.00	Y	0.09	2026-09-22
sweep-lr2e4_ep4_b12-8841984	8841984	0.11	0.00	0	0.00	0.00	Y	0.09	2026-09-22
sweep-lr5e4_ep4_b12-8841984	8841984	0.11	0.00	0	0.00	0.00	Y	0.09	2026-09-22
sweep-lr5e5_ep4_b12-8841984	8841984	0.11	0.00	0	0.00	0.00	Y	0.09	2026-09-22
sweep-50m_seed4-8845262	8845262	0.11	0.00	0	0.00	0.00	Y	0.09	2026-09-22
sweep-50m_seed1-8845262	8845262	0.11	0.00	0	0.00	0.00	Y	0.09	2026-09-22
sweep-50m_seed2-8845262	8845262	0.11	0.00	0	0.00	0.00	Y	0.09	2026-09-22
sweep-50m_seed5-8845262	8845262	0.11	0.00	0	0.00	0.00	Y	0.09	2026-09-22
sweep-50m_seed6-8845262	8845262	0.11	0.00	0	0.00	0.00	Y	0.09	2026-09-22
sweep-50m_seed3-8845262	8845262	0.11	0.00	0	0.00	0.00	Y	0.09	2026-09-22
sweep-s025m_ck540k_lr4e-4_p170k2_cons_seed0-8881357	8881357	0.10	0.00	0	0.00	0.00	Y	0.10	2026-09-30
sweep-lr2e4_es01_ep2_h512_b12-8840408	8840408	0.10	0.00	0	0.00	0.00	Y	0.09	2026-09-22
sweep-lr1e5_es05_ep2_h512_b12-8840408	8840408	0.10	0.00	0	0.00	0.00	Y	0.09	2026-09-22
sweep-lr2e4_es05_ep2_h512_b12-8840408	8840408	0.10	0.00	0	0.00	0.00	Y	0.09	2026-09-22
sweep-lr2e4_es10_ep2_h512_b12-8840408	8840408	0.10	0.00	0	0.00	0.00	Y	0.09	2026-09-22
sweep-lr1e5_es10_ep2_h512_b12-8840408	8840408	0.10	0.00	0	0.00	0.00	Y	0.09	2026-09-22
sweep-lr1e6_es05_ep2_h512_b12-8840408	8840408	0.10	0.00	0	0.00	0.00	Y	0.09	2026-09-22
sweep-lr1e5_es01_ep2_h512_b12-8840408	8840408	0.10	0.00	0	0.00	0.00	Y	0.09	2026-09-22
sweep-lr1e6_es10_ep2_h512_b12-8840408	8840408	0.10	0.00	0	0.00	0.00	Y	0.09	2026-09-22
sweep-lr1e6_es01_ep2_h512_b12-8840408	8840408	0.10	0.00	0	0.00	0.00	Y	0.09	2026-09-22
sweep-lr1e6_es0_ep2_h512_b12-8840408	8840408	0.10	0.00	0	0.00	0.00	Y	0.09	2026-09-22
sweep-lr1e5_es0_ep2_h512_b12-8840408	8840408	0.10	0.00	0	0.00	0.00	Y	0.09	2026-09-22
sweep-lr2e4_es0_ep2_h512_b12-8840408	8840408	0.10	0.00	0	0.00	0.00	Y	0.09	2026-09-22
sweep-lr2e4_es01_ep2_h256_b12-8840408	8840408	0.10	0.00	0	0.00	0.00	Y	0.09	2026-09-22
sweep-lr2e4_es05_ep2_h256_b12-8840408	8840408	0.10	0.00	0	0.00	0.00	Y	0.09	2026-09-22
sweep-lr1e5_es05_ep2_h256_b12-8840408	8840408	0.10	0.00	0	0.00	0.00	Y	0.09	2026-09-22
sweep-lr2e4_es10_ep2_h256_b12-8840408	8840408	0.10	0.00	0	0.00	0.00	Y	0.09	2026-09-22
sweep-lr1e6_es01_ep2_h256_b12-8840408	8840408	0.10	0.00	0	0.00	0.00	Y	0.09	2026-09-22
sweep-lr1e6_es05_ep2_h256_b12-8840408	8840408	0.10	0.00	0	0.00	0.00	Y	0.09	2026-09-22
sweep-lr1e5_es01_ep2_h256_b12-8840408	8840408	0.10	0.00	0	0.00	0.00	Y	0.09	2026-09-22
sweep-lr1e5_es10_ep2_h256_b12-8840408	8840408	0.10	0.00	0	0.00	0.00	Y	0.09	2026-09-22
sweep-lr1e6_es10_ep2_h256_b12-8840408	8840408	0.10	0.00	0	0.00	0.00	Y	0.09	2026-09-22
sweep-lr5e5_ep8_b48-8841984	8841984	0.10	0.00	0	0.00	0.00	Y	0.09	2026-09-22
sweep-lr2e4_ep8_b48-8841984	8841984	0.10	0.00	0	0.00	0.00	Y	0.09	2026-09-22
sweep-lr5e4_ep8_b48-8841984	8841984	0.10	0.00	0	0.00	0.00	Y	0.09	2026-09-22
sweep-lr1e5_es0_ep2_h256_b12-8840408	8840408	0.10	0.00	0	0.00	0.00	Y	0.09	2026-09-22
sweep-lr1e6_es0_ep2_h256_b12-8840408	8840408	0.10	0.00	0	0.00	0.00	Y	0.09	2026-09-22
sweep-lr2e4_es0_ep2_h256_b12-8840408	8840408	0.10	0.00	0	0.00	0.00	Y	0.09	2026-09-22
sweep-lr2e4_es05_ep2_h128_b12-8840408	8840408	0.10	0.00	0	0.00	0.00	Y	0.09	2026-09-22
sweep-lr1e5_es05_ep2_h128_b12-8840408	8840408	0.10	0.00	0	0.00	0.00	Y	0.09	2026-09-22
sweep-lr2e4_es10_ep2_h128_b12-8840408	8840408	0.10	0.00	0	0.00	0.00	Y	0.09	2026-09-22
sweep-lr2e4_es01_ep2_h128_b12-8840408	8840408	0.10	0.00	0	0.00	0.00	Y	0.09	2026-09-22
sweep-lr1e6_es01_ep2_h128_b12-8840408	8840408	0.10	0.00	0	0.00	0.00	Y	0.09	2026-09-22
sweep-lr1e6_es10_ep2_h128_b12-8840408	8840408	0.10	0.00	0	0.00	0.00	Y	0.09	2026-09-22
sweep-lr1e5_es10_ep2_h128_b12-8840408	8840408	0.10	0.00	0	0.00	0.00	Y	0.09	2026-09-22
sweep-lr1e5_es01_ep2_h128_b12-8840408	8840408	0.10	0.00	0	0.00	0.00	Y	0.09	2026-09-22
sweep-lr1e6_es05_ep2_h128_b12-8840408	8840408	0.10	0.00	0	0.00	0.00	Y	0.09	2026-09-22
sweep-lr1e6_es0_ep2_h128_b12-8840408	8840408	0.10	0.00	0	0.00	0.00	Y	0.09	2026-09-22
sweep-lr1e5_es0_ep2_h128_b12-8840408	8840408	0.10	0.00	0	0.00	0.00	Y	0.09	2026-09-22
sweep-s025m_ck540k_lr4e-4_p128k2_seed0-8875194	8875194	0.10	0.00	0	0.00	0.00	Y	0.10	2026-09-27
sweep-lr1e5_es05_ep4_h512-8840408	8840408	0.10	0.00	0	0.00	0.00	Y	0.09	2026-09-22
sweep-lr2e4_es05_ep4_h512-8840408	8840408	0.10	0.00	0	0.00	0.00	Y	0.09	2026-09-22
sweep-lr1e6_es10_ep4_h512-8840408	8840408	0.10	0.00	0	0.00	0.00	Y	0.09	2026-09-22
sweep-lr2e4_es10_ep4_h512-8840408	8840408	0.10	0.00	0	0.00	0.00	Y	0.09	2026-09-22
sweep-lr2e4_es01_ep4_h512-8840408	8840408	0.10	0.00	0	0.00	0.00	Y	0.09	2026-09-22
sweep-lr1e5_es10_ep4_h512-8840408	8840408	0.10	0.00	0	0.00	0.00	Y	0.09	2026-09-22
sweep-lr1e6_es01_ep4_h512-8840408	8840408	0.10	0.00	0	0.00	0.00	Y	0.09	2026-09-22
sweep-lr1e6_es05_ep4_h512-8840408	8840408	0.10	0.00	0	0.00	0.00	Y	0.09	2026-09-22
sweep-lr1e5_es01_ep4_h512-8840408	8840408	0.10	0.00	0	0.00	0.00	Y	0.09	2026-09-22
sweep-lr1e5_es0_ep4_h512-8840408	8840408	0.10	0.00	0	0.00	0.00	Y	0.09	2026-09-22
sweep-lr2e4_es0_ep4_h512-8840408	8840408	0.10	0.00	0	0.00	0.00	Y	0.09	2026-09-22
sweep-lr1e6_es0_ep4_h512-8840408	8840408	0.10	0.00	0	0.00	0.00	Y	0.09	2026-09-22
sweep-lr5e5_ep4_b48-8841984	8841984	0.10	0.00	0	0.00	0.00	Y	0.09	2026-09-22
sweep-lr5e4_ep4_b48-8841984	8841984	0.10	0.00	0	0.00	0.00	Y	0.09	2026-09-22
sweep-lr2e4_ep4_b48-8841984	8841984	0.10	0.00	0	0.00	0.00	Y	0.09	2026-09-22
sweep-lr2e4_es10_ep4_h256-8840408	8840408	0.10	0.00	0	0.00	0.00	Y	0.09	2026-09-22
sweep-lr2e4_es05_ep4_h256-8840408	8840408	0.10	0.00	0	0.00	0.00	Y	0.09	2026-09-22
sweep-lr2e4_es01_ep4_h256-8840408	8840408	0.10	0.00	0	0.00	0.00	Y	0.09	2026-09-22
sweep-lr1e5_es05_ep4_h256-8840408	8840408	0.10	0.00	0	0.00	0.00	Y	0.09	2026-09-22
sweep-lr1e6_es10_ep4_h256-8840408	8840408	0.10	0.00	0	0.00	0.00	Y	0.09	2026-09-22
sweep-lr1e6_es05_ep4_h256-8840408	8840408	0.10	0.00	0	0.00	0.00	Y	0.09	2026-09-22
sweep-lr1e5_es01_ep4_h256-8840408	8840408	0.10	0.00	0	0.00	0.00	Y	0.09	2026-09-22
sweep-lr1e5_es10_ep4_h256-8840408	8840408	0.10	0.00	0	0.00	0.00	Y	0.09	2026-09-22
sweep-lr1e6_es01_ep4_h256-8840408	8840408	0.10	0.00	0	0.00	0.00	Y	0.09	2026-09-22
sweep-lr2e4_es0_ep4_h256-8840408	8840408	0.10	0.00	0	0.00	0.00	Y	0.09	2026-09-22
sweep-lr1e6_es0_ep4_h256-8840408	8840408	0.10	0.00	0	0.00	0.00	Y	0.09	2026-09-22
sweep-lr1e5_es0_ep4_h256-8840408	8840408	0.10	0.00	0	0.00	0.00	Y	0.09	2026-09-22
sweep-lr2e4_es01_ep4_h128-8840408	8840408	0.10	0.00	0	0.00	0.00	Y	0.09	2026-09-22
sweep-lr2e4_es10_ep4_h128-8840408	8840408	0.10	0.00	0	0.00	0.00	Y	0.09	2026-09-22
sweep-lr1e5_es05_ep4_h128-8840408	8840408	0.10	0.00	0	0.00	0.00	Y	0.09	2026-09-22
sweep-lr1e5_es01_ep4_h128-8840408	8840408	0.10	0.00	0	0.00	0.00	Y	0.09	2026-09-22
sweep-lr2e4_es05_ep4_h128-8840408	8840408	0.10	0.00	0	0.00	0.00	Y	0.09	2026-09-22
sweep-lr1e6_es01_ep4_h128-8840408	8840408	0.10	0.00	0	0.00	0.00	Y	0.09	2026-09-22
sweep-lr1e6_es05_ep4_h128-8840408	8840408	0.10	0.00	0	0.00	0.00	Y	0.09	2026-09-22
sweep-lr1e5_es10_ep4_h128-8840408	8840408	0.10	0.00	0	0.00	0.00	Y	0.09	2026-09-22
sweep-lr1e6_es10_ep4_h128-8840408	8840408	0.10	0.00	0	0.00	0.00	Y	0.09	2026-09-22
sweep-lr1e6_es0_ep4_h128-8840408	8840408	0.10	0.00	0	0.00	0.00	Y	0.09	2026-09-22
sweep-lr1e5_es0_ep4_h128-8840408	8840408	0.10	0.00	0	0.00	0.00	Y	0.09	2026-09-22
sweep-lr2e4_es0_ep4_h128-8840408	8840408	0.10	0.00	0	0.00	0.00	Y	0.09	2026-09-22
sweep-lr1e5_es01_ep2_h512-8840408	8840408	0.10	0.00	0	0.00	0.00	Y	0.09	2026-09-22
sweep-lr2e4_es10_ep2_h512-8840408	8840408	0.10	0.00	0	0.00	0.00	Y	0.09	2026-09-22
sweep-lr2e4_es01_ep2_h512-8840408	8840408	0.10	0.00	0	0.00	0.00	Y	0.09	2026-09-22
sweep-lr1e5_es05_ep2_h512-8840408	8840408	0.10	0.00	0	0.00	0.00	Y	0.09	2026-09-22
sweep-lr2e4_es05_ep2_h512-8840408	8840408	0.10	0.00	0	0.00	0.00	Y	0.09	2026-09-22
sweep-lr1e6_es01_ep2_h512-8840408	8840408	0.10	0.00	0	0.00	0.00	Y	0.09	2026-09-22
sweep-lr1e6_es10_ep2_h512-8840408	8840408	0.10	0.00	0	0.00	0.00	Y	0.09	2026-09-22
sweep-lr1e6_es05_ep2_h512-8840408	8840408	0.10	0.00	0	0.00	0.00	Y	0.09	2026-09-22
sweep-lr1e5_es10_ep2_h512-8840408	8840408	0.10	0.00	0	0.00	0.00	Y	0.09	2026-09-22
sweep-lr1e5_es0_ep2_h512-8840408	8840408	0.10	0.00	0	0.00	0.00	Y	0.09	2026-09-22
sweep-lr2e4_es0_ep2_h512-8840408	8840408	0.10	0.00	0	0.00	0.00	Y	0.09	2026-09-22
sweep-lr1e6_es0_ep2_h512-8840408	8840408	0.10	0.00	0	0.00	0.00	Y	0.09	2026-09-22
sweep-lr1e5_es01_ep2_h256-8840408	8840408	0.10	0.00	0	0.00	0.00	Y	0.09	2026-09-22
sweep-lr1e5_es05_ep2_h256-8840408	8840408	0.10	0.00	0	0.00	0.00	Y	0.09	2026-09-22
sweep-lr2e4_es05_ep2_h256-8840408	8840408	0.10	0.00	0	0.00	0.00	Y	0.09	2026-09-22
sweep-lr2e4_es10_ep2_h256-8840408	8840408	0.10	0.00	0	0.00	0.00	Y	0.09	2026-09-22
sweep-lr2e4_es01_ep2_h256-8840408	8840408	0.10	0.00	0	0.00	0.00	Y	0.09	2026-09-22
sweep-lr1e5_es10_ep2_h256-8840408	8840408	0.10	0.00	0	0.00	0.00	Y	0.09	2026-09-22
sweep-lr1e6_es01_ep2_h256-8840408	8840408	0.10	0.00	0	0.00	0.00	Y	0.09	2026-09-22
sweep-lr1e6_es05_ep2_h256-8840408	8840408	0.10	0.00	0	0.00	0.00	Y	0.09	2026-09-22
sweep-lr1e6_es10_ep2_h256-8840408	8840408	0.10	0.00	0	0.00	0.00	Y	0.09	2026-09-22
sweep-lr1e6_es0_ep2_h256-8840408	8840408	0.10	0.00	0	0.00	0.00	Y	0.09	2026-09-22
sweep-lr1e5_es0_ep2_h256-8840408	8840408	0.10	0.00	0	0.00	0.00	Y	0.09	2026-09-22
sweep-lr2e4_es0_ep2_h256-8840408	8840408	0.10	0.00	0	0.00	0.00	Y	0.09	2026-09-22
sweep-lr1e5_es01_ep2_h128-8840408	8840408	0.10	0.00	0	0.00	0.00	Y	0.09	2026-09-22
sweep-lr1e5_es10_ep2_h128-8840408	8840408	0.10	0.00	0	0.00	0.00	Y	0.09	2026-09-22
sweep-lr1e6_es01_ep2_h128-8840408	8840408	0.10	0.00	0	0.00	0.00	Y	0.09	2026-09-22
sweep-lr1e6_es10_ep2_h128-8840408	8840408	0.10	0.00	0	0.00	0.00	Y	0.09	2026-09-22
sweep-lr1e6_es05_ep2_h128-8840408	8840408	0.10	0.00	0	0.00	0.00	Y	0.09	2026-09-22
sweep-lr1e5_es05_ep2_h128-8840408	8840408	0.10	0.00	0	0.00	0.00	Y	0.09	2026-09-22
sweep-lr2e4_es01_ep2_h128-8840408	8840408	0.10	0.00	0	0.00	0.00	Y	0.09	2026-09-22
sweep-lr2e4_es10_ep2_h128-8840408	8840408	0.10	0.00	0	0.00	0.00	Y	0.09	2026-09-22
sweep-lr2e4_es05_ep2_h128-8840408	8840408	0.10	0.00	0	0.00	0.00	Y	0.09	2026-09-22
sweep-lr1e5_es0_ep2_h128-8840408	8840408	0.10	0.00	0	0.00	0.00	Y	0.09	2026-09-22
sweep-lr2e4_es0_ep2_h128-8840408	8840408	0.09	0.00	0	0.00	0.00	Y	0.09	2026-09-22
sweep-lr1e6_es0_ep2_h128-8840408	8840408	0.09	0.00	0	0.00	0.00	Y	0.09	2026-09-22
sweep-lr1e6_es05_ep4_h512_b144-8840408	8840408	0.09	0.00	0	0.00	0.00	Y	0.09	2026-09-22
sweep-lr1e5_es10_ep4_h512_b144-8840408	8840408	0.09	0.00	0	0.00	0.00	Y	0.09	2026-09-22
sweep-lr2e4_es10_ep4_h512_b144-8840408	8840408	0.09	0.00	0	0.00	0.00	Y	0.09	2026-09-22
sweep-lr1e6_es10_ep4_h512_b144-8840408	8840408	0.09	0.00	0	0.00	0.00	Y	0.09	2026-09-22
sweep-lr2e4_es05_ep4_h512_b144-8840408	8840408	0.09	0.00	0	0.00	0.00	Y	0.09	2026-09-22
sweep-lr2e4_es01_ep4_h512_b144-8840408	8840408	0.09	0.00	0	0.00	0.00	Y	0.09	2026-09-22
sweep-lr1e6_es01_ep4_h512_b144-8840408	8840408	0.09	0.00	0	0.00	0.00	Y	0.09	2026-09-22
sweep-lr1e5_es05_ep4_h512_b144-8840408	8840408	0.09	0.00	0	0.00	0.00	Y	0.09	2026-09-22
sweep-lr1e5_es01_ep4_h512_b144-8840408	8840408	0.09	0.00	0	0.00	0.00	Y	0.09	2026-09-22
sweep-lr1e6_es0_ep4_h512_b144-8840408	8840408	0.09	0.00	0	0.00	0.00	Y	0.09	2026-09-22
sweep-lr2e4_es0_ep4_h512_b144-8840408	8840408	0.09	0.00	0	0.00	0.00	Y	0.09	2026-09-22
sweep-lr1e5_es0_ep4_h512_b144-8840408	8840408	0.09	0.00	0	0.00	0.00	Y	0.09	2026-09-22
sweep-lr1e6_es10_ep4_h256_b144-8840408	8840408	0.09	0.00	0	0.00	0.00	Y	0.09	2026-09-22
sweep-lr1e6_es01_ep4_h256_b144-8840408	8840408	0.09	0.00	0	0.00	0.00	Y	0.09	2026-09-22
sweep-lr1e6_es05_ep4_h256_b144-8840408	8840408	0.09	0.00	0	0.00	0.00	Y	0.09	2026-09-22
sweep-lr1e5_es05_ep4_h256_b144-8840408	8840408	0.09	0.00	0	0.00	0.00	Y	0.09	2026-09-22
sweep-lr1e5_es10_ep4_h256_b144-8840408	8840408	0.09	0.00	0	0.00	0.00	Y	0.09	2026-09-22
sweep-lr2e4_es05_ep4_h256_b144-8840408	8840408	0.09	0.00	0	0.00	0.00	Y	0.09	2026-09-22
sweep-lr2e4_es01_ep4_h256_b144-8840408	8840408	0.09	0.00	0	0.00	0.00	Y	0.09	2026-09-22
sweep-lr1e5_es01_ep4_h256_b144-8840408	8840408	0.09	0.00	0	0.00	0.00	Y	0.09	2026-09-22
sweep-lr2e4_es10_ep4_h256_b144-8840408	8840408	0.09	0.00	0	0.00	0.00	Y	0.09	2026-09-22
sweep-lr2e4_es0_ep4_h256_b144-8840408	8840408	0.09	0.00	0	0.00	0.00	Y	0.09	2026-09-22
sweep-lr1e6_es0_ep4_h256_b144-8840408	8840408	0.09	0.00	0	0.00	0.00	Y	0.09	2026-09-22
sweep-lr1e5_es0_ep4_h256_b144-8840408	8840408	0.09	0.00	0	0.00	0.00	Y	0.09	2026-09-22
sweep-lr2e4_es01_ep4_h128_b144-8840408	8840408	0.09	0.00	0	0.00	0.00	Y	0.09	2026-09-22
sweep-lr1e5_es05_ep4_h128_b144-8840408	8840408	0.09	0.00	0	0.00	0.00	Y	0.09	2026-09-22
sweep-lr1e5_es01_ep4_h128_b144-8840408	8840408	0.09	0.00	0	0.00	0.00	Y	0.09	2026-09-22
sweep-lr1e6_es01_ep4_h128_b144-8840408	8840408	0.09	0.00	0	0.00	0.00	Y	0.09	2026-09-22
sweep-lr2e4_es10_ep4_h128_b144-8840408	8840408	0.09	0.00	0	0.00	0.00	Y	0.09	2026-09-22
sweep-lr1e6_es10_ep4_h128_b144-8840408	8840408	0.09	0.00	0	0.00	0.00	Y	0.09	2026-09-22
sweep-lr1e5_es10_ep4_h128_b144-8840408	8840408	0.09	0.00	0	0.00	0.00	Y	0.09	2026-09-22
sweep-lr2e4_es05_ep4_h128_b144-8840408	8840408	0.09	0.00	0	0.00	0.00	Y	0.09	2026-09-22
sweep-lr1e6_es05_ep4_h128_b144-8840408	8840408	0.09	0.00	0	0.00	0.00	Y	0.09	2026-09-22
sweep-lr1e6_es0_ep4_h128_b144-8840408	8840408	0.09	0.00	0	0.00	0.00	Y	0.09	2026-09-22
sweep-lr2e4_es0_ep4_h128_b144-8840408	8840408	0.09	0.00	0	0.00	0.00	Y	0.09	2026-09-22
sweep-lr1e5_es0_ep4_h128_b144-8840408	8840408	0.09	0.00	0	0.00	0.00	Y	0.09	2026-09-22
sweep-lr2e4_es10_ep4_h512_b12-8840345	8840345	0.09	0.00	0	0.00	0.00	Y	0.09	2026-09-22
sweep-lr1e6_es05_ep4_h512_b12-8840345	8840345	0.09	0.00	0	0.00	0.00	Y	0.09	2026-09-22
sweep-lr1e5_es05_ep4_h512_b12-8840345	8840345	0.09	0.00	0	0.00	0.00	Y	0.09	2026-09-22
sweep-lr1e5_es01_ep4_h512_b12-8840345	8840345	0.09	0.00	0	0.00	0.00	Y	0.09	2026-09-22
sweep-lr1e6_es10_ep4_h512_b12-8840345	8840345	0.09	0.00	0	0.00	0.00	Y	0.09	2026-09-22
sweep-lr1e6_es01_ep4_h512_b12-8840345	8840345	0.09	0.00	0	0.00	0.00	Y	0.09	2026-09-22
sweep-lr2e4_es01_ep4_h512_b12-8840345	8840345	0.09	0.00	0	0.00	0.00	Y	0.09	2026-09-22
sweep-lr2e4_es05_ep4_h512_b12-8840345	8840345	0.09	0.00	0	0.00	0.00	Y	0.09	2026-09-22
sweep-lr1e5_es10_ep4_h512_b12-8840345	8840345	0.09	0.00	0	0.00	0.00	Y	0.09	2026-09-22
sweep-lr1e5_es0_ep4_h512_b12-8840345	8840345	0.09	0.00	0	0.00	0.00	Y	0.09	2026-09-22
sweep-lr1e6_es0_ep4_h512_b12-8840345	8840345	0.09	0.00	0	0.00	0.00	Y	0.09	2026-09-22
sweep-lr2e4_es0_ep4_h512_b12-8840345	8840345	0.09	0.00	0	0.00	0.00	Y	0.09	2026-09-22
sweep-lr1e5_es10_ep2_h512_b144-8840408	8840408	0.09	0.00	0	0.00	0.00	Y	0.09	2026-09-22
sweep-lr1e5_es05_ep2_h512_b144-8840408	8840408	0.09	0.00	0	0.00	0.00	Y	0.09	2026-09-22
sweep-lr2e4_es10_ep2_h512_b144-8840408	8840408	0.09	0.00	0	0.00	0.00	Y	0.09	2026-09-22
sweep-lr1e6_es01_ep2_h512_b144-8840408	8840408	0.09	0.00	0	0.00	0.00	Y	0.09	2026-09-22
sweep-lr2e4_es01_ep2_h512_b144-8840408	8840408	0.09	0.00	0	0.00	0.00	Y	0.09	2026-09-22
sweep-lr2e4_es05_ep2_h512_b144-8840408	8840408	0.09	0.00	0	0.00	0.00	Y	0.09	2026-09-22
sweep-lr1e5_es01_ep2_h512_b144-8840408	8840408	0.09	0.00	0	0.00	0.00	Y	0.09	2026-09-22
sweep-lr1e6_es05_ep2_h512_b144-8840408	8840408	0.09	0.00	0	0.00	0.00	Y	0.09	2026-09-22
sweep-lr1e6_es10_ep2_h512_b144-8840408	8840408	0.09	0.00	0	0.00	0.00	Y	0.09	2026-09-22
sweep-lr1e6_es0_ep2_h512_b144-8840408	8840408	0.09	0.00	0	0.00	0.00	Y	0.09	2026-09-22
sweep-lr2e4_es0_ep2_h512_b144-8840408	8840408	0.09	0.00	0	0.00	0.00	Y	0.09	2026-09-22
sweep-lr1e5_es0_ep2_h512_b144-8840408	8840408	0.09	0.00	0	0.00	0.00	Y	0.09	2026-09-22
sweep-lr1e5_es05_ep4_h256_b12-8840345	8840345	0.09	0.00	0	0.00	0.00	Y	0.09	2026-09-22
sweep-lr1e5_es01_ep4_h256_b12-8840345	8840345	0.09	0.00	0	0.00	0.00	Y	0.09	2026-09-22
sweep-lr2e4_es01_ep4_h256_b12-8840345	8840345	0.09	0.00	0	0.00	0.00	Y	0.09	2026-09-22
sweep-lr1e6_es01_ep4_h256_b12-8840345	8840345	0.09	0.00	0	0.00	0.00	Y	0.09	2026-09-22
sweep-lr1e5_es10_ep4_h256_b12-8840345	8840345	0.09	0.00	0	0.00	0.00	Y	0.09	2026-09-22
sweep-lr1e6_es10_ep4_h256_b12-8840345	8840345	0.09	0.00	0	0.00	0.00	Y	0.09	2026-09-22
sweep-lr1e6_es05_ep4_h256_b12-8840345	8840345	0.09	0.00	0	0.00	0.00	Y	0.09	2026-09-22
sweep-lr2e4_es10_ep4_h256_b12-8840345	8840345	0.09	0.00	0	0.00	0.00	Y	0.09	2026-09-22
sweep-lr2e4_es05_ep4_h256_b12-8840345	8840345	0.09	0.00	0	0.00	0.00	Y	0.09	2026-09-22
sweep-lr2e4_es0_ep4_h256_b12-8840345	8840345	0.09	0.00	0	0.00	0.00	Y	0.09	2026-09-22
sweep-lr1e6_es0_ep4_h256_b12-8840345	8840345	0.09	0.00	0	0.00	0.00	Y	0.09	2026-09-22
sweep-lr1e5_es0_ep4_h256_b12-8840345	8840345	0.09	0.00	0	0.00	0.00	Y	0.09	2026-09-22
sweep-lr2e4_es01_ep2_h256_b144-8840408	8840408	0.09	0.00	0	0.00	0.00	Y	0.09	2026-09-22
sweep-lr2e4_es05_ep2_h256_b144-8840408	8840408	0.09	0.00	0	0.00	0.00	Y	0.09	2026-09-22
sweep-lr1e6_es05_ep2_h256_b144-8840408	8840408	0.09	0.00	0	0.00	0.00	Y	0.09	2026-09-22
sweep-lr1e5_es10_ep2_h256_b144-8840408	8840408	0.09	0.00	0	0.00	0.00	Y	0.09	2026-09-22
sweep-lr1e5_es01_ep2_h256_b144-8840408	8840408	0.09	0.00	0	0.00	0.00	Y	0.09	2026-09-22
sweep-lr1e5_es05_ep2_h256_b144-8840408	8840408	0.09	0.00	0	0.00	0.00	Y	0.09	2026-09-22
sweep-lr1e6_es10_ep2_h256_b144-8840408	8840408	0.09	0.00	0	0.00	0.00	Y	0.09	2026-09-22
sweep-lr1e6_es01_ep2_h256_b144-8840408	8840408	0.09	0.00	0	0.00	0.00	Y	0.09	2026-09-22
sweep-lr2e4_es10_ep2_h256_b144-8840408	8840408	0.09	0.00	0	0.00	0.00	Y	0.09	2026-09-22
sweep-lr2e4_es0_ep2_h256_b144-8840408	8840408	0.09	0.00	0	0.00	0.00	Y	0.09	2026-09-22
sweep-lr1e5_es05_ep2_h512_b12-8840345	8840345	0.09	0.00	0	0.00	0.00	Y	0.09	2026-09-22
sweep-lr1e6_es0_ep2_h256_b144-8840408	8840408	0.09	0.00	0	0.00	0.00	Y	0.09	2026-09-22
sweep-lr2e4_es05_ep2_h512_b12-8840345	8840345	0.09	0.00	0	0.00	0.00	Y	0.09	2026-09-22
sweep-lr1e5_es0_ep2_h256_b144-8840408	8840408	0.09	0.00	0	0.00	0.00	Y	0.09	2026-09-22
sweep-lr1e6_es10_ep2_h512_b12-8840345	8840345	0.09	0.00	0	0.00	0.00	Y	0.09	2026-09-22
sweep-lr1e6_es05_ep2_h512_b12-8840345	8840345	0.09	0.00	0	0.00	0.00	Y	0.09	2026-09-22
sweep-lr1e5_es01_ep2_h512_b12-8840345	8840345	0.09	0.00	0	0.00	0.00	Y	0.09	2026-09-22
sweep-lr2e4_es01_ep2_h512_b12-8840345	8840345	0.09	0.00	0	0.00	0.00	Y	0.09	2026-09-22
sweep-lr2e4_es10_ep2_h512_b12-8840345	8840345	0.09	0.00	0	0.00	0.00	Y	0.09	2026-09-22
sweep-lr1e6_es01_ep2_h512_b12-8840345	8840345	0.09	0.00	0	0.00	0.00	Y	0.09	2026-09-22
sweep-lr1e5_es10_ep2_h512_b12-8840345	8840345	0.09	0.00	0	0.00	0.00	Y	0.09	2026-09-22
sweep-lr1e6_es0_ep2_h512_b12-8840345	8840345	0.09	0.00	0	0.00	0.00	Y	0.09	2026-09-22
sweep-lr1e5_es0_ep2_h512_b12-8840345	8840345	0.09	0.00	0	0.00	0.00	Y	0.09	2026-09-22
sweep-lr2e4_es0_ep2_h512_b12-8840345	8840345	0.09	0.00	0	0.00	0.00	Y	0.09	2026-09-22
sweep-lr1e6_es10_ep4_h128_b12-8840345	8840345	0.09	0.00	0	0.00	0.00	Y	0.09	2026-09-22
sweep-lr1e5_es05_ep4_h128_b12-8840345	8840345	0.09	0.00	0	0.00	0.00	Y	0.09	2026-09-22
sweep-lr1e6_es05_ep4_h128_b12-8840345	8840345	0.09	0.00	0	0.00	0.00	Y	0.09	2026-09-22
sweep-lr1e6_es01_ep4_h128_b12-8840345	8840345	0.09	0.00	0	0.00	0.00	Y	0.09	2026-09-22
sweep-lr2e4_es01_ep4_h128_b12-8840345	8840345	0.09	0.00	0	0.00	0.00	Y	0.09	2026-09-22
sweep-lr1e5_es10_ep4_h128_b12-8840345	8840345	0.09	0.00	0	0.00	0.00	Y	0.09	2026-09-22
sweep-lr1e5_es01_ep4_h128_b12-8840345	8840345	0.09	0.00	0	0.00	0.00	Y	0.09	2026-09-22
sweep-lr2e4_es10_ep4_h128_b12-8840345	8840345	0.09	0.00	0	0.00	0.00	Y	0.09	2026-09-22
sweep-lr2e4_es05_ep4_h128_b12-8840345	8840345	0.09	0.00	0	0.00	0.00	Y	0.09	2026-09-22
sweep-lr1e5_es0_ep4_h128_b12-8840345	8840345	0.09	0.00	0	0.00	0.00	Y	0.09	2026-09-22
sweep-lr2e4_es0_ep4_h128_b12-8840345	8840345	0.09	0.00	0	0.00	0.00	Y	0.09	2026-09-22
sweep-lr1e6_es0_ep4_h128_b12-8840345	8840345	0.09	0.00	0	0.00	0.00	Y	0.09	2026-09-22
sweep-lr1e6_es01_ep2_h128_b144-8840408	8840408	0.09	0.00	0	0.00	0.00	Y	0.09	2026-09-22
sweep-lr1e5_es05_ep2_h128_b144-8840408	8840408	0.09	0.00	0	0.00	0.00	Y	0.09	2026-09-22
sweep-lr2e4_es10_ep2_h128_b144-8840408	8840408	0.09	0.00	0	0.00	0.00	Y	0.09	2026-09-22
sweep-lr1e6_es10_ep2_h128_b144-8840408	8840408	0.09	0.00	0	0.00	0.00	Y	0.09	2026-09-22
sweep-lr1e6_es05_ep2_h128_b144-8840408	8840408	0.09	0.00	0	0.00	0.00	Y	0.09	2026-09-22
sweep-lr1e5_es10_ep2_h128_b144-8840408	8840408	0.09	0.00	0	0.00	0.00	Y	0.09	2026-09-22
sweep-lr2e4_es05_ep2_h128_b144-8840408	8840408	0.09	0.00	0	0.00	0.00	Y	0.09	2026-09-22
sweep-lr2e4_es01_ep2_h128_b144-8840408	8840408	0.09	0.00	0	0.00	0.00	Y	0.09	2026-09-22
sweep-lr1e5_es01_ep2_h128_b144-8840408	8840408	0.09	0.00	0	0.00	0.00	Y	0.09	2026-09-22
sweep-lr1e5_es0_ep2_h128_b144-8840408	8840408	0.09	0.00	0	0.00	0.00	Y	0.09	2026-09-22
sweep-lr1e6_es0_ep2_h128_b144-8840408	8840408	0.09	0.00	0	0.00	0.00	Y	0.09	2026-09-22
sweep-lr2e4_es0_ep2_h128_b144-8840408	8840408	0.09	0.00	0	0.00	0.00	Y	0.09	2026-09-22
sweep-lr1e5_es0_ep4_h512-8840345	8840345	0.09	0.00	0	0.00	0.00	Y	0.09	2026-09-22
sweep-lr2e4_es10_ep4_h512-8840345	8840345	0.09	0.00	0	0.00	0.00	Y	0.09	2026-09-22
sweep-lr1e6_es10_ep4_h512-8840345	8840345	0.09	0.00	0	0.00	0.00	Y	0.09	2026-09-22
sweep-lr2e4_es05_ep4_h512-8840345	8840345	0.09	0.00	0	0.00	0.00	Y	0.09	2026-09-22
sweep-lr1e6_es01_ep4_h512-8840345	8840345	0.09	0.00	0	0.00	0.00	Y	0.09	2026-09-22
sweep-lr1e6_es0_ep4_h512-8840345	8840345	0.09	0.00	0	0.00	0.00	Y	0.09	2026-09-22
sweep-lr2e4_es0_ep4_h512-8840345	8840345	0.09	0.00	0	0.00	0.00	Y	0.09	2026-09-22
sweep-lr2e4_es01_ep4_h512-8840345	8840345	0.09	0.00	0	0.00	0.00	Y	0.09	2026-09-22
sweep-lr1e5_es05_ep4_h512-8840345	8840345	0.09	0.00	0	0.00	0.00	Y	0.09	2026-09-22
sweep-lr1e5_es10_ep4_h512-8840345	8840345	0.09	0.00	0	0.00	0.00	Y	0.09	2026-09-22
sweep-lr1e6_es05_ep4_h512-8840345	8840345	0.09	0.00	0	0.00	0.00	Y	0.09	2026-09-22
sweep-lr1e5_es01_ep4_h512-8840345	8840345	0.09	0.00	0	0.00	0.00	Y	0.09	2026-09-22
sweep-lr1e5_es01_ep2_h512-8840345	8840345	0.09	0.00	0	0.00	0.00	Y	0.09	2026-09-22
sweep-lr1e6_es0_ep2_h512-8840345	8840345	0.09	0.00	0	0.00	0.00	Y	0.09	2026-09-22
sweep-lr2e4_es10_ep2_h512-8840345	8840345	0.09	0.00	0	0.00	0.00	Y	0.09	2026-09-22
sweep-lr2e4_es01_ep2_h512-8840345	8840345	0.09	0.00	0	0.00	0.00	Y	0.09	2026-09-22
sweep-lr2e4_es0_ep2_h512-8840345	8840345	0.09	0.00	0	0.00	0.00	Y	0.09	2026-09-22
sweep-lr1e6_es01_ep2_h512-8840345	8840345	0.09	0.00	0	0.00	0.00	Y	0.09	2026-09-22
sweep-lr2e4_es05_ep2_h512-8840345	8840345	0.09	0.00	0	0.00	0.00	Y	0.09	2026-09-22
sweep-lr1e6_es10_ep2_h512-8840345	8840345	0.09	0.00	0	0.00	0.00	Y	0.09	2026-09-22
sweep-lr1e5_es0_ep2_h512-8840345	8840345	0.09	0.00	0	0.00	0.00	Y	0.09	2026-09-22
sweep-lr1e5_es05_ep2_h512-8840345	8840345	0.09	0.00	0	0.00	0.00	Y	0.09	2026-09-22
sweep-lr1e5_es10_ep2_h512-8840345	8840345	0.09	0.00	0	0.00	0.00	Y	0.09	2026-09-22
sweep-lr1e6_es05_ep2_h512-8840345	8840345	0.09	0.00	0	0.00	0.00	Y	0.09	2026-09-22
sweep-lr1e5_es10_ep4_h512_b144-8840345	8840345	0.09	0.00	0	0.00	0.00	Y	0.09	2026-09-22
sweep-lr1e6_es0_ep4_h512_b144-8840345	8840345	0.09	0.00	0	0.00	0.00	Y	0.09	2026-09-22
sweep-lr2e4_es05_ep4_h512_b144-8840345	8840345	0.09	0.00	0	0.00	0.00	Y	0.09	2026-09-22
sweep-lr2e4_es0_ep4_h512_b144-8840345	8840345	0.09	0.00	0	0.00	0.00	Y	0.09	2026-09-22
sweep-lr2e4_es01_ep4_h512_b144-8840345	8840345	0.09	0.00	0	0.00	0.00	Y	0.09	2026-09-22
sweep-lr1e5_es05_ep4_h512_b144-8840345	8840345	0.09	0.00	0	0.00	0.00	Y	0.09	2026-09-22
sweep-lr1e5_es01_ep4_h512_b144-8840345	8840345	0.09	0.00	0	0.00	0.00	Y	0.09	2026-09-22
sweep-lr1e5_es0_ep4_h512_b144-8840345	8840345	0.09	0.00	0	0.00	0.00	Y	0.09	2026-09-22
sweep-lr2e4_es10_ep4_h512_b144-8840345	8840345	0.09	0.00	0	0.00	0.00	Y	0.09	2026-09-22
sweep-lr1e6_es01_ep4_h512_b144-8840345	8840345	0.09	0.00	0	0.00	0.00	Y	0.09	2026-09-22
sweep-lr1e6_es10_ep4_h512_b144-8840345	8840345	0.09	0.00	0	0.00	0.00	Y	0.09	2026-09-22
sweep-lr1e6_es05_ep4_h512_b144-8840345	8840345	0.09	0.00	0	0.00	0.00	Y	0.09	2026-09-22
sweep-lr2e4_es05_ep2_h256_b12-8840345	8840345	0.09	0.00	0	0.00	0.00	Y	0.09	2026-09-22
sweep-lr1e6_es10_ep2_h256_b12-8840345	8840345	0.09	0.00	0	0.00	0.00	Y	0.09	2026-09-22
sweep-lr1e5_es10_ep2_h256_b12-8840345	8840345	0.09	0.00	0	0.00	0.00	Y	0.09	2026-09-22
sweep-lr1e6_es05_ep2_h256_b12-8840345	8840345	0.09	0.00	0	0.00	0.00	Y	0.09	2026-09-22
sweep-lr1e5_es05_ep2_h256_b12-8840345	8840345	0.09	0.00	0	0.00	0.00	Y	0.09	2026-09-22
sweep-lr2e4_es01_ep2_h256_b12-8840345	8840345	0.09	0.00	0	0.00	0.00	Y	0.09	2026-09-22
sweep-lr1e5_es01_ep2_h256_b12-8840345	8840345	0.09	0.00	0	0.00	0.00	Y	0.09	2026-09-22
sweep-lr2e4_es10_ep2_h256_b12-8840345	8840345	0.09	0.00	0	0.00	0.00	Y	0.09	2026-09-22
sweep-lr1e6_es01_ep2_h256_b12-8840345	8840345	0.09	0.00	0	0.00	0.00	Y	0.09	2026-09-22
sweep-lr2e4_es0_ep2_h256_b12-8840345	8840345	0.09	0.00	0	0.00	0.00	Y	0.09	2026-09-22
sweep-lr1e5_es0_ep2_h256_b12-8840345	8840345	0.09	0.00	0	0.00	0.00	Y	0.09	2026-09-22
sweep-lr1e6_es0_ep2_h256_b12-8840345	8840345	0.09	0.00	0	0.00	0.00	Y	0.09	2026-09-22
sweep-lr1e6_es05_ep2_h512_b144-8840345	8840345	0.09	0.00	0	0.00	0.00	Y	0.09	2026-09-22
sweep-lr1e5_es0_ep2_h512_b144-8840345	8840345	0.09	0.00	0	0.00	0.00	Y	0.09	2026-09-22
sweep-lr2e4_es05_ep2_h512_b144-8840345	8840345	0.09	0.00	0	0.00	0.00	Y	0.09	2026-09-22
sweep-lr2e4_es01_ep2_h512_b144-8840345	8840345	0.09	0.00	0	0.00	0.00	Y	0.09	2026-09-22
sweep-lr1e6_es10_ep2_h512_b144-8840345	8840345	0.09	0.00	0	0.00	0.00	Y	0.09	2026-09-22
sweep-lr1e6_es01_ep2_h512_b144-8840345	8840345	0.09	0.00	0	0.00	0.00	Y	0.09	2026-09-22
sweep-lr2e4_es0_ep2_h512_b144-8840345	8840345	0.09	0.00	0	0.00	0.00	Y	0.09	2026-09-22
sweep-lr2e4_es10_ep2_h512_b144-8840345	8840345	0.09	0.00	0	0.00	0.00	Y	0.09	2026-09-22
sweep-lr1e5_es10_ep2_h512_b144-8840345	8840345	0.09	0.00	0	0.00	0.00	Y	0.09	2026-09-22
sweep-lr1e5_es05_ep2_h512_b144-8840345	8840345	0.09	0.00	0	0.00	0.00	Y	0.09	2026-09-22
sweep-lr1e5_es01_ep2_h512_b144-8840345	8840345	0.09	0.00	0	0.00	0.00	Y	0.09	2026-09-22
sweep-lr1e6_es0_ep2_h512_b144-8840345	8840345	0.09	0.00	0	0.00	0.00	Y	0.09	2026-09-22
sweep-lr2e4_es05_ep2_h128_b12-8840345	8840345	0.09	0.00	0	0.00	0.00	Y	0.09	2026-09-22
sweep-lr1e5_es01_ep2_h128_b12-8840345	8840345	0.09	0.00	0	0.00	0.00	Y	0.09	2026-09-22
sweep-lr1e6_es10_ep2_h128_b12-8840345	8840345	0.09	0.00	0	0.00	0.00	Y	0.09	2026-09-22
sweep-lr2e4_es01_ep2_h128_b12-8840345	8840345	0.09	0.00	0	0.00	0.00	Y	0.09	2026-09-22
sweep-lr1e6_es05_ep2_h128_b12-8840345	8840345	0.09	0.00	0	0.00	0.00	Y	0.09	2026-09-22
sweep-lr1e6_es01_ep2_h128_b12-8840345	8840345	0.09	0.00	0	0.00	0.00	Y	0.09	2026-09-22
sweep-lr2e4_es10_ep2_h128_b12-8840345	8840345	0.09	0.00	0	0.00	0.00	Y	0.09	2026-09-22
sweep-lr1e5_es05_ep2_h128_b12-8840345	8840345	0.09	0.00	0	0.00	0.00	Y	0.09	2026-09-22
sweep-lr1e5_es10_ep2_h128_b12-8840345	8840345	0.09	0.00	0	0.00	0.00	Y	0.09	2026-09-22
sweep-lr2e4_es0_ep2_h128_b12-8840345	8840345	0.09	0.00	0	0.00	0.00	Y	0.09	2026-09-22
sweep-lr1e5_es0_ep2_h128_b12-8840345	8840345	0.09	0.00	0	0.00	0.00	Y	0.09	2026-09-22
sweep-lr1e6_es0_ep2_h128_b12-8840345	8840345	0.09	0.00	0	0.00	0.00	Y	0.09	2026-09-22
sweep-lr2e4_es10_ep4_h256-8840345	8840345	0.09	0.00	0	0.00	0.00	Y	0.09	2026-09-22
sweep-lr2e4_es05_ep4_h256-8840345	8840345	0.09	0.00	0	0.00	0.00	Y	0.09	2026-09-22
sweep-lr2e4_es0_ep4_h256-8840345	8840345	0.09	0.00	0	0.00	0.00	Y	0.09	2026-09-22
sweep-lr1e5_es10_ep4_h256-8840345	8840345	0.09	0.00	0	0.00	0.00	Y	0.09	2026-09-22
sweep-lr1e5_es0_ep4_h256-8840345	8840345	0.09	0.00	0	0.00	0.00	Y	0.09	2026-09-22
sweep-lr1e5_es01_ep4_h256-8840345	8840345	0.09	0.00	0	0.00	0.00	Y	0.09	2026-09-22
sweep-lr1e6_es01_ep4_h256-8840345	8840345	0.09	0.00	0	0.00	0.00	Y	0.09	2026-09-22
sweep-lr1e6_es05_ep4_h256-8840345	8840345	0.09	0.00	0	0.00	0.00	Y	0.09	2026-09-22
sweep-lr1e6_es10_ep4_h256-8840345	8840345	0.09	0.00	0	0.00	0.00	Y	0.09	2026-09-22
sweep-lr1e6_es0_ep4_h256-8840345	8840345	0.09	0.00	0	0.00	0.00	Y	0.09	2026-09-22
sweep-lr2e4_es01_ep4_h256-8840345	8840345	0.09	0.00	0	0.00	0.00	Y	0.09	2026-09-22
sweep-lr1e5_es05_ep4_h256-8840345	8840345	0.09	0.00	0	0.00	0.00	Y	0.09	2026-09-22
sweep-lr1e5_es10_ep2_h256-8840345	8840345	0.09	0.00	0	0.00	0.00	Y	0.09	2026-09-22
sweep-lr1e6_es10_ep2_h256-8840345	8840345	0.09	0.00	0	0.00	0.00	Y	0.09	2026-09-22
sweep-lr1e5_es01_ep2_h256-8840345	8840345	0.09	0.00	0	0.00	0.00	Y	0.09	2026-09-22
sweep-lr2e4_es0_ep2_h256-8840345	8840345	0.09	0.00	0	0.00	0.00	Y	0.09	2026-09-22
sweep-lr2e4_es05_ep2_h256-8840345	8840345	0.09	0.00	0	0.00	0.00	Y	0.09	2026-09-22
sweep-lr1e6_es01_ep2_h256-8840345	8840345	0.09	0.00	0	0.00	0.00	Y	0.09	2026-09-22
sweep-lr1e5_es05_ep2_h256-8840345	8840345	0.09	0.00	0	0.00	0.00	Y	0.09	2026-09-22
sweep-lr2e4_es10_ep2_h256-8840345	8840345	0.09	0.00	0	0.00	0.00	Y	0.09	2026-09-22
sweep-lr1e6_es05_ep2_h256-8840345	8840345	0.09	0.00	0	0.00	0.00	Y	0.09	2026-09-22
sweep-lr2e4_es01_ep2_h256-8840345	8840345	0.09	0.00	0	0.00	0.00	Y	0.09	2026-09-22
sweep-lr1e5_es0_ep2_h256-8840345	8840345	0.09	0.00	0	0.00	0.00	Y	0.09	2026-09-22
sweep-lr1e6_es0_ep2_h256-8840345	8840345	0.09	0.00	0	0.00	0.00	Y	0.09	2026-09-22
sweep-lr1e6_es10_ep4_h256_b144-8840345	8840345	0.09	0.00	0	0.00	0.00	Y	0.09	2026-09-22
sweep-lr1e5_es0_ep4_h256_b144-8840345	8840345	0.09	0.00	0	0.00	0.00	Y	0.09	2026-09-22
sweep-lr1e5_es10_ep4_h256_b144-8840345	8840345	0.09	0.00	0	0.00	0.00	Y	0.09	2026-09-22
sweep-lr2e4_es01_ep4_h256_b144-8840345	8840345	0.09	0.00	0	0.00	0.00	Y	0.09	2026-09-22
sweep-lr1e6_es05_ep4_h256_b144-8840345	8840345	0.09	0.00	0	0.00	0.00	Y	0.09	2026-09-22
sweep-lr1e5_es01_ep4_h256_b144-8840345	8840345	0.09	0.00	0	0.00	0.00	Y	0.09	2026-09-22
sweep-lr2e4_es05_ep4_h256_b144-8840345	8840345	0.09	0.00	0	0.00	0.00	Y	0.09	2026-09-22
sweep-lr1e6_es0_ep4_h256_b144-8840345	8840345	0.09	0.00	0	0.00	0.00	Y	0.09	2026-09-22
sweep-lr2e4_es0_ep4_h256_b144-8840345	8840345	0.09	0.00	0	0.00	0.00	Y	0.09	2026-09-22
sweep-lr1e5_es05_ep4_h256_b144-8840345	8840345	0.09	0.00	0	0.00	0.00	Y	0.09	2026-09-22
sweep-lr1e6_es01_ep4_h256_b144-8840345	8840345	0.09	0.00	0	0.00	0.00	Y	0.09	2026-09-22
sweep-lr2e4_es10_ep4_h256_b144-8840345	8840345	0.09	0.00	0	0.00	0.00	Y	0.09	2026-09-22
sweep-lr1e6_es0_ep2_h256_b144-8840345	8840345	0.09	0.00	0	0.00	0.00	Y	0.09	2026-09-22
sweep-lr1e6_es05_ep2_h256_b144-8840345	8840345	0.09	0.00	0	0.00	0.00	Y	0.09	2026-09-22
sweep-lr1e6_es01_ep2_h256_b144-8840345	8840345	0.09	0.00	0	0.00	0.00	Y	0.09	2026-09-22
sweep-lr2e4_es01_ep2_h256_b144-8840345	8840345	0.09	0.00	0	0.00	0.00	Y	0.09	2026-09-22
sweep-lr1e5_es0_ep2_h256_b144-8840345	8840345	0.09	0.00	0	0.00	0.00	Y	0.09	2026-09-22
sweep-lr2e4_es10_ep2_h256_b144-8840345	8840345	0.09	0.00	0	0.00	0.00	Y	0.09	2026-09-22
sweep-lr1e5_es05_ep2_h256_b144-8840345	8840345	0.09	0.00	0	0.00	0.00	Y	0.09	2026-09-22
sweep-lr2e4_es05_ep2_h256_b144-8840345	8840345	0.09	0.00	0	0.00	0.00	Y	0.09	2026-09-22
sweep-lr1e5_es10_ep2_h256_b144-8840345	8840345	0.09	0.00	0	0.00	0.00	Y	0.09	2026-09-22
sweep-lr1e5_es01_ep2_h256_b144-8840345	8840345	0.09	0.00	0	0.00	0.00	Y	0.09	2026-09-22
sweep-lr2e4_es0_ep2_h256_b144-8840345	8840345	0.09	0.00	0	0.00	0.00	Y	0.09	2026-09-22
sweep-lr1e6_es10_ep2_h256_b144-8840345	8840345	0.09	0.00	0	0.00	0.00	Y	0.09	2026-09-22
sweep-lr2e4_es0_ep4_h128-8840345	8840345	0.09	0.00	0	0.00	0.00	Y	0.09	2026-09-22
sweep-lr1e6_es05_ep4_h128-8840345	8840345	0.09	0.00	0	0.00	0.00	Y	0.09	2026-09-22
sweep-lr1e6_es10_ep4_h128-8840345	8840345	0.09	0.00	0	0.00	0.00	Y	0.09	2026-09-22
sweep-lr1e5_es01_ep4_h128-8840345	8840345	0.09	0.00	0	0.00	0.00	Y	0.09	2026-09-22
sweep-lr1e6_es01_ep4_h128-8840345	8840345	0.09	0.00	0	0.00	0.00	Y	0.09	2026-09-22
sweep-lr1e5_es10_ep4_h128-8840345	8840345	0.09	0.00	0	0.00	0.00	Y	0.09	2026-09-22
sweep-lr1e6_es0_ep4_h128-8840345	8840345	0.09	0.00	0	0.00	0.00	Y	0.09	2026-09-22
sweep-lr2e4_es01_ep4_h128-8840345	8840345	0.09	0.00	0	0.00	0.00	Y	0.09	2026-09-22
sweep-lr2e4_es05_ep4_h128-8840345	8840345	0.09	0.00	0	0.00	0.00	Y	0.09	2026-09-22
sweep-lr1e5_es05_ep4_h128-8840345	8840345	0.09	0.00	0	0.00	0.00	Y	0.09	2026-09-22
sweep-lr2e4_es10_ep4_h128-8840345	8840345	0.09	0.00	0	0.00	0.00	Y	0.09	2026-09-22
sweep-lr1e5_es0_ep4_h128-8840345	8840345	0.09	0.00	0	0.00	0.00	Y	0.09	2026-09-22
dn50m-deepspeed-12tile-test-8840264	8840264	0.09	0.00	0	0.00	0.00	Y	0.09	2026-09-19
sweep-lr1e6_es01_ep2_h128-8840345	8840345	0.09	0.00	0	0.00	0.00	Y	0.09	2026-09-22
sweep-lr2e4_es10_ep2_h128-8840345	8840345	0.09	0.00	0	0.00	0.00	Y	0.09	2026-09-22
sweep-lr1e6_es10_ep2_h128-8840345	8840345	0.09	0.00	0	0.00	0.00	Y	0.09	2026-09-22
sweep-lr2e4_es01_ep2_h128-8840345	8840345	0.09	0.00	0	0.00	0.00	Y	0.09	2026-09-22
sweep-lr2e4_es05_ep2_h128-8840345	8840345	0.09	0.00	0	0.00	0.00	Y	0.09	2026-09-22
sweep-lr1e6_es05_ep2_h128-8840345	8840345	0.09	0.00	0	0.00	0.00	Y	0.09	2026-09-22
sweep-lr1e5_es01_ep2_h128-8840345	8840345	0.09	0.00	0	0.00	0.00	Y	0.09	2026-09-22
sweep-lr1e5_es10_ep2_h128-8840345	8840345	0.09	0.00	0	0.00	0.00	Y	0.09	2026-09-22
sweep-lr1e5_es0_ep2_h128-8840345	8840345	0.09	0.00	0	0.00	0.00	Y	0.09	2026-09-22
sweep-lr2e4_es0_ep2_h128-8840345	8840345	0.09	0.00	0	0.00	0.00	Y	0.09	2026-09-22
sweep-lr1e6_es0_ep2_h128-8840345	8840345	0.09	0.00	0	0.00	0.00	Y	0.09	2026-09-22
sweep-lr1e5_es05_ep2_h128-8840345	8840345	0.09	0.00	0	0.00	0.00	Y	0.09	2026-09-22
sweep-lr1e5_es10_ep4_h128_b144-8840345	8840345	0.09	0.00	0	0.00	0.00	Y	0.09	2026-09-22
sweep-lr1e6_es01_ep4_h128_b144-8840345	8840345	0.09	0.00	0	0.00	0.00	Y	0.09	2026-09-22
sweep-lr2e4_es0_ep4_h128_b144-8840345	8840345	0.09	0.00	0	0.00	0.00	Y	0.09	2026-09-22
sweep-lr1e5_es05_ep4_h128_b144-8840345	8840345	0.09	0.00	0	0.00	0.00	Y	0.09	2026-09-22
sweep-lr1e5_es0_ep4_h128_b144-8840345	8840345	0.09	0.00	0	0.00	0.00	Y	0.09	2026-09-22
sweep-lr1e6_es05_ep4_h128_b144-8840345	8840345	0.09	0.00	0	0.00	0.00	Y	0.09	2026-09-22
sweep-lr2e4_es05_ep4_h128_b144-8840345	8840345	0.09	0.00	0	0.00	0.00	Y	0.09	2026-09-22
sweep-lr1e6_es0_ep4_h128_b144-8840345	8840345	0.09	0.00	0	0.00	0.00	Y	0.09	2026-09-22
sweep-lr1e6_es10_ep4_h128_b144-8840345	8840345	0.09	0.00	0	0.00	0.00	Y	0.09	2026-09-22
sweep-lr2e4_es01_ep4_h128_b144-8840345	8840345	0.09	0.00	0	0.00	0.00	Y	0.09	2026-09-22
sweep-lr2e4_es10_ep4_h128_b144-8840345	8840345	0.09	0.00	0	0.00	0.00	Y	0.09	2026-09-22
sweep-lr1e5_es01_ep4_h128_b144-8840345	8840345	0.09	0.00	0	0.00	0.00	Y	0.09	2026-09-22
sweep-lr2e4_es10_ep2_h128_b144-8840345	8840345	0.09	0.00	0	0.00	0.00	Y	0.09	2026-09-22
sweep-lr2e4_es01_ep2_h128_b144-8840345	8840345	0.09	0.00	0	0.00	0.00	Y	0.09	2026-09-22
sweep-lr1e5_es05_ep2_h128_b144-8840345	8840345	0.09	0.00	0	0.00	0.00	Y	0.09	2026-09-22
sweep-lr1e6_es10_ep2_h128_b144-8840345	8840345	0.09	0.00	0	0.00	0.00	Y	0.09	2026-09-22
sweep-lr1e5_es0_ep2_h128_b144-8840345	8840345	0.09	0.00	0	0.00	0.00	Y	0.09	2026-09-22
sweep-lr2e4_es05_ep2_h128_b144-8840345	8840345	0.09	0.00	0	0.00	0.00	Y	0.09	2026-09-22
sweep-lr1e6_es0_ep2_h128_b144-8840345	8840345	0.09	0.00	0	0.00	0.00	Y	0.09	2026-09-22
sweep-lr2e4_es0_ep2_h128_b144-8840345	8840345	0.09	0.00	0	0.00	0.00	Y	0.09	2026-09-22
sweep-lr1e6_es01_ep2_h128_b144-8840345	8840345	0.09	0.00	0	0.00	0.00	Y	0.09	2026-09-22
sweep-lr1e6_es05_ep2_h128_b144-8840345	8840345	0.09	0.00	0	0.00	0.00	Y	0.09	2026-09-22
sweep-lr1e5_es10_ep2_h128_b144-8840345	8840345	0.09	0.00	0	0.00	0.00	Y	0.09	2026-09-22
sweep-lr1e5_es01_ep2_h128_b144-8840345	8840345	0.09	0.00	0	0.00	0.00	Y	0.09	2026-09-22
v2_r1-align-400m-1tile-8857948	8857948	0.08	0.05	3	0.00	0.00	Y	0.02	2026-09-30
v2_align-ft-a1-align-100k-400m-c7final-8866359	8866359	0.07	0.05	3	0.00	0.00	Y	0.02	2026-09-30
v2_align-ft-a1-align-100k-400m-c7final-8866356	8866356	0.07	0.05	3	0.00	0.00	Y	0.02	2026-09-30
v2_align-ft-a1-align-100k-400m-oodsel-8867776	8867776	0.07	0.05	3	0.00	0.00	Y	0.02	2026-09-30
v2_align-ft-a1-align-100k-400m-oodsel-8867779	8867779	0.07	0.05	3	0.00	0.00	Y	0.02	2026-09-30
v2_align-ft-a1-align-100k-400m-c7final-8866357	8866357	0.07	0.05	3	0.00	0.00	Y	0.02	2026-09-30
v2_align-ft-a1-align-100k-400m-oodsel-8867817	8867817	0.07	0.05	3	0.00	0.00	Y	0.02	2026-09-30
sweep-massb_hn4_seed0-8869110	8869110	0.07	0.05	3	0.00	0.00	Y	0.02	2026-09-30
sweep-massb_hn4_seed2-8869110	8869110	0.07	0.05	3	0.00	0.00	Y	0.02	2026-09-30
sweep-massb_hn4_seed1-8869110	8869110	0.07	0.05	3	0.00	0.00	Y	0.02	2026-09-30
sweep-lit_hn4_mse0_seed0-8866828	8866828	0.07	0.05	3	0.00	0.00	Y	0.02	2026-09-30
sweep-lit_hn4_mse0_seed2-8866828	8866828	0.07	0.05	3	0.00	0.00	Y	0.02	2026-09-30
sweep-lit_hn4_mse0_seed1-8866828	8866828	0.07	0.05	3	0.00	0.00	Y	0.02	2026-09-30
sweep-massb_seed1-8869110	8869110	0.07	0.05	3	0.00	0.00	Y	0.02	2026-09-30
sweep-massb_seed0-8869110	8869110	0.07	0.05	3	0.00	0.00	Y	0.02	2026-09-30
sweep-massb_seed2-8869110	8869110	0.07	0.05	3	0.00	0.00	Y	0.02	2026-09-30
v2_align-ft-a1-align-100k-400m-c1-8860290	8860290	0.07	0.05	3	0.00	0.00	Y	0.02	2026-09-30
v2_r1-align-050m-1tile-8857719	8857719	0.07	0.05	3	0.00	0.00	Y	0.02	2026-09-30
v2_align-contrastive-1tile-8840739	8840739	0.06	0.05	3	0.00	0.00	Y	0.02	2026-09-30
v2_align-50m-1tile-FULL-8840529	8840529	0.06	0.05	3	0.00	0.00	Y	0.02	2026-09-30
sweep-pool_seed1-8863044	8863044	0.06	0.05	3	0.00	0.00	Y	0.02	2026-09-30
sweep-pool_seed0-8863044	8863044	0.06	0.05	3	0.00	0.00	Y	0.02	2026-09-30
sweep-pool_seed2-8863044	8863044	0.06	0.05	3	0.00	0.00	Y	0.02	2026-09-30
v2_align-ft-a1-align-100k-050m-c7s600-8861292	8861292	0.06	0.05	3	0.00	0.00	Y	0.02	2026-09-30
v2_align-ft-a1-align-100k-050m-c7s600-8861093	8861093	0.06	0.05	3	0.00	0.00	Y	0.02	2026-09-30
v2_align-ft-a1-align-100k-050m-c7s600-8861309	8861309	0.06	0.05	3	0.00	0.00	Y	0.02	2026-09-30
sweep-lit_hn4_mse01_seed0-8865869	8865869	0.06	0.05	3	0.00	0.00	Y	0.02	2026-09-30
sweep-lit_hn4_mse0_seed1-8865869	8865869	0.06	0.05	3	0.00	0.00	Y	0.02	2026-09-30
sweep-lit_hn4_mse01_seed1-8865869	8865869	0.06	0.05	3	0.00	0.00	Y	0.02	2026-09-30
sweep-lit_hn4_mse01_seed2-8865869	8865869	0.06	0.05	3	0.00	0.00	Y	0.02	2026-09-30
sweep-lit_hn4_mse0_seed2-8865869	8865869	0.06	0.05	3	0.00	0.00	Y	0.02	2026-09-30
sweep-lit_hn4_mse0_seed0-8865869	8865869	0.06	0.05	3	0.00	0.00	Y	0.02	2026-09-30
sweep-lit_hn4_mse01_seed1-8864663	8864663	0.06	0.05	3	0.00	0.00	Y	0.02	2026-09-30
sweep-lit_hn4_mse0_seed1-8864663	8864663	0.06	0.05	3	0.00	0.00	Y	0.02	2026-09-30
sweep-lit_hn4_mse0_seed0-8864663	8864663	0.06	0.05	3	0.00	0.00	Y	0.02	2026-09-30
sweep-lit_hn4_mse0_seed2-8864663	8864663	0.06	0.05	3	0.00	0.00	Y	0.02	2026-09-30
sweep-lit_hn4_mse01_seed2-8864663	8864663	0.06	0.05	3	0.00	0.00	Y	0.02	2026-09-30
sweep-lit_hn4_mse01_seed0-8864663	8864663	0.06	0.05	3	0.00	0.00	Y	0.02	2026-09-30
sweep-lit_hn0_mse01_seed2-8864663	8864663	0.06	0.05	3	0.00	0.00	Y	0.02	2026-09-30
sweep-lit_hn0_mse01_seed1-8865869	8865869	0.06	0.05	3	0.00	0.00	Y	0.02	2026-09-30
sweep-lit_hn0_mse01_seed2-8865869	8865869	0.06	0.05	3	0.00	0.00	Y	0.02	2026-09-30
sweep-lit_hn0_mse0_seed2-8864663	8864663	0.06	0.05	3	0.00	0.00	Y	0.02	2026-09-30
sweep-lit_hn0_mse0_seed0-8864663	8864663	0.06	0.05	3	0.00	0.00	Y	0.02	2026-09-30
sweep-lit_hn0_mse01_seed0-8864663	8864663	0.06	0.05	3	0.00	0.00	Y	0.02	2026-09-30
sweep-lit_hn0_mse0_seed1-8865869	8865869	0.06	0.05	3	0.00	0.00	Y	0.02	2026-09-30
sweep-lit_hn0_mse0_seed2-8865869	8865869	0.06	0.05	3	0.00	0.00	Y	0.02	2026-09-30
sweep-lit_hn0_mse01_seed1-8864663	8864663	0.06	0.05	3	0.00	0.00	Y	0.02	2026-09-30
sweep-lit_hn0_mse0_seed0-8865869	8865869	0.06	0.05	3	0.00	0.00	Y	0.02	2026-09-30
sweep-lit_hn0_mse0_seed1-8864663	8864663	0.06	0.05	3	0.00	0.00	Y	0.02	2026-09-30
sweep-lit_hn0_mse01_seed0-8865869	8865869	0.06	0.05	3	0.00	0.00	Y	0.02	2026-09-30
sweep-attn_seed2-8863044	8863044	0.06	0.04	3	0.00	0.00	Y	0.01	2026-09-30
sweep-attn_seed0-8863044	8863044	0.06	0.04	3	0.00	0.00	Y	0.01	2026-09-30
sweep-attn_seed1-8863044	8863044	0.06	0.04	3	0.00	0.00	Y	0.01	2026-09-30
sweep-cls_seed2-8863044	8863044	0.06	0.04	3	0.00	0.00	Y	0.01	2026-09-30
sweep-cls_seed0-8863044	8863044	0.06	0.04	3	0.00	0.00	Y	0.01	2026-09-30
sweep-cls_seed1-8863044	8863044	0.06	0.04	3	0.00	0.00	Y	0.01	2026-09-30
v2_faultenv-baseline-8840587-8840587	8840587	0.01	0.00	0	0.00	0.00	Y	0.01	2026-09-20
.configs-dry	-	0.01	0.00	0	0.00	0.00	N	0.00	2026-09-30
sweep-s400m_ck540k_lr4e-4_p170k2_cons_seed1-8881848	8881848	0.01	0.00	0	0.00	0.00	N	0.00	2026-09-30
sweep-s400m_ck010k_lr4e-4_p170k2_cons_seed0-8884292	8884292	0.01	0.00	0	0.00	0.00	N	0.00	2026-10-01
sweep-s400m_ck010k_lr4e-4_p170k2_seed0-8880653	8880653	0.00	0.00	0	0.00	0.00	N	0.00	2026-09-30
sweep-s400m_ck430k_lr4e-4_p170k2_seed0-8880653	8880653	0.00	0.00	0	0.00	0.00	N	0.00	2026-09-30
sweep-s400m_ck120k_lr4e-4_p170k2_seed0-8880653	8880653	0.00	0.00	0	0.00	0.00	N	0.00	2026-09-30
sweep-s400m_ck181k_lr4e-4_p170k2_seed0-8880653	8880653	0.00	0.00	0	0.00	0.00	N	0.00	2026-09-30
sweep-s400m_ck255k_lr4e-4_p170k2_seed0-8880653	8880653	0.00	0.00	0	0.00	0.00	N	0.00	2026-09-30
sweep-s400m_ck540k_lr4e-4_p170k2_cons_seed0_asis-k168d-400m	-	0.00	0.00	0	0.00	0.00	N	0.00	2026-09-30
.configs-8840408	8840408	0.00	0.00	0	0.00	0.00	N	0.00	2026-09-19
.configs-8847444	8847444	0.00	0.00	0	0.00	0.00	N	0.00	2026-09-21
.configs-8840345	8840345	0.00	0.00	0	0.00	0.00	N	0.00	2026-09-19
.configs-8856643	8856643	0.00	0.00	0	0.00	0.00	N	0.00	2026-09-23
.configs-8857336	8857336	0.00	0.00	0	0.00	0.00	N	0.00	2026-09-23
.configs-8857594	8857594	0.00	0.00	0	0.00	0.00	N	0.00	2026-09-23
.configs-8857593	8857593	0.00	0.00	0	0.00	0.00	N	0.00	2026-09-23
.configs-8856460	8856460	0.00	0.00	0	0.00	0.00	N	0.00	2026-09-23
sweep-s400m_ck540k_lr4e-4_p170k2_seed1-8876832	8876832	0.00	0.00	0	0.00	0.00	N	0.00	2026-09-29
sweep-s400m_ck540k_lr4e-4_p128k2_seed2-8876832	8876832	0.00	0.00	0	0.00	0.00	N	0.00	2026-09-29
sweep-s400m_ck540k_lr8e-4_p128k2_seed2-8876832	8876832	0.00	0.00	0	0.00	0.00	N	0.00	2026-09-29
sweep-s400m_ck540k_lr2e-4_p128k2_seed1-8876832	8876832	0.00	0.00	0	0.00	0.00	N	0.00	2026-09-29
sweep-s400m_ck540k_lr4e-4_p128k2_seed1-8876832	8876832	0.00	0.00	0	0.00	0.00	N	0.00	2026-09-29
sweep-s400m_ck540k_lr4e-4_p170k2_seed0-8876832	8876832	0.00	0.00	0	0.00	0.00	N	0.00	2026-09-29
sweep-s400m_ck540k_lr2e-4_p128k2_seed0-8876832	8876832	0.00	0.00	0	0.00	0.00	N	0.00	2026-09-29
sweep-s400m_ck540k_lr8e-4_p128k2_seed0-8876832	8876832	0.00	0.00	0	0.00	0.00	N	0.00	2026-09-29
sweep-s400m_ck540k_lr4e-4_p170k2_seed2-8876832	8876832	0.00	0.00	0	0.00	0.00	N	0.00	2026-09-29
sweep-s400m_ck540k_lr8e-4_p128k2_seed1-8876832	8876832	0.00	0.00	0	0.00	0.00	N	0.00	2026-09-29
sweep-s400m_ck540k_lr4e-4_p128k2_seed0-8876832	8876832	0.00	0.00	0	0.00	0.00	N	0.00	2026-09-29
.configs-8847624	8847624	0.00	0.00	0	0.00	0.00	N	0.00	2026-09-21
.configs-8848820	8848820	0.00	0.00	0	0.00	0.00	N	0.00	2026-09-22
sweep-s400m_ck540k_lr2e-4_p128k2_seed2-8876832	8876832	0.00	0.00	0	0.00	0.00	N	0.00	2026-09-29
.configs-8884292	8884292	0.00	0.00	0	0.00	0.00	N	0.00	2026-10-01
.configs-8901080	8901080	0.00	0.00	0	0.00	0.00	N	0.00	2026-10-03
sweep-s025m_ck540k_lr2e-4_p128k2_seed2-8876833	8876833	0.00	0.00	0	0.00	0.00	N	0.00	2026-09-29
sweep-s025m_ck540k_lr2e-4_p128k2_seed0-8876833	8876833	0.00	0.00	0	0.00	0.00	N	0.00	2026-09-29
sweep-s025m_ck540k_lr2e-4_p128k2_seed1-8876833	8876833	0.00	0.00	0	0.00	0.00	N	0.00	2026-09-29
sweep-s025m_ck540k_lr4e-4_p170k2_seed0-8876833	8876833	0.00	0.00	0	0.00	0.00	N	0.00	2026-09-29
sweep-s025m_ck540k_lr8e-4_p128k2_seed0-8876833	8876833	0.00	0.00	0	0.00	0.00	N	0.00	2026-09-29
sweep-s025m_ck540k_lr4e-4_p170k2_seed1-8876833	8876833	0.00	0.00	0	0.00	0.00	N	0.00	2026-09-29
sweep-s025m_ck540k_lr4e-4_p128k2_seed2-8876833	8876833	0.00	0.00	0	0.00	0.00	N	0.00	2026-09-29
sweep-s025m_ck540k_lr4e-4_p128k2_seed1-8876833	8876833	0.00	0.00	0	0.00	0.00	N	0.00	2026-09-29
sweep-s025m_ck540k_lr8e-4_p128k2_seed2-8876833	8876833	0.00	0.00	0	0.00	0.00	N	0.00	2026-09-29
sweep-s025m_ck540k_lr4e-4_p170k2_seed2-8876833	8876833	0.00	0.00	0	0.00	0.00	N	0.00	2026-09-29
sweep-s025m_ck540k_lr8e-4_p128k2_seed1-8876833	8876833	0.00	0.00	0	0.00	0.00	N	0.00	2026-09-29
sweep-s025m_ck540k_lr4e-4_p128k2_seed0-8876833	8876833	0.00	0.00	0	0.00	0.00	N	0.00	2026-09-29
.configs-8880712	8880712	0.00	0.00	0	0.00	0.00	N	0.00	2026-09-30
.configs-8880653	8880653	0.00	0.00	0	0.00	0.00	N	0.00	2026-09-30
.configs-8872806	8872806	0.00	0.00	0	0.00	0.00	N	0.00	2026-09-26
.configs-8872678	8872678	0.00	0.00	0	0.00	0.00	N	0.00	2026-09-26
.configs-8872741	8872741	0.00	0.00	0	0.00	0.00	N	0.00	2026-09-26
.configs-8870686	8870686	0.00	0.00	0	0.00	0.00	N	0.00	2026-09-25
.configs-8870732	8870732	0.00	0.00	0	0.00	0.00	N	0.00	2026-09-25
.configs-8870949	8870949	0.00	0.00	0	0.00	0.00	N	0.00	2026-09-26
.configs-8878461	8878461	0.00	0.00	0	0.00	0.00	N	0.00	2026-09-29
.configs-8878459	8878459	0.00	0.00	0	0.00	0.00	N	0.00	2026-09-29
.configs-8878032	8878032	0.00	0.00	0	0.00	0.00	N	0.00	2026-09-29
.configs-8878464	8878464	0.00	0.00	0	0.00	0.00	N	0.00	2026-09-30
.configs-8876833	8876833	0.00	0.00	0	0.00	0.00	N	0.00	2026-09-29
.configs-8849088	8849088	0.00	0.00	0	0.00	0.00	N	0.00	2026-09-22
.configs-8847646	8847646	0.00	0.00	0	0.00	0.00	N	0.00	2026-09-21
.configs-8876832	8876832	0.00	0.00	0	0.00	0.00	N	0.00	2026-09-29
.configs-8856116	8856116	0.00	0.00	0	0.00	0.00	N	0.00	2026-09-22
.configs-8875261	8875261	0.00	0.00	0	0.00	0.00	N	0.00	2026-09-28
.configs-8875262	8875262	0.00	0.00	0	0.00	0.00	N	0.00	2026-09-28
.configs-8875194	8875194	0.00	0.00	0	0.00	0.00	N	0.00	2026-09-27
.configs-8860092	8860092	0.00	0.00	0	0.00	0.00	N	0.00	2026-09-23
.configs-8860093	8860093	0.00	0.00	0	0.00	0.00	N	0.00	2026-09-23
.configs-8859938	8859938	0.00	0.00	0	0.00	0.00	N	0.00	2026-09-23
.configs-8851663	8851663	0.00	0.00	0	0.00	0.00	N	0.00	2026-09-22
.configs-8859890	8859890	0.00	0.00	0	0.00	0.00	N	0.00	2026-09-23
.configs-8854761	8854761	0.00	0.00	0	0.00	0.00	N	0.00	2026-09-22
.configs-8853703	8853703	0.00	0.00	0	0.00	0.00	N	0.00	2026-09-22
.configs-8845057	8845057	0.00	0.00	0	0.00	0.00	N	0.00	2026-09-21
.configs-dry3	-	0.00	0.00	0	0.00	0.00	N	0.00	2026-09-30
.configs-8848049	8848049	0.00	0.00	0	0.00	0.00	N	0.00	2026-09-22
.configs-8856549	8856549	0.00	0.00	0	0.00	0.00	N	0.00	2026-09-23
.configs-8854760	8854760	0.00	0.00	0	0.00	0.00	N	0.00	2026-09-22
.configs-dry2	-	0.00	0.00	0	0.00	0.00	N	0.00	2026-09-30
.configs-8881848	8881848	0.00	0.00	0	0.00	0.00	N	0.00	2026-09-30
.configs-8881357	8881357	0.00	0.00	0	0.00	0.00	N	0.00	2026-09-30
.configs-8845871	8845871	0.00	0.00	0	0.00	0.00	N	0.00	2026-09-21
.configs-8853557	8853557	0.00	0.00	0	0.00	0.00	N	0.00	2026-09-22
.configs-8845262	8845262	0.00	0.00	0	0.00	0.00	N	0.00	2026-09-21
.configs-8882196	8882196	0.00	0.00	0	0.00	0.00	N	0.00	2026-10-01
.configs-8854412	8854412	0.00	0.00	0	0.00	0.00	N	0.00	2026-09-22
.configs-8848471	8848471	0.00	0.00	0	0.00	0.00	N	0.00	2026-09-22
.configs-8853558	8853558	0.00	0.00	0	0.00	0.00	N	0.00	2026-09-22
.configs-local	-	0.00	0.00	0	0.00	0.00	N	0.00	2026-09-30
k138	-	0.00	0.00	0	0.00	0.00	N	0.00	2026-09-29
.configs-8864171	8864171	0.00	0.00	0	0.00	0.00	N	0.00	2026-09-24
.configs-8862585	8862585	0.00	0.00	0	0.00	0.00	N	0.00	2026-09-24
.configs-8850494	8850494	0.00	0.00	0	0.00	0.00	N	0.00	2026-09-23
.configs-8860472	8860472	0.00	0.00	0	0.00	0.00	N	0.00	2026-09-24
.configs-8860442	8860442	0.00	0.00	0	0.00	0.00	N	0.00	2026-09-23
sweep-s050m_ck540k_lr4e-4_p170k2_seed2-8878032	8878032	0.00	0.00	0	0.00	0.00	N	0.00	2026-09-29
sweep-s050m_ck540k_lr4e-4_p170k2_seed0-8878032	8878032	0.00	0.00	0	0.00	0.00	N	0.00	2026-09-29
sweep-s050m_ck540k_lr4e-4_p170k2_seed1-8878032	8878032	0.00	0.00	0	0.00	0.00	N	0.00	2026-09-29
sweep-s050m_ck540k_cons_always_seed0-8878170	8878170	0.00	0.00	0	0.00	0.00	N	0.00	2026-09-29
sweep-s050m_ck540k_cons_w3_seed0-8878170	8878170	0.00	0.00	0	0.00	0.00	N	0.00	2026-09-29
.configs-8841345	8841345	0.00	0.00	0	0.00	0.00	N	0.00	2026-09-20
.configs-8878582	8878582	0.00	0.00	0	0.00	0.00	N	0.00	2026-09-29
.configs-8848874	8848874	0.00	0.00	0	0.00	0.00	N	0.00	2026-09-22
.configs-8842147	8842147	0.00	0.00	0	0.00	0.00	N	0.00	2026-09-20
.configs-8878405	8878405	0.00	0.00	0	0.00	0.00	N	0.00	2026-09-29
.configs-8841992	8841992	0.00	0.00	0	0.00	0.00	N	0.00	2026-09-20
.configs-8842154	8842154	0.00	0.00	0	0.00	0.00	N	0.00	2026-09-20
.configs-8848555	8848555	0.00	0.00	0	0.00	0.00	N	0.00	2026-09-22
.configs-8878170	8878170	0.00	0.00	0	0.00	0.00	N	0.00	2026-09-29
.configs-8846565	8846565	0.00	0.00	0	0.00	0.00	N	0.00	2026-09-21
.configs-8856558	8856558	0.00	0.00	0	0.00	0.00	N	0.00	2026-09-23
.configs-8856525	8856525	0.00	0.00	0	0.00	0.00	N	0.00	2026-09-23
.configs-8842232	8842232	0.00	0.00	0	0.00	0.00	N	0.00	2026-09-20
.configs-8841984	8841984	0.00	0.00	0	0.00	0.00	N	0.00	2026-09-20
.configs-8848420	8848420	0.00	0.00	0	0.00	0.00	N	0.00	2026-09-22
.configs-8840665	8840665	0.00	0.00	0	0.00	0.00	N	0.00	2026-09-20
.configs-8878345	8878345	0.00	0.00	0	0.00	0.00	N	0.00	2026-09-29
.configs-8845252	8845252	0.00	0.00	0	0.00	0.00	N	0.00	2026-09-21
.configs-8840715	8840715	0.00	0.00	0	0.00	0.00	N	0.00	2026-09-20
.configs-8856115	8856115	0.00	0.00	0	0.00	0.00	N	0.00	2026-09-22
.configs-8848463	8848463	0.00	0.00	0	0.00	0.00	N	0.00	2026-09-22
.configs-8842288	8842288	0.00	0.00	0	0.00	0.00	N	0.00	2026-09-20
.configs-8847663	8847663	0.00	0.00	0	0.00	0.00	N	0.00	2026-09-22
.configs-8856159	8856159	0.00	0.00	0	0.00	0.00	N	0.00	2026-09-22
.configs-8846008	8846008	0.00	0.00	0	0.00	0.00	N	0.00	2026-09-21
.configs-8840693	8840693	0.00	0.00	0	0.00	0.00	N	0.00	2026-09-20
.configs-8847146	8847146	0.00	0.00	0	0.00	0.00	N	0.00	2026-09-22
.configs-8872141	8872141	0.00	0.00	0	0.00	0.00	N	0.00	2026-09-26
.configs-8872074	8872074	0.00	0.00	0	0.00	0.00	N	0.00	2026-09-26
.configs-8845548	8845548	0.00	0.00	0	0.00	0.00	N	0.00	2026-09-21
.configs-8865869	8865869	0.00	0.00	0	0.00	0.00	N	0.00	2026-09-25
sweep-s400m_ck540k_lr4e-4_p170k2_cons_seed0_asis-k168a-400m	-	0.00	0.00	0	0.00	0.00	N	0.00	2026-09-30
.configs-8845623	8845623	0.00	0.00	0	0.00	0.00	N	0.00	2026-09-21
.configs-8873825	8873825	0.00	0.00	0	0.00	0.00	N	0.00	2026-09-27
.configs-8873824	8873824	0.00	0.00	0	0.00	0.00	N	0.00	2026-09-27
.configs-8864663	8864663	0.00	0.00	0	0.00	0.00	N	0.00	2026-09-24
sweep-s400m_ck540k_lr4e-4_p170k2_cons_seed0_notrim-k168a-400m	-	0.00	0.00	0	0.00	0.00	N	0.00	2026-09-30
sweep-s400m_ck540k_lr4e-4_p170k2_cons_seed0-8881848	8881848	0.00	0.00	0	0.00	0.00	N	0.00	2026-09-30
sweep-s400m_ck540k_lr4e-4_p170k2_cons_seed0-8881357	8881357	0.00	0.00	0	0.00	0.00	N	0.00	2026-09-30
.configs-8864759	8864759	0.00	0.00	0	0.00	0.00	N	0.00	2026-09-25
.configs-8864458	8864458	0.00	0.00	0	0.00	0.00	N	0.00	2026-09-24
.configs-8863044	8863044	0.00	0.00	0	0.00	0.00	N	0.00	2026-09-24
.configs-8859995	8859995	0.00	0.00	0	0.00	0.00	N	0.00	2026-09-23
.configs-8873850	8873850	0.00	0.00	0	0.00	0.00	N	0.00	2026-09-27
.configs-8873065	8873065	0.00	0.00	0	0.00	0.00	N	0.00	2026-09-27
.configs-8873849	8873849	0.00	0.00	0	0.00	0.00	N	0.00	2026-09-27
.configs-8873159	8873159	0.00	0.00	0	0.00	0.00	N	0.00	2026-09-27
sweep-s050m_ck540k_cons_always_seed0-8878345	8878345	0.00	0.00	0	0.00	0.00	N	0.00	2026-09-29
sweep-s050m_ck540k_cons_w3_seed0-8878345	8878345	0.00	0.00	0	0.00	0.00	N	0.00	2026-09-29
.configs-8846027	8846027	0.00	0.00	0	0.00	0.00	N	0.00	2026-09-21
.configs-8860522	8860522	0.00	0.00	0	0.00	0.00	N	0.00	2026-09-24
.configs-8847552	8847552	0.00	0.00	0	0.00	0.00	N	0.00	2026-09-21
.configs-8861571	8861571	0.00	0.00	0	0.00	0.00	N	0.00	2026-09-24
.configs-8844111	8844111	0.00	0.00	0	0.00	0.00	N	0.00	2026-09-21
.configs-8860469	8860469	0.00	0.00	0	0.00	0.00	N	0.00	2026-09-24
.configs-8861517	8861517	0.00	0.00	0	0.00	0.00	N	0.00	2026-09-24
.configs-8847610	8847610	0.00	0.00	0	0.00	0.00	N	0.00	2026-09-21
.configs-8844153	8844153	0.00	0.00	0	0.00	0.00	N	0.00	2026-09-21
.configs-8873427	8873427	0.00	0.00	0	0.00	0.00	N	0.00	2026-09-27
.configs-8873562	8873562	0.00	0.00	0	0.00	0.00	N	0.00	2026-09-27
.configs-8869110	8869110	0.00	0.00	0	0.00	0.00	N	0.00	2026-09-25
.configs-8873563	8873563	0.00	0.00	0	0.00	0.00	N	0.00	2026-09-27
.configs-8841165	8841165	0.00	0.00	0	0.00	0.00	N	0.00	2026-09-20
sibling	-	0.00	0.00	0	0.00	0.00	N	0.00	2026-09-21
.configs-8840792	8840792	0.00	0.00	0	0.00	0.00	N	0.00	2026-09-20
.configs-8860566	8860566	0.00	0.00	0	0.00	0.00	N	0.00	2026-09-24
.configs-8860587	8860587	0.00	0.00	0	0.00	0.00	N	0.00	2026-09-24
.configs-8842231	8842231	0.00	0.00	0	0.00	0.00	N	0.00	2026-09-20
.configs-8842121	8842121	0.00	0.00	0	0.00	0.00	N	0.00	2026-09-20
.configs-8842087	8842087	0.00	0.00	0	0.00	0.00	N	0.00	2026-09-20
.configs-8843262	8843262	0.00	0.00	0	0.00	0.00	N	0.00	2026-09-20
.configs-8843261	8843261	0.00	0.00	0	0.00	0.00	N	0.00	2026-09-20
.configs-8843838	8843838	0.00	0.00	0	0.00	0.00	N	0.00	2026-09-20
.configs-8842351	8842351	0.00	0.00	0	0.00	0.00	N	0.00	2026-09-20
.configs-8842153	8842153	0.00	0.00	0	0.00	0.00	N	0.00	2026-09-20
.configs-8860538	8860538	0.00	0.00	0	0.00	0.00	N	0.00	2026-09-24
.configs-8841066	8841066	0.00	0.00	0	0.00	0.00	N	0.00	2026-09-20
.configs-k168d-400m	-	0.00	0.00	0	0.00	0.00	N	0.00	2026-09-30
.configs-8866828	8866828	0.00	0.00	0	0.00	0.00	N	0.00	2026-09-25
.configs-8845233	8845233	0.00	0.00	0	0.00	0.00	N	0.00	2026-09-21
.configs-k168a-400m	-	0.00	0.00	0	0.00	0.00	N	0.00	2026-09-30
allocfix	-	0.00	0.00	0	0.00	0.00	N	0.00	2026-09-21
.configs-8867349	8867349	0.00	0.00	0	0.00	0.00	N	0.00	2026-09-25
.configs-8868879	8868879	0.00	0.00	0	0.00	0.00	N	0.00	2026-09-25
.configs-8871441	8871441	0.00	0.00	0	0.00	0.00	N	0.00	2026-09-26
.configs-8869387	8869387	0.00	0.00	0	0.00	0.00	N	0.00	2026-09-25
ddptest-21277-no_ddp_backend.log	-	0.00	0.00	0	0.00	0.00	N	0.00	2026-09-21
ddptest-22148-as-is_xccl.log	-	0.00	0.00	0	0.00	0.00	N	0.00	2026-09-21
.hostfile-8869387-6	-	0.00	0.00	0	0.00	0.00	N	0.00	2026-09-25
.hostfile-8840408-0	-	0.00	0.00	0	0.00	0.00	N	0.00	2026-09-19
.hostfile-8880712-5	-	0.00	0.00	0	0.00	0.00	N	0.00	2026-09-30
.hostfile-8880712-30	-	0.00	0.00	0	0.00	0.00	N	0.00	2026-09-30
.hostfile-8845233-1	-	0.00	0.00	0	0.00	0.00	N	0.00	2026-09-21
.hostfile-8842121-0	-	0.00	0.00	0	0.00	0.00	N	0.00	2026-09-20
.hostfile-8856460-52	-	0.00	0.00	0	0.00	0.00	N	0.00	2026-09-23
.hostfile-8876832-9	-	0.00	0.00	0	0.00	0.00	N	0.00	2026-09-29
.hostfile-8881848-4	-	0.00	0.00	0	0.00	0.00	N	0.00	2026-09-30
.hostfile-8880653-3	-	0.00	0.00	0	0.00	0.00	N	0.00	2026-09-30
.hostfile-8901080-0	-	0.00	0.00	0	0.00	0.00	N	0.00	2026-10-03
.hostfile-8840408-4	-	0.00	0.00	0	0.00	0.00	N	0.00	2026-09-19
.hostfile-8872678-11	-	0.00	0.00	0	0.00	0.00	N	0.00	2026-09-26
.hostfile-validate-8856606.aurora-pbs-0001.hostmgmt.cm.aurora.alcf.anl.gov	-	0.00	0.00	0	0.00	0.00	N	0.00	2026-09-23
.hostfile-8846565-2	-	0.00	0.00	0	0.00	0.00	N	0.00	2026-09-21
.hostfile-8880712-34	-	0.00	0.00	0	0.00	0.00	N	0.00	2026-09-30
.hostfile-8880712-44	-	0.00	0.00	0	0.00	0.00	N	0.00	2026-09-30
.hostfile-8878345-3	-	0.00	0.00	0	0.00	0.00	N	0.00	2026-09-29
.hostfile-k168d-400m-5	-	0.00	0.00	0	0.00	0.00	N	0.00	2026-09-30
.hostfile-8878032-5	-	0.00	0.00	0	0.00	0.00	N	0.00	2026-09-29
.hostfile-8856460-102	-	0.00	0.00	0	0.00	0.00	N	0.00	2026-09-23
.hostfile-8869387-3	-	0.00	0.00	0	0.00	0.00	N	0.00	2026-09-25
.hostfile-8880653-18	-	0.00	0.00	0	0.00	0.00	N	0.00	2026-09-30
.hostfile-8901080-22	-	0.00	0.00	0	0.00	0.00	N	0.00	2026-10-03
.hostfile-8853557-2	-	0.00	0.00	0	0.00	0.00	N	0.00	2026-09-22
.hostfile-backfill-8842917.aurora-pbs-0001.hostmgmt.cm.aurora.alcf.anl.gov	-	0.00	0.00	0	0.00	0.00	N	0.00	2026-09-20
.hostfile-8856460-66	-	0.00	0.00	0	0.00	0.00	N	0.00	2026-09-23
.hostfile-8856460-45	-	0.00	0.00	0	0.00	0.00	N	0.00	2026-09-23
.failed-8842153	8842153	0.00	0.00	0	0.00	0.00	N	0.00	2026-09-20
.hostfile-8878345-10	-	0.00	0.00	0	0.00	0.00	N	0.00	2026-09-29
.hostfile-8856460-56	-	0.00	0.00	0	0.00	0.00	N	0.00	2026-09-23
.hostfile-8856460-63	-	0.00	0.00	0	0.00	0.00	N	0.00	2026-09-23
.hostfile-8856460-12	-	0.00	0.00	0	0.00	0.00	N	0.00	2026-09-23
.hostfile-8842153-7	-	0.00	0.00	0	0.00	0.00	N	0.00	2026-09-20
.hostfile-8870732-11	-	0.00	0.00	0	0.00	0.00	N	0.00	2026-09-25
.hostfile-8901080-39	-	0.00	0.00	0	0.00	0.00	N	0.00	2026-10-03
.hostfile-8873427-4	-	0.00	0.00	0	0.00	0.00	N	0.00	2026-09-27
.hostfile-8856460-6	-	0.00	0.00	0	0.00	0.00	N	0.00	2026-09-23
.hostfile-8880653-14	-	0.00	0.00	0	0.00	0.00	N	0.00	2026-09-30
.hostfile-8856460-24	-	0.00	0.00	0	0.00	0.00	N	0.00	2026-09-23
.hostfile-8853703-23	-	0.00	0.00	0	0.00	0.00	N	0.00	2026-09-22
.hostfile-8880712-4	-	0.00	0.00	0	0.00	0.00	N	0.00	2026-09-30
.hostfile-8878345-7	-	0.00	0.00	0	0.00	0.00	N	0.00	2026-09-29
.hostfile-8846027-45	-	0.00	0.00	0	0.00	0.00	N	0.00	2026-09-21
.hostfile-8860472-8	-	0.00	0.00	0	0.00	0.00	N	0.00	2026-09-24
.hostfile-8856460-0	-	0.00	0.00	0	0.00	0.00	N	0.00	2026-09-23
.failed-8853557	8853557	0.00	0.00	0	0.00	0.00	N	0.00	2026-09-22
.hostfile-8845548-2	-	0.00	0.00	0	0.00	0.00	N	0.00	2026-09-21
.hostfile-8880712-13	-	0.00	0.00	0	0.00	0.00	N	0.00	2026-09-30
.hostfile-8869387-10	-	0.00	0.00	0	0.00	0.00	N	0.00	2026-09-25
.hostfile-8853703-34	-	0.00	0.00	0	0.00	0.00	N	0.00	2026-09-22
.hostfile-validate-8847785.aurora-pbs-0001.hostmgmt.cm.aurora.alcf.anl.gov	-	0.00	0.00	0	0.00	0.00	N	0.00	2026-09-22
.hostfile-8845057-4	-	0.00	0.00	0	0.00	0.00	N	0.00	2026-09-21
.hostfile-8901080-13	-	0.00	0.00	0	0.00	0.00	N	0.00	2026-10-03
.hostfile-k168a-400m-0	-	0.00	0.00	0	0.00	0.00	N	0.00	2026-09-30
.hostfile-8881357-6	-	0.00	0.00	0	0.00	0.00	N	0.00	2026-09-30
.hostfile-8870732-8	-	0.00	0.00	0	0.00	0.00	N	0.00	2026-09-25
.hostfile-8846027-17	-	0.00	0.00	0	0.00	0.00	N	0.00	2026-09-21
.hostfile-8840408-10	-	0.00	0.00	0	0.00	0.00	N	0.00	2026-09-19
.hostfile-8845252-8	-	0.00	0.00	0	0.00	0.00	N	0.00	2026-09-21
.hostfile-8856460-86	-	0.00	0.00	0	0.00	0.00	N	0.00	2026-09-23
.hostfile-8853703-9	-	0.00	0.00	0	0.00	0.00	N	0.00	2026-09-22
.hostfile-8856460-82	-	0.00	0.00	0	0.00	0.00	N	0.00	2026-09-23
.hostfile-8853703-14	-	0.00	0.00	0	0.00	0.00	N	0.00	2026-09-22
.hostfile-8860472-2	-	0.00	0.00	0	0.00	0.00	N	0.00	2026-09-24
.hostfile-8870732-9	-	0.00	0.00	0	0.00	0.00	N	0.00	2026-09-25
.hostfile-8853558-0	-	0.00	0.00	0	0.00	0.00	N	0.00	2026-09-22
.hostfile-8845057-8	-	0.00	0.00	0	0.00	0.00	N	0.00	2026-09-21
.hostfile-8853557-16	-	0.00	0.00	0	0.00	0.00	N	0.00	2026-09-22
armcount-driver.log	-	0.00	0.00	0	0.00	0.00	N	0.00	2026-09-21
.hostfile-8869387-0	-	0.00	0.00	0	0.00	0.00	N	0.00	2026-09-25
.hostfile-8884292-2	-	0.00	0.00	0	0.00	0.00	N	0.00	2026-10-01
.hostfile-8856460-44	-	0.00	0.00	0	0.00	0.00	N	0.00	2026-09-23
.hostfile-8842153-10	-	0.00	0.00	0	0.00	0.00	N	0.00	2026-09-20
.hostfile-8878170-2	-	0.00	0.00	0	0.00	0.00	N	0.00	2026-09-29
.hostfile-8846027-60	-	0.00	0.00	0	0.00	0.00	N	0.00	2026-09-21
.hostfile-8878345-4	-	0.00	0.00	0	0.00	0.00	N	0.00	2026-09-29
.hostfile-8878170-0	-	0.00	0.00	0	0.00	0.00	N	0.00	2026-09-29
.hostfile-8901080-24	-	0.00	0.00	0	0.00	0.00	N	0.00	2026-10-03
.hostfile-8845057-20	-	0.00	0.00	0	0.00	0.00	N	0.00	2026-09-21
.hostfile-8880712-28	-	0.00	0.00	0	0.00	0.00	N	0.00	2026-09-30
.hostfile-8860472-5	-	0.00	0.00	0	0.00	0.00	N	0.00	2026-09-24
.hostfile-8846027-70	-	0.00	0.00	0	0.00	0.00	N	0.00	2026-09-21
.hostfile-8853558-12	-	0.00	0.00	0	0.00	0.00	N	0.00	2026-09-22
.hostfile-validate-8848809.aurora-pbs-0001.hostmgmt.cm.aurora.alcf.anl.gov	-	0.00	0.00	0	0.00	0.00	N	0.00	2026-09-22
.hostfile-8853557-0	-	0.00	0.00	0	0.00	0.00	N	0.00	2026-09-22
.hostfile-8846027-11	-	0.00	0.00	0	0.00	0.00	N	0.00	2026-09-21
.failed-8881357	8881357	0.00	0.00	0	0.00	0.00	N	0.00	2026-09-30
.hostfile-8856460-100	-	0.00	0.00	0	0.00	0.00	N	0.00	2026-09-23
.hostfile-validate-8848050.aurora-pbs-0001.hostmgmt.cm.aurora.alcf.anl.gov	-	0.00	0.00	0	0.00	0.00	N	0.00	2026-09-22
.hostfile-8847444-11	-	0.00	0.00	0	0.00	0.00	N	0.00	2026-09-21
armcount12-driver.log	-	0.00	0.00	0	0.00	0.00	N	0.00	2026-09-21
.hostfile-8876832-10	-	0.00	0.00	0	0.00	0.00	N	0.00	2026-09-29
.hostfile-8856460-59	-	0.00	0.00	0	0.00	0.00	N	0.00	2026-09-23
.hostfile-8880712-16	-	0.00	0.00	0	0.00	0.00	N	0.00	2026-09-30
.hostfile-8901080-6	-	0.00	0.00	0	0.00	0.00	N	0.00	2026-10-03
.hostfile-8869387-11	-	0.00	0.00	0	0.00	0.00	N	0.00	2026-09-25
.hostfile-8881848-8	-	0.00	0.00	0	0.00	0.00	N	0.00	2026-09-30
.hostfile-8848420-8	-	0.00	0.00	0	0.00	0.00	N	0.00	2026-09-22
.hostfile-8856525-2	-	0.00	0.00	0	0.00	0.00	N	0.00	2026-09-23
.hostfile-8872678-1	-	0.00	0.00	0	0.00	0.00	N	0.00	2026-09-26
.hostfile-8853703-28	-	0.00	0.00	0	0.00	0.00	N	0.00	2026-09-22
.hostfile-8856460-10	-	0.00	0.00	0	0.00	0.00	N	0.00	2026-09-23
.hostfile-8872678-7	-	0.00	0.00	0	0.00	0.00	N	0.00	2026-09-26
.hostfile-8901080-14	-	0.00	0.00	0	0.00	0.00	N	0.00	2026-10-03
.hostfile-8860472-7	-	0.00	0.00	0	0.00	0.00	N	0.00	2026-09-24
.hostfile-8880712-36	-	0.00	0.00	0	0.00	0.00	N	0.00	2026-09-30
.hostfile-8860472-3	-	0.00	0.00	0	0.00	0.00	N	0.00	2026-09-24
.hostfile-8853703-20	-	0.00	0.00	0	0.00	0.00	N	0.00	2026-09-22
.hostfile-8846027-22	-	0.00	0.00	0	0.00	0.00	N	0.00	2026-09-21
.hostfile-8846027-10	-	0.00	0.00	0	0.00	0.00	N	0.00	2026-09-21
.hostfile-8880712-25	-	0.00	0.00	0	0.00	0.00	N	0.00	2026-09-30
.hostfile-8878170-9	-	0.00	0.00	0	0.00	0.00	N	0.00	2026-09-29
.hostfile-8880712-11	-	0.00	0.00	0	0.00	0.00	N	0.00	2026-09-30
.hostfile-8856525-3	-	0.00	0.00	0	0.00	0.00	N	0.00	2026-09-23
allocfix2-driver.log	-	0.00	0.00	0	0.00	0.00	N	0.00	2026-09-21
.hostfile-8870686-0	-	0.00	0.00	0	0.00	0.00	N	0.00	2026-09-25
.hostfile-8880712-46	-	0.00	0.00	0	0.00	0.00	N	0.00	2026-09-30
.hostfile-8880653-16	-	0.00	0.00	0	0.00	0.00	N	0.00	2026-09-30
.hostfile-8873427-3	-	0.00	0.00	0	0.00	0.00	N	0.00	2026-09-27
.hostfile-8846027-66	-	0.00	0.00	0	0.00	0.00	N	0.00	2026-09-21
.hostfile-8853703-15	-	0.00	0.00	0	0.00	0.00	N	0.00	2026-09-22
.hostfile-8853558-1	-	0.00	0.00	0	0.00	0.00	N	0.00	2026-09-22
.hostfile-8872678-5	-	0.00	0.00	0	0.00	0.00	N	0.00	2026-09-26
.hostfile-8847552-2	-	0.00	0.00	0	0.00	0.00	N	0.00	2026-09-21
.hostfile-8840408-12	-	0.00	0.00	0	0.00	0.00	N	0.00	2026-09-19
.hostfile-8901080-15	-	0.00	0.00	0	0.00	0.00	N	0.00	2026-10-03
.hostfile-8842121-1	-	0.00	0.00	0	0.00	0.00	N	0.00	2026-09-20
.hostfile-validate-8857561.aurora-pbs-0001.hostmgmt.cm.aurora.alcf.anl.gov	-	0.00	0.00	0	0.00	0.00	N	0.00	2026-09-23
.hostfile-8856460-91	-	0.00	0.00	0	0.00	0.00	N	0.00	2026-09-23
.hostfile-8847663-9	-	0.00	0.00	0	0.00	0.00	N	0.00	2026-09-22
.hostfile-8856460-104	-	0.00	0.00	0	0.00	0.00	N	0.00	2026-09-23
.hostfile-8878170-1	-	0.00	0.00	0	0.00	0.00	N	0.00	2026-09-29
.hostfile-8870732-7	-	0.00	0.00	0	0.00	0.00	N	0.00	2026-09-25
.hostfile-8856460-17	-	0.00	0.00	0	0.00	0.00	N	0.00	2026-09-23
.hostfile-8853703-19	-	0.00	0.00	0	0.00	0.00	N	0.00	2026-09-22
ddptest-21277-fp32_no_bf16.log	-	0.00	0.00	0	0.00	0.00	N	0.00	2026-09-21
.hostfile-8848420-0	-	0.00	0.00	0	0.00	0.00	N	0.00	2026-09-22
.hostfile-k168d-400m-8	-	0.00	0.00	0	0.00	0.00	N	0.00	2026-09-30
.hostfile-8876833-6	-	0.00	0.00	0	0.00	0.00	N	0.00	2026-09-29
.hostfile-8853703-2	-	0.00	0.00	0	0.00	0.00	N	0.00	2026-09-22
.hostfile-validate-8842265.aurora-pbs-0001.hostmgmt.cm.aurora.alcf.anl.gov	-	0.00	0.00	0	0.00	0.00	N	0.00	2026-09-20
.hostfile-8873427-1	-	0.00	0.00	0	0.00	0.00	N	0.00	2026-09-27
ddp2-driver.log	-	0.00	0.00	0	0.00	0.00	N	0.00	2026-09-21
.hostfile-8853557-18	-	0.00	0.00	0	0.00	0.00	N	0.00	2026-09-22
.failed-8856525	8856525	0.00	0.00	0	0.00	0.00	N	0.00	2026-09-23
.hostfile-8856460-72	-	0.00	0.00	0	0.00	0.00	N	0.00	2026-09-23
.hostfile-8853703-30	-	0.00	0.00	0	0.00	0.00	N	0.00	2026-09-22
.hostfile-8884292-10	-	0.00	0.00	0	0.00	0.00	N	0.00	2026-10-01
.hostfile-8846027-62	-	0.00	0.00	0	0.00	0.00	N	0.00	2026-09-21
.hostfile-8873427-10	-	0.00	0.00	0	0.00	0.00	N	0.00	2026-09-27
.hostfile-8853703-32	-	0.00	0.00	0	0.00	0.00	N	0.00	2026-09-22
.hostfile-8881357-5	-	0.00	0.00	0	0.00	0.00	N	0.00	2026-09-30
.hostfile-8881848-7	-	0.00	0.00	0	0.00	0.00	N	0.00	2026-09-30
.hostfile-8881848-1	-	0.00	0.00	0	0.00	0.00	N	0.00	2026-09-30
.hostfile-8853558-17	-	0.00	0.00	0	0.00	0.00	N	0.00	2026-09-22
.hostfile-8840693-11	-	0.00	0.00	0	0.00	0.00	N	0.00	2026-09-20
.hostfile-8847663-7	-	0.00	0.00	0	0.00	0.00	N	0.00	2026-09-22
.hostfile-validate-8856535.aurora-pbs-0001.hostmgmt.cm.aurora.alcf.anl.gov	-	0.00	0.00	0	0.00	0.00	N	0.00	2026-09-23
.hostfile-8856460-23	-	0.00	0.00	0	0.00	0.00	N	0.00	2026-09-23
.hostfile-8853558-22	-	0.00	0.00	0	0.00	0.00	N	0.00	2026-09-22
.hostfile-8870732-6	-	0.00	0.00	0	0.00	0.00	N	0.00	2026-09-25
.hostfile-k168d-400m-9	-	0.00	0.00	0	0.00	0.00	N	0.00	2026-09-30
.hostfile-8880712-43	-	0.00	0.00	0	0.00	0.00	N	0.00	2026-09-30
.hostfile-8842154-6	-	0.00	0.00	0	0.00	0.00	N	0.00	2026-09-20
.hostfile-8853703-21	-	0.00	0.00	0	0.00	0.00	N	0.00	2026-09-22
.hostfile-8846027-27	-	0.00	0.00	0	0.00	0.00	N	0.00	2026-09-21
.failed-8847552	8847552	0.00	0.00	0	0.00	0.00	N	0.00	2026-09-21
.hostfile-8880653-12	-	0.00	0.00	0	0.00	0.00	N	0.00	2026-09-30
.hostfile-8856460-99	-	0.00	0.00	0	0.00	0.00	N	0.00	2026-09-23
.hostfile-8880653-17	-	0.00	0.00	0	0.00	0.00	N	0.00	2026-09-30
.hostfile-8901080-12	-	0.00	0.00	0	0.00	0.00	N	0.00	2026-10-03
.hostfile-8878032-10	-	0.00	0.00	0	0.00	0.00	N	0.00	2026-09-29
.hostfile-8840693-7	-	0.00	0.00	0	0.00	0.00	N	0.00	2026-09-20
.hostfile-8847552-4	-	0.00	0.00	0	0.00	0.00	N	0.00	2026-09-21
.hostfile-8872678-2	-	0.00	0.00	0	0.00	0.00	N	0.00	2026-09-26
.hostfile-8847552-3	-	0.00	0.00	0	0.00	0.00	N	0.00	2026-09-21
.hostfile-8856460-34	-	0.00	0.00	0	0.00	0.00	N	0.00	2026-09-23
.hostfile-8853703-29	-	0.00	0.00	0	0.00	0.00	N	0.00	2026-09-22
.hostfile-8845057-22	-	0.00	0.00	0	0.00	0.00	N	0.00	2026-09-21
.hostfile-8847444-5	-	0.00	0.00	0	0.00	0.00	N	0.00	2026-09-21
.hostfile-8880653-4	-	0.00	0.00	0	0.00	0.00	N	0.00	2026-09-30
.hostfile-8878032-1	-	0.00	0.00	0	0.00	0.00	N	0.00	2026-09-29
.hostfile-8856460-9	-	0.00	0.00	0	0.00	0.00	N	0.00	2026-09-23
.hostfile-8880653-22	-	0.00	0.00	0	0.00	0.00	N	0.00	2026-09-30
.hostfile-8878032-0	-	0.00	0.00	0	0.00	0.00	N	0.00	2026-09-29
.hostfile-8846027-58	-	0.00	0.00	0	0.00	0.00	N	0.00	2026-09-21
.hostfile-8842154-0	-	0.00	0.00	0	0.00	0.00	N	0.00	2026-09-20
.hostfile-8878170-10	-	0.00	0.00	0	0.00	0.00	N	0.00	2026-09-29
.hostfile-8870686-2	-	0.00	0.00	0	0.00	0.00	N	0.00	2026-09-25
.hostfile-8878345-9	-	0.00	0.00	0	0.00	0.00	N	0.00	2026-09-29
.hostfile-8842121-9	-	0.00	0.00	0	0.00	0.00	N	0.00	2026-09-20
.hostfile-k168a-400m-3	-	0.00	0.00	0	0.00	0.00	N	0.00	2026-09-30
.hostfile-8856460-25	-	0.00	0.00	0	0.00	0.00	N	0.00	2026-09-23
.hostfile-8853703-27	-	0.00	0.00	0	0.00	0.00	N	0.00	2026-09-22
.hostfile-8856460-48	-	0.00	0.00	0	0.00	0.00	N	0.00	2026-09-23
.hostfile-8845233-0	-	0.00	0.00	0	0.00	0.00	N	0.00	2026-09-21
.hostfile-8881357-0	-	0.00	0.00	0	0.00	0.00	N	0.00	2026-09-30
.hostfile-8878345-8	-	0.00	0.00	0	0.00	0.00	N	0.00	2026-09-29
.failed-8853558	8853558	0.00	0.00	0	0.00	0.00	N	0.00	2026-09-22
.hostfile-8856460-96	-	0.00	0.00	0	0.00	0.00	N	0.00	2026-09-23
.hostfile-validate-8842180.aurora-pbs-0001.hostmgmt.cm.aurora.alcf.anl.gov	-	0.00	0.00	0	0.00	0.00	N	0.00	2026-09-20
.hostfile-8856460-26	-	0.00	0.00	0	0.00	0.00	N	0.00	2026-09-23
.failed-8878345	8878345	0.00	0.00	0	0.00	0.00	N	0.00	2026-09-29
.hostfile-8856460-28	-	0.00	0.00	0	0.00	0.00	N	0.00	2026-09-23
.hostfile-k168d-400m-7	-	0.00	0.00	0	0.00	0.00	N	0.00	2026-09-30
.hostfile-8846027-1	-	0.00	0.00	0	0.00	0.00	N	0.00	2026-09-21
.hostfile-8845252-4	-	0.00	0.00	0	0.00	0.00	N	0.00	2026-09-21
.hostfile-8870686-8	-	0.00	0.00	0	0.00	0.00	N	0.00	2026-09-25
.hostfile-8846027-9	-	0.00	0.00	0	0.00	0.00	N	0.00	2026-09-21
.hostfile-8853703-22	-	0.00	0.00	0	0.00	0.00	N	0.00	2026-09-22
.hostfile-8847552-5	-	0.00	0.00	0	0.00	0.00	N	0.00	2026-09-21
.hostfile-8853558-11	-	0.00	0.00	0	0.00	0.00	N	0.00	2026-09-22
.hostfile-8856460-27	-	0.00	0.00	0	0.00	0.00	N	0.00	2026-09-23
.hostfile-8856460-78	-	0.00	0.00	0	0.00	0.00	N	0.00	2026-09-23
.hostfile-8853703-25	-	0.00	0.00	0	0.00	0.00	N	0.00	2026-09-22
.hostfile-8853703-24	-	0.00	0.00	0	0.00	0.00	N	0.00	2026-09-22
.hostfile-8876833-2	-	0.00	0.00	0	0.00	0.00	N	0.00	2026-09-29
.hostfile-8880712-17	-	0.00	0.00	0	0.00	0.00	N	0.00	2026-09-30
.hostfile-validate-8846010.aurora-pbs-0001.hostmgmt.cm.aurora.alcf.anl.gov	-	0.00	0.00	0	0.00	0.00	N	0.00	2026-09-21
.hostfile-8856460-40	-	0.00	0.00	0	0.00	0.00	N	0.00	2026-09-23
.failed-8845057	8845057	0.00	0.00	0	0.00	0.00	N	0.00	2026-09-21
.hostfile-8880653-0	-	0.00	0.00	0	0.00	0.00	N	0.00	2026-09-30
.hostfile-8846027-7	-	0.00	0.00	0	0.00	0.00	N	0.00	2026-09-21
.hostfile-8845057-19	-	0.00	0.00	0	0.00	0.00	N	0.00	2026-09-21
.hostfile-8856460-5	-	0.00	0.00	0	0.00	0.00	N	0.00	2026-09-23
.hostfile-8901080-43	-	0.00	0.00	0	0.00	0.00	N	0.00	2026-10-03
.hostfile-8860472-14	-	0.00	0.00	0	0.00	0.00	N	0.00	2026-09-24
.hostfile-validate-8847643.aurora-pbs-0001.hostmgmt.cm.aurora.alcf.anl.gov	-	0.00	0.00	0	0.00	0.00	N	0.00	2026-09-21
.hostfile-8853558-14	-	0.00	0.00	0	0.00	0.00	N	0.00	2026-09-22
.hostfile-8878345-1	-	0.00	0.00	0	0.00	0.00	N	0.00	2026-09-29
.hostfile-8901080-30	-	0.00	0.00	0	0.00	0.00	N	0.00	2026-10-03
.hostfile-8880712-15	-	0.00	0.00	0	0.00	0.00	N	0.00	2026-09-30
.hostfile-8846027-68	-	0.00	0.00	0	0.00	0.00	N	0.00	2026-09-21
.hostfile-8856460-57	-	0.00	0.00	0	0.00	0.00	N	0.00	2026-09-23
.hostfile-8881848-9	-	0.00	0.00	0	0.00	0.00	N	0.00	2026-09-30
.hostfile-8853557-12	-	0.00	0.00	0	0.00	0.00	N	0.00	2026-09-22
.hostfile-8870732-3	-	0.00	0.00	0	0.00	0.00	N	0.00	2026-09-25
.hostfile-8842121-2	-	0.00	0.00	0	0.00	0.00	N	0.00	2026-09-20
.hostfile-8901080-5	-	0.00	0.00	0	0.00	0.00	N	0.00	2026-10-03
.hostfile-8845057-13	-	0.00	0.00	0	0.00	0.00	N	0.00	2026-09-21
.hostfile-8853557-3	-	0.00	0.00	0	0.00	0.00	N	0.00	2026-09-22
.hostfile-8880712-37	-	0.00	0.00	0	0.00	0.00	N	0.00	2026-09-30
.hostfile-8862585-0	-	0.00	0.00	0	0.00	0.00	N	0.00	2026-09-24
.hostfile-8878170-6	-	0.00	0.00	0	0.00	0.00	N	0.00	2026-09-29
.hostfile-validate-8847485.aurora-pbs-0001.hostmgmt.cm.aurora.alcf.anl.gov	-	0.00	0.00	0	0.00	0.00	N	0.00	2026-09-21
.hostfile-8901080-25	-	0.00	0.00	0	0.00	0.00	N	0.00	2026-10-03
.hostfile-8840693-10	-	0.00	0.00	0	0.00	0.00	N	0.00	2026-09-20
.hostfile-8846027-51	-	0.00	0.00	0	0.00	0.00	N	0.00	2026-09-21
.hostfile-8880712-7	-	0.00	0.00	0	0.00	0.00	N	0.00	2026-09-30
.hostfile-8840693-6	-	0.00	0.00	0	0.00	0.00	N	0.00	2026-09-20
.hostfile-8853558-3	-	0.00	0.00	0	0.00	0.00	N	0.00	2026-09-22
.hostfile-8845548-1	-	0.00	0.00	0	0.00	0.00	N	0.00	2026-09-21
.hostfile-8881357-4	-	0.00	0.00	0	0.00	0.00	N	0.00	2026-09-30
.hostfile-8901080-34	-	0.00	0.00	0	0.00	0.00	N	0.00	2026-10-03
.hostfile-recover-8842037.aurora-pbs-0001.hostmgmt.cm.aurora.alcf.anl.gov	-	0.00	0.00	0	0.00	0.00	N	0.00	2026-09-20
.hostfile-8853703-18	-	0.00	0.00	0	0.00	0.00	N	0.00	2026-09-22
.hostfile-8880653-15	-	0.00	0.00	0	0.00	0.00	N	0.00	2026-09-30
.hostfile-8853557-7	-	0.00	0.00	0	0.00	0.00	N	0.00	2026-09-22
.hostfile-8856460-67	-	0.00	0.00	0	0.00	0.00	N	0.00	2026-09-23
.hostfile-8842153-6	-	0.00	0.00	0	0.00	0.00	N	0.00	2026-09-20
.hostfile-8846027-69	-	0.00	0.00	0	0.00	0.00	N	0.00	2026-09-21
.hostfile-8842153-4	-	0.00	0.00	0	0.00	0.00	N	0.00	2026-09-20
.hostfile-8842153-9	-	0.00	0.00	0	0.00	0.00	N	0.00	2026-09-20
.hostfile-k168d-400m-1	-	0.00	0.00	0	0.00	0.00	N	0.00	2026-09-30
.hostfile-8870732-5	-	0.00	0.00	0	0.00	0.00	N	0.00	2026-09-25
.hostfile-8846027-39	-	0.00	0.00	0	0.00	0.00	N	0.00	2026-09-21
.hostfile-8856460-38	-	0.00	0.00	0	0.00	0.00	N	0.00	2026-09-23
.hostfile-8853557-6	-	0.00	0.00	0	0.00	0.00	N	0.00	2026-09-22
.hostfile-8860472-13	-	0.00	0.00	0	0.00	0.00	N	0.00	2026-09-24
.hostfile-k168d-400m-0	-	0.00	0.00	0	0.00	0.00	N	0.00	2026-09-30
.hostfile-8901080-35	-	0.00	0.00	0	0.00	0.00	N	0.00	2026-10-03
.hostfile-8901080-10	-	0.00	0.00	0	0.00	0.00	N	0.00	2026-10-03
.hostfile-8884292-4	-	0.00	0.00	0	0.00	0.00	N	0.00	2026-10-01
.hostfile-8842121-7	-	0.00	0.00	0	0.00	0.00	N	0.00	2026-09-20
.hostfile-8853703-31	-	0.00	0.00	0	0.00	0.00	N	0.00	2026-09-22
.hostfile-8845057-15	-	0.00	0.00	0	0.00	0.00	N	0.00	2026-09-21
.hostfile-8847444-10	-	0.00	0.00	0	0.00	0.00	N	0.00	2026-09-21
.hostfile-8876833-4	-	0.00	0.00	0	0.00	0.00	N	0.00	2026-09-29
.hostfile-8872678-6	-	0.00	0.00	0	0.00	0.00	N	0.00	2026-09-26
.hostfile-8872678-8	-	0.00	0.00	0	0.00	0.00	N	0.00	2026-09-26
.hostfile-8856460-31	-	0.00	0.00	0	0.00	0.00	N	0.00	2026-09-23
.hostfile-8860472-0	-	0.00	0.00	0	0.00	0.00	N	0.00	2026-09-24
.hostfile-8842121-8	-	0.00	0.00	0	0.00	0.00	N	0.00	2026-09-20
.hostfile-8848420-9	-	0.00	0.00	0	0.00	0.00	N	0.00	2026-09-22
.hostfile-8853558-10	-	0.00	0.00	0	0.00	0.00	N	0.00	2026-09-22
.hostfile-8853558-7	-	0.00	0.00	0	0.00	0.00	N	0.00	2026-09-22
.hostfile-8856460-51	-	0.00	0.00	0	0.00	0.00	N	0.00	2026-09-23
.hostfile-8901080-7	-	0.00	0.00	0	0.00	0.00	N	0.00	2026-10-03
.hostfile-8853558-20	-	0.00	0.00	0	0.00	0.00	N	0.00	2026-09-22
.hostfile-8846027-6	-	0.00	0.00	0	0.00	0.00	N	0.00	2026-09-21
.hostfile-8846027-3	-	0.00	0.00	0	0.00	0.00	N	0.00	2026-09-21
.hostfile-8873427-8	-	0.00	0.00	0	0.00	0.00	N	0.00	2026-09-27
.hostfile-8880712-18	-	0.00	0.00	0	0.00	0.00	N	0.00	2026-09-30
.hostfile-8901080-38	-	0.00	0.00	0	0.00	0.00	N	0.00	2026-10-03
.hostfile-8847444-1	-	0.00	0.00	0	0.00	0.00	N	0.00	2026-09-21
.hostfile-validate-8856438.aurora-pbs-0001.hostmgmt.cm.aurora.alcf.anl.gov	-	0.00	0.00	0	0.00	0.00	N	0.00	2026-09-23
.hostfile-8846027-64	-	0.00	0.00	0	0.00	0.00	N	0.00	2026-09-21
.hostfile-k168d-400m-2	-	0.00	0.00	0	0.00	0.00	N	0.00	2026-09-30
.hostfile-8848420-10	-	0.00	0.00	0	0.00	0.00	N	0.00	2026-09-22
.hostfile-8846027-19	-	0.00	0.00	0	0.00	0.00	N	0.00	2026-09-21
.hostfile-8880712-21	-	0.00	0.00	0	0.00	0.00	N	0.00	2026-09-30
.hostfile-8845252-1	-	0.00	0.00	0	0.00	0.00	N	0.00	2026-09-21
.hostfile-8878032-4	-	0.00	0.00	0	0.00	0.00	N	0.00	2026-09-29
.hostfile-8870686-7	-	0.00	0.00	0	0.00	0.00	N	0.00	2026-09-25
.hostfile-8878345-0	-	0.00	0.00	0	0.00	0.00	N	0.00	2026-09-29
.hostfile-8840408-8	-	0.00	0.00	0	0.00	0.00	N	0.00	2026-09-19
.hostfile-validate-8848873.aurora-pbs-0001.hostmgmt.cm.aurora.alcf.anl.gov	-	0.00	0.00	0	0.00	0.00	N	0.00	2026-09-22
.failed-8840408	8840408	0.00	0.00	0	0.00	0.00	N	0.00	2026-09-20
.hostfile-8846027-65	-	0.00	0.00	0	0.00	0.00	N	0.00	2026-09-21
.hostfile-8876832-8	-	0.00	0.00	0	0.00	0.00	N	0.00	2026-09-29
.hostfile-8869387-2	-	0.00	0.00	0	0.00	0.00	N	0.00	2026-09-25
.hostfile-8847444-3	-	0.00	0.00	0	0.00	0.00	N	0.00	2026-09-21
.hostfile-8881848-0	-	0.00	0.00	0	0.00	0.00	N	0.00	2026-09-30
.hostfile-8856460-74	-	0.00	0.00	0	0.00	0.00	N	0.00	2026-09-23
.hostfile-8845057-0	-	0.00	0.00	0	0.00	0.00	N	0.00	2026-09-21
.hostfile-k168a-400m-4	-	0.00	0.00	0	0.00	0.00	N	0.00	2026-09-30
.hostfile-8847552-1	-	0.00	0.00	0	0.00	0.00	N	0.00	2026-09-21
.hostfile-8853703-7	-	0.00	0.00	0	0.00	0.00	N	0.00	2026-09-22
.hostfile-8856460-105	-	0.00	0.00	0	0.00	0.00	N	0.00	2026-09-23
.hostfile-8846027-49	-	0.00	0.00	0	0.00	0.00	N	0.00	2026-09-21
.hostfile-8901080-19	-	0.00	0.00	0	0.00	0.00	N	0.00	2026-10-03
.hostfile-8847663-4	-	0.00	0.00	0	0.00	0.00	N	0.00	2026-09-22
.hostfile-8856460-22	-	0.00	0.00	0	0.00	0.00	N	0.00	2026-09-23
.hostfile-8862585-2	-	0.00	0.00	0	0.00	0.00	N	0.00	2026-09-24
.hostfile-8853703-13	-	0.00	0.00	0	0.00	0.00	N	0.00	2026-09-22
.hostfile-8842153-3	-	0.00	0.00	0	0.00	0.00	N	0.00	2026-09-20
.hostfile-8846027-18	-	0.00	0.00	0	0.00	0.00	N	0.00	2026-09-21
.hostfile-8845548-6	-	0.00	0.00	0	0.00	0.00	N	0.00	2026-09-21
.hostfile-8856460-4	-	0.00	0.00	0	0.00	0.00	N	0.00	2026-09-23
.hostfile-8845252-2	-	0.00	0.00	0	0.00	0.00	N	0.00	2026-09-21
.hostfile-8845252-10	-	0.00	0.00	0	0.00	0.00	N	0.00	2026-09-21
.hostfile-8880712-8	-	0.00	0.00	0	0.00	0.00	N	0.00	2026-09-30
.hostfile-8846027-2	-	0.00	0.00	0	0.00	0.00	N	0.00	2026-09-21
sibling-driver.log	-	0.00	0.00	0	0.00	0.00	N	0.00	2026-09-21
.hostfile-8901080-47	-	0.00	0.00	0	0.00	0.00	N	0.00	2026-10-03
.hostfile-8856460-37	-	0.00	0.00	0	0.00	0.00	N	0.00	2026-09-23
.hostfile-8873427-5	-	0.00	0.00	0	0.00	0.00	N	0.00	2026-09-27
.hostfile-validate-8847617.aurora-pbs-0001.hostmgmt.cm.aurora.alcf.anl.gov	-	0.00	0.00	0	0.00	0.00	N	0.00	2026-09-21
.hostfile-8846027-63	-	0.00	0.00	0	0.00	0.00	N	0.00	2026-09-21
.hostfile-8881357-8	-	0.00	0.00	0	0.00	0.00	N	0.00	2026-09-30
.hostfile-8901080-29	-	0.00	0.00	0	0.00	0.00	N	0.00	2026-10-03
.hostfile-8856460-77	-	0.00	0.00	0	0.00	0.00	N	0.00	2026-09-23
.failed-k168a-400m	-	0.00	0.00	0	0.00	0.00	N	0.00	2026-09-30
.hostfile-8880653-6	-	0.00	0.00	0	0.00	0.00	N	0.00	2026-09-30
.hostfile-8846027-20	-	0.00	0.00	0	0.00	0.00	N	0.00	2026-09-21
.hostfile-8846027-23	-	0.00	0.00	0	0.00	0.00	N	0.00	2026-09-21
.hostfile-8845057-6	-	0.00	0.00	0	0.00	0.00	N	0.00	2026-09-21
.hostfile-8846027-57	-	0.00	0.00	0	0.00	0.00	N	0.00	2026-09-21
.hostfile-8847444-4	-	0.00	0.00	0	0.00	0.00	N	0.00	2026-09-21
.hostfile-8840693-5	-	0.00	0.00	0	0.00	0.00	N	0.00	2026-09-20
.hostfile-8853557-1	-	0.00	0.00	0	0.00	0.00	N	0.00	2026-09-22
.failed-8845548	8845548	0.00	0.00	0	0.00	0.00	N	0.00	2026-09-21
.hostfile-validate-8855952.aurora-pbs-0001.hostmgmt.cm.aurora.alcf.anl.gov	-	0.00	0.00	0	0.00	0.00	N	0.00	2026-09-22
.hostfile-8880712-2	-	0.00	0.00	0	0.00	0.00	N	0.00	2026-09-30
.hostfile-8856460-35	-	0.00	0.00	0	0.00	0.00	N	0.00	2026-09-23
.hostfile-8856460-46	-	0.00	0.00	0	0.00	0.00	N	0.00	2026-09-23
.hostfile-8878032-2	-	0.00	0.00	0	0.00	0.00	N	0.00	2026-09-29
.hostfile-8842154-4	-	0.00	0.00	0	0.00	0.00	N	0.00	2026-09-20
.hostfile-k168a-400m-2	-	0.00	0.00	0	0.00	0.00	N	0.00	2026-09-30
.hostfile-8872678-0	-	0.00	0.00	0	0.00	0.00	N	0.00	2026-09-26
.hostfile-8846027-54	-	0.00	0.00	0	0.00	0.00	N	0.00	2026-09-21
.hostfile-8853703-26	-	0.00	0.00	0	0.00	0.00	N	0.00	2026-09-22
.hostfile-8846027-48	-	0.00	0.00	0	0.00	0.00	N	0.00	2026-09-21
.hostfile-8856460-106	-	0.00	0.00	0	0.00	0.00	N	0.00	2026-09-23
.hostfile-8878345-5	-	0.00	0.00	0	0.00	0.00	N	0.00	2026-09-29
.hostfile-8901080-18	-	0.00	0.00	0	0.00	0.00	N	0.00	2026-10-03
.hostfile-8846027-50	-	0.00	0.00	0	0.00	0.00	N	0.00	2026-09-21
.hostfile-8845057-10	-	0.00	0.00	0	0.00	0.00	N	0.00	2026-09-21
.hostfile-8856460-92	-	0.00	0.00	0	0.00	0.00	N	0.00	2026-09-23
.hostfile-8842153-1	-	0.00	0.00	0	0.00	0.00	N	0.00	2026-09-20
.hostfile-8845233-8	-	0.00	0.00	0	0.00	0.00	N	0.00	2026-09-21
.hostfile-8845252-9	-	0.00	0.00	0	0.00	0.00	N	0.00	2026-09-21
.hostfile-8845057-5	-	0.00	0.00	0	0.00	0.00	N	0.00	2026-09-21
.hostfile-8853703-3	-	0.00	0.00	0	0.00	0.00	N	0.00	2026-09-22
.hostfile-8853557-17	-	0.00	0.00	0	0.00	0.00	N	0.00	2026-09-22
.hostfile-8853558-23	-	0.00	0.00	0	0.00	0.00	N	0.00	2026-09-22
.hostfile-8856460-47	-	0.00	0.00	0	0.00	0.00	N	0.00	2026-09-23
.hostfile-8842153-8	-	0.00	0.00	0	0.00	0.00	N	0.00	2026-09-20
.hostfile-8860472-12	-	0.00	0.00	0	0.00	0.00	N	0.00	2026-09-24
.hostfile-8881848-3	-	0.00	0.00	0	0.00	0.00	N	0.00	2026-09-30
.hostfile-8846027-56	-	0.00	0.00	0	0.00	0.00	N	0.00	2026-09-21
.hostfile-8846027-46	-	0.00	0.00	0	0.00	0.00	N	0.00	2026-09-21
.hostfile-8856460-20	-	0.00	0.00	0	0.00	0.00	N	0.00	2026-09-23
.hostfile-8860472-15	-	0.00	0.00	0	0.00	0.00	N	0.00	2026-09-24
.hostfile-8878345-11	-	0.00	0.00	0	0.00	0.00	N	0.00	2026-09-29
.hostfile-8846027-16	-	0.00	0.00	0	0.00	0.00	N	0.00	2026-09-21
.hostfile-8856460-2	-	0.00	0.00	0	0.00	0.00	N	0.00	2026-09-23
.hostfile-8840693-9	-	0.00	0.00	0	0.00	0.00	N	0.00	2026-09-20
.hostfile-8901080-27	-	0.00	0.00	0	0.00	0.00	N	0.00	2026-10-03
.hostfile-8853557-11	-	0.00	0.00	0	0.00	0.00	N	0.00	2026-09-22
.hostfile-8873427-0	-	0.00	0.00	0	0.00	0.00	N	0.00	2026-09-27
.hostfile-8880712-27	-	0.00	0.00	0	0.00	0.00	N	0.00	2026-09-30
.hostfile-8846027-34	-	0.00	0.00	0	0.00	0.00	N	0.00	2026-09-21
.hostfile-8848420-3	-	0.00	0.00	0	0.00	0.00	N	0.00	2026-09-22
.hostfile-8845057-16	-	0.00	0.00	0	0.00	0.00	N	0.00	2026-09-21
.hostfile-8846027-0	-	0.00	0.00	0	0.00	0.00	N	0.00	2026-09-21
.hostfile-8845233-4	-	0.00	0.00	0	0.00	0.00	N	0.00	2026-09-21
.hostfile-8856460-79	-	0.00	0.00	0	0.00	0.00	N	0.00	2026-09-23
.hostfile-8856460-75	-	0.00	0.00	0	0.00	0.00	N	0.00	2026-09-23
.hostfile-8878170-11	-	0.00	0.00	0	0.00	0.00	N	0.00	2026-09-29
.hostfile-8880712-45	-	0.00	0.00	0	0.00	0.00	N	0.00	2026-09-30
.hostfile-8856460-61	-	0.00	0.00	0	0.00	0.00	N	0.00	2026-09-23
.hostfile-8847663-8	-	0.00	0.00	0	0.00	0.00	N	0.00	2026-09-22
.hostfile-8880653-2	-	0.00	0.00	0	0.00	0.00	N	0.00	2026-09-30
.hostfile-k168d-400m-6	-	0.00	0.00	0	0.00	0.00	N	0.00	2026-09-30
.hostfile-8870732-2	-	0.00	0.00	0	0.00	0.00	N	0.00	2026-09-25
.hostfile-8856460-55	-	0.00	0.00	0	0.00	0.00	N	0.00	2026-09-23
.hostfile-8845233-6	-	0.00	0.00	0	0.00	0.00	N	0.00	2026-09-21
.hostfile-8845252-6	-	0.00	0.00	0	0.00	0.00	N	0.00	2026-09-21
.hostfile-8853557-14	-	0.00	0.00	0	0.00	0.00	N	0.00	2026-09-22
.hostfile-8845252-0	-	0.00	0.00	0	0.00	0.00	N	0.00	2026-09-21
.hostfile-8856460-98	-	0.00	0.00	0	0.00	0.00	N	0.00	2026-09-23
.hostfile-8845233-9	-	0.00	0.00	0	0.00	0.00	N	0.00	2026-09-21
.hostfile-8846027-35	-	0.00	0.00	0	0.00	0.00	N	0.00	2026-09-21
.hostfile-8840408-13	-	0.00	0.00	0	0.00	0.00	N	0.00	2026-09-19
.hostfile-8847444-0	-	0.00	0.00	0	0.00	0.00	N	0.00	2026-09-21
.failed-8860472	8860472	0.00	0.00	0	0.00	0.00	N	0.00	2026-09-24
.hostfile-8881357-7	-	0.00	0.00	0	0.00	0.00	N	0.00	2026-09-30
.hostfile-8856460-83	-	0.00	0.00	0	0.00	0.00	N	0.00	2026-09-23
.hostfile-8856460-68	-	0.00	0.00	0	0.00	0.00	N	0.00	2026-09-23
.hostfile-8880712-26	-	0.00	0.00	0	0.00	0.00	N	0.00	2026-09-30
.hostfile-8856460-13	-	0.00	0.00	0	0.00	0.00	N	0.00	2026-09-23
.hostfile-validate-8848097.aurora-pbs-0001.hostmgmt.cm.aurora.alcf.anl.gov	-	0.00	0.00	0	0.00	0.00	N	0.00	2026-09-22
.hostfile-8878345-2	-	0.00	0.00	0	0.00	0.00	N	0.00	2026-09-29
.hostfile-8870686-11	-	0.00	0.00	0	0.00	0.00	N	0.00	2026-09-25
.hostfile-8881848-10	-	0.00	0.00	0	0.00	0.00	N	0.00	2026-09-30
.hostfile-8860472-10	-	0.00	0.00	0	0.00	0.00	N	0.00	2026-09-24
.hostfile-8845548-0	-	0.00	0.00	0	0.00	0.00	N	0.00	2026-09-21
.hostfile-8880712-41	-	0.00	0.00	0	0.00	0.00	N	0.00	2026-09-30
.hostfile-8846027-47	-	0.00	0.00	0	0.00	0.00	N	0.00	2026-09-21
.hostfile-8876832-2	-	0.00	0.00	0	0.00	0.00	N	0.00	2026-09-29
.hostfile-8845252-11	-	0.00	0.00	0	0.00	0.00	N	0.00	2026-09-21
.hostfile-8845057-1	-	0.00	0.00	0	0.00	0.00	N	0.00	2026-09-21
.hostfile-8870732-0	-	0.00	0.00	0	0.00	0.00	N	0.00	2026-09-25
.hostfile-8876833-9	-	0.00	0.00	0	0.00	0.00	N	0.00	2026-09-29
.hostfile-8853558-19	-	0.00	0.00	0	0.00	0.00	N	0.00	2026-09-22
.hostfile-8880712-19	-	0.00	0.00	0	0.00	0.00	N	0.00	2026-09-30
.hostfile-8901080-17	-	0.00	0.00	0	0.00	0.00	N	0.00	2026-10-03
.hostfile-8847444-9	-	0.00	0.00	0	0.00	0.00	N	0.00	2026-09-21
.hostfile-8880653-20	-	0.00	0.00	0	0.00	0.00	N	0.00	2026-09-30
.hostfile-8872678-9	-	0.00	0.00	0	0.00	0.00	N	0.00	2026-09-26
.hostfile-8842154-3	-	0.00	0.00	0	0.00	0.00	N	0.00	2026-09-20
.hostfile-validate-8850498.aurora-pbs-0001.hostmgmt.cm.aurora.alcf.anl.gov	-	0.00	0.00	0	0.00	0.00	N	0.00	2026-09-22
.hostfile-8856460-41	-	0.00	0.00	0	0.00	0.00	N	0.00	2026-09-23
.hostfile-8880712-40	-	0.00	0.00	0	0.00	0.00	N	0.00	2026-09-30
.hostfile-8881357-9	-	0.00	0.00	0	0.00	0.00	N	0.00	2026-09-30
.hostfile-8880712-22	-	0.00	0.00	0	0.00	0.00	N	0.00	2026-09-30
.hostfile-8878170-3	-	0.00	0.00	0	0.00	0.00	N	0.00	2026-09-29
.hostfile-8901080-4	-	0.00	0.00	0	0.00	0.00	N	0.00	2026-10-03
.hostfile-8876833-5	-	0.00	0.00	0	0.00	0.00	N	0.00	2026-09-29
.hostfile-8847663-1	-	0.00	0.00	0	0.00	0.00	N	0.00	2026-09-22
.hostfile-8876833-8	-	0.00	0.00	0	0.00	0.00	N	0.00	2026-09-29
.hostfile-8876832-4	-	0.00	0.00	0	0.00	0.00	N	0.00	2026-09-29
.hostfile-8901080-1	-	0.00	0.00	0	0.00	0.00	N	0.00	2026-10-03
.hostfile-8842154-8	-	0.00	0.00	0	0.00	0.00	N	0.00	2026-09-20
.hostfile-validate-8848363.aurora-pbs-0001.hostmgmt.cm.aurora.alcf.anl.gov	-	0.00	0.00	0	0.00	0.00	N	0.00	2026-09-22
.failed-8840693	8840693	0.00	0.00	0	0.00	0.00	N	0.00	2026-09-20
.hostfile-k168a-400m-9	-	0.00	0.00	0	0.00	0.00	N	0.00	2026-09-30
.hostfile-k168a-400m-7	-	0.00	0.00	0	0.00	0.00	N	0.00	2026-09-30
.hostfile-8846027-30	-	0.00	0.00	0	0.00	0.00	N	0.00	2026-09-21
.hostfile-8873427-2	-	0.00	0.00	0	0.00	0.00	N	0.00	2026-09-27
.hostfile-8901080-32	-	0.00	0.00	0	0.00	0.00	N	0.00	2026-10-03
.hostfile-8869387-5	-	0.00	0.00	0	0.00	0.00	N	0.00	2026-09-25
.hostfile-8870686-10	-	0.00	0.00	0	0.00	0.00	N	0.00	2026-09-25
.hostfile-8856460-101	-	0.00	0.00	0	0.00	0.00	N	0.00	2026-09-23
.hostfile-8901080-28	-	0.00	0.00	0	0.00	0.00	N	0.00	2026-10-03
.hostfile-8853557-10	-	0.00	0.00	0	0.00	0.00	N	0.00	2026-09-22
.failed-8870686	8870686	0.00	0.00	0	0.00	0.00	N	0.00	2026-09-25
.hostfile-8848420-11	-	0.00	0.00	0	0.00	0.00	N	0.00	2026-09-22
.hostfile-8856460-107	-	0.00	0.00	0	0.00	0.00	N	0.00	2026-09-23
.hostfile-8873427-11	-	0.00	0.00	0	0.00	0.00	N	0.00	2026-09-27
.hostfile-8846027-29	-	0.00	0.00	0	0.00	0.00	N	0.00	2026-09-21
.hostfile-8840693-3	-	0.00	0.00	0	0.00	0.00	N	0.00	2026-09-20
.hostfile-8845057-11	-	0.00	0.00	0	0.00	0.00	N	0.00	2026-09-21
.hostfile-8870686-4	-	0.00	0.00	0	0.00	0.00	N	0.00	2026-09-25
.hostfile-8856460-54	-	0.00	0.00	0	0.00	0.00	N	0.00	2026-09-23
.hostfile-8845233-11	-	0.00	0.00	0	0.00	0.00	N	0.00	2026-09-21
.hostfile-8856460-21	-	0.00	0.00	0	0.00	0.00	N	0.00	2026-09-23
.hostfile-8878170-5	-	0.00	0.00	0	0.00	0.00	N	0.00	2026-09-29
.hostfile-8856460-49	-	0.00	0.00	0	0.00	0.00	N	0.00	2026-09-23
.hostfile-8884292-8	-	0.00	0.00	0	0.00	0.00	N	0.00	2026-10-01
.hostfile-8856460-84	-	0.00	0.00	0	0.00	0.00	N	0.00	2026-09-23
.hostfile-8880712-9	-	0.00	0.00	0	0.00	0.00	N	0.00	2026-09-30
.hostfile-8856460-19	-	0.00	0.00	0	0.00	0.00	N	0.00	2026-09-23
.hostfile-8856460-90	-	0.00	0.00	0	0.00	0.00	N	0.00	2026-09-23
.hostfile-8901080-3	-	0.00	0.00	0	0.00	0.00	N	0.00	2026-10-03
.hostfile-8846027-32	-	0.00	0.00	0	0.00	0.00	N	0.00	2026-09-21
.hostfile-8845252-3	-	0.00	0.00	0	0.00	0.00	N	0.00	2026-09-21
.hostfile-8876832-7	-	0.00	0.00	0	0.00	0.00	N	0.00	2026-09-29
.hostfile-8853703-0	-	0.00	0.00	0	0.00	0.00	N	0.00	2026-09-22
.hostfile-8878032-9	-	0.00	0.00	0	0.00	0.00	N	0.00	2026-09-29
.hostfile-8856460-89	-	0.00	0.00	0	0.00	0.00	N	0.00	2026-09-23
.hostfile-8842121-6	-	0.00	0.00	0	0.00	0.00	N	0.00	2026-09-20
.hostfile-8842154-2	-	0.00	0.00	0	0.00	0.00	N	0.00	2026-09-20
.hostfile-8840408-5	-	0.00	0.00	0	0.00	0.00	N	0.00	2026-09-19
.hostfile-8876832-6	-	0.00	0.00	0	0.00	0.00	N	0.00	2026-09-29
.hostfile-8845057-3	-	0.00	0.00	0	0.00	0.00	N	0.00	2026-09-21
.hostfile-8846027-12	-	0.00	0.00	0	0.00	0.00	N	0.00	2026-09-21
.hostfile-8853557-13	-	0.00	0.00	0	0.00	0.00	N	0.00	2026-09-22
.hostfile-8880712-42	-	0.00	0.00	0	0.00	0.00	N	0.00	2026-09-30
.hostfile-8901080-37	-	0.00	0.00	0	0.00	0.00	N	0.00	2026-10-03
.hostfile-8876832-0	-	0.00	0.00	0	0.00	0.00	N	0.00	2026-09-29
.hostfile-8853703-12	-	0.00	0.00	0	0.00	0.00	N	0.00	2026-09-22
.hostfile-8880653-9	-	0.00	0.00	0	0.00	0.00	N	0.00	2026-09-30
.hostfile-8856460-11	-	0.00	0.00	0	0.00	0.00	N	0.00	2026-09-23
.hostfile-8880712-47	-	0.00	0.00	0	0.00	0.00	N	0.00	2026-09-30
.failed-8853703	8853703	0.00	0.00	0	0.00	0.00	N	0.00	2026-09-22
.hostfile-8845548-4	-	0.00	0.00	0	0.00	0.00	N	0.00	2026-09-21
.hostfile-8846027-25	-	0.00	0.00	0	0.00	0.00	N	0.00	2026-09-21
.hostfile-8846027-14	-	0.00	0.00	0	0.00	0.00	N	0.00	2026-09-21
.hostfile-8845057-12	-	0.00	0.00	0	0.00	0.00	N	0.00	2026-09-21
.hostfile-8856460-29	-	0.00	0.00	0	0.00	0.00	N	0.00	2026-09-23
.hostfile-8845233-3	-	0.00	0.00	0	0.00	0.00	N	0.00	2026-09-21
.hostfile-8873427-7	-	0.00	0.00	0	0.00	0.00	N	0.00	2026-09-27
.hostfile-8856460-85	-	0.00	0.00	0	0.00	0.00	N	0.00	2026-09-23
.hostfile-8840693-1	-	0.00	0.00	0	0.00	0.00	N	0.00	2026-09-20
.hostfile-8880712-35	-	0.00	0.00	0	0.00	0.00	N	0.00	2026-09-30
.hostfile-8876833-1	-	0.00	0.00	0	0.00	0.00	N	0.00	2026-09-29
.hostfile-8881357-3	-	0.00	0.00	0	0.00	0.00	N	0.00	2026-09-30
.hostfile-8853703-8	-	0.00	0.00	0	0.00	0.00	N	0.00	2026-09-22
.hostfile-8846027-31	-	0.00	0.00	0	0.00	0.00	N	0.00	2026-09-21
.hostfile-8876833-11	-	0.00	0.00	0	0.00	0.00	N	0.00	2026-09-29
.hostfile-8845548-11	-	0.00	0.00	0	0.00	0.00	N	0.00	2026-09-21
.hostfile-validate-8845858.aurora-pbs-0001.hostmgmt.cm.aurora.alcf.anl.gov	-	0.00	0.00	0	0.00	0.00	N	0.00	2026-09-21
.hostfile-8880653-5	-	0.00	0.00	0	0.00	0.00	N	0.00	2026-09-30
gridexact-driver.log	-	0.00	0.00	0	0.00	0.00	N	0.00	2026-09-21
.hostfile-8884292-5	-	0.00	0.00	0	0.00	0.00	N	0.00	2026-10-01
.hostfile-8846027-53	-	0.00	0.00	0	0.00	0.00	N	0.00	2026-09-21
.hostfile-validate-8856370.aurora-pbs-0001.hostmgmt.cm.aurora.alcf.anl.gov	-	0.00	0.00	0	0.00	0.00	N	0.00	2026-09-22
allocfix-driver.log	-	0.00	0.00	0	0.00	0.00	N	0.00	2026-09-21
.hostfile-8881357-10	-	0.00	0.00	0	0.00	0.00	N	0.00	2026-09-30
.hostfile-validate-8856119.aurora-pbs-0001.hostmgmt.cm.aurora.alcf.anl.gov	-	0.00	0.00	0	0.00	0.00	N	0.00	2026-09-22
.hostfile-8846027-52	-	0.00	0.00	0	0.00	0.00	N	0.00	2026-09-21
.hostfile-8842154-11	-	0.00	0.00	0	0.00	0.00	N	0.00	2026-09-20
.hostfile-8847444-6	-	0.00	0.00	0	0.00	0.00	N	0.00	2026-09-21
.hostfile-8842153-11	-	0.00	0.00	0	0.00	0.00	N	0.00	2026-09-20
.hostfile-8856460-73	-	0.00	0.00	0	0.00	0.00	N	0.00	2026-09-23
.hostfile-8853703-6	-	0.00	0.00	0	0.00	0.00	N	0.00	2026-09-22
.hostfile-8901080-41	-	0.00	0.00	0	0.00	0.00	N	0.00	2026-10-03
.hostfile-8853558-8	-	0.00	0.00	0	0.00	0.00	N	0.00	2026-09-22
.hostfile-validate-8845056.aurora-pbs-0001.hostmgmt.cm.aurora.alcf.anl.gov	-	0.00	0.00	0	0.00	0.00	N	0.00	2026-09-21
.hostfile-8869387-7	-	0.00	0.00	0	0.00	0.00	N	0.00	2026-09-25
.hostfile-8856460-18	-	0.00	0.00	0	0.00	0.00	N	0.00	2026-09-23
.hostfile-validate-8848414.aurora-pbs-0001.hostmgmt.cm.aurora.alcf.anl.gov	-	0.00	0.00	0	0.00	0.00	N	0.00	2026-09-22
.hostfile-8856460-14	-	0.00	0.00	0	0.00	0.00	N	0.00	2026-09-23
.hostfile-8853703-5	-	0.00	0.00	0	0.00	0.00	N	0.00	2026-09-22
.hostfile-8853557-22	-	0.00	0.00	0	0.00	0.00	N	0.00	2026-09-22
.hostfile-8842154-7	-	0.00	0.00	0	0.00	0.00	N	0.00	2026-09-20
.hostfile-validate-8844329.aurora-pbs-0001.hostmgmt.cm.aurora.alcf.anl.gov	-	0.00	0.00	0	0.00	0.00	N	0.00	2026-09-21
.hostfile-8856460-33	-	0.00	0.00	0	0.00	0.00	N	0.00	2026-09-23
.hostfile-8856525-0	-	0.00	0.00	0	0.00	0.00	N	0.00	2026-09-23
.hostfile-8842121-3	-	0.00	0.00	0	0.00	0.00	N	0.00	2026-09-20
.hostfile-8853703-10	-	0.00	0.00	0	0.00	0.00	N	0.00	2026-09-22
.hostfile-8853558-4	-	0.00	0.00	0	0.00	0.00	N	0.00	2026-09-22
.hostfile-k168d-400m-10	-	0.00	0.00	0	0.00	0.00	N	0.00	2026-09-30
.hostfile-8856460-69	-	0.00	0.00	0	0.00	0.00	N	0.00	2026-09-23
.hostfile-8846565-1	-	0.00	0.00	0	0.00	0.00	N	0.00	2026-09-21
.hostfile-8876832-11	-	0.00	0.00	0	0.00	0.00	N	0.00	2026-09-29
.hostfile-8845548-3	-	0.00	0.00	0	0.00	0.00	N	0.00	2026-09-21
.hostfile-8853557-23	-	0.00	0.00	0	0.00	0.00	N	0.00	2026-09-22
.hostfile-8846027-36	-	0.00	0.00	0	0.00	0.00	N	0.00	2026-09-21
.hostfile-8901080-11	-	0.00	0.00	0	0.00	0.00	N	0.00	2026-10-03
.hostfile-8901080-33	-	0.00	0.00	0	0.00	0.00	N	0.00	2026-10-03
.hostfile-8878170-8	-	0.00	0.00	0	0.00	0.00	N	0.00	2026-09-29
.hostfile-k168a-400m-6	-	0.00	0.00	0	0.00	0.00	N	0.00	2026-09-30
.hostfile-validate-8855965.aurora-pbs-0001.hostmgmt.cm.aurora.alcf.anl.gov	-	0.00	0.00	0	0.00	0.00	N	0.00	2026-09-22
.hostfile-8878170-4	-	0.00	0.00	0	0.00	0.00	N	0.00	2026-09-29
.hostfile-8840408-3	-	0.00	0.00	0	0.00	0.00	N	0.00	2026-09-19
.hostfile-8870686-3	-	0.00	0.00	0	0.00	0.00	N	0.00	2026-09-25
.hostfile-8884292-3	-	0.00	0.00	0	0.00	0.00	N	0.00	2026-10-01
.hostfile-8901080-8	-	0.00	0.00	0	0.00	0.00	N	0.00	2026-10-03
.hostfile-8845057-9	-	0.00	0.00	0	0.00	0.00	N	0.00	2026-09-21
.hostfile-8846027-28	-	0.00	0.00	0	0.00	0.00	N	0.00	2026-09-21
.hostfile-8880712-39	-	0.00	0.00	0	0.00	0.00	N	0.00	2026-09-30
.hostfile-8884292-0	-	0.00	0.00	0	0.00	0.00	N	0.00	2026-10-01
.hostfile-8846027-55	-	0.00	0.00	0	0.00	0.00	N	0.00	2026-09-21
.hostfile-8870732-4	-	0.00	0.00	0	0.00	0.00	N	0.00	2026-09-25
.hostfile-8856460-30	-	0.00	0.00	0	0.00	0.00	N	0.00	2026-09-23
.hostfile-8856460-36	-	0.00	0.00	0	0.00	0.00	N	0.00	2026-09-23
.hostfile-8856460-93	-	0.00	0.00	0	0.00	0.00	N	0.00	2026-09-23
.hostfile-8901080-23	-	0.00	0.00	0	0.00	0.00	N	0.00	2026-10-03
.hostfile-8876832-1	-	0.00	0.00	0	0.00	0.00	N	0.00	2026-09-29
.hostfile-8880712-31	-	0.00	0.00	0	0.00	0.00	N	0.00	2026-09-30
.hostfile-validate-8845837.aurora-pbs-0001.hostmgmt.cm.aurora.alcf.anl.gov	-	0.00	0.00	0	0.00	0.00	N	0.00	2026-09-21
.hostfile-8846027-59	-	0.00	0.00	0	0.00	0.00	N	0.00	2026-09-21
.hostfile-8842154-9	-	0.00	0.00	0	0.00	0.00	N	0.00	2026-09-20
.hostfile-8856460-39	-	0.00	0.00	0	0.00	0.00	N	0.00	2026-09-23
.hostfile-8847663-0	-	0.00	0.00	0	0.00	0.00	N	0.00	2026-09-22
.hostfile-8881357-11	-	0.00	0.00	0	0.00	0.00	N	0.00	2026-09-30
.hostfile-8880712-10	-	0.00	0.00	0	0.00	0.00	N	0.00	2026-09-30
.hostfile-8869387-9	-	0.00	0.00	0	0.00	0.00	N	0.00	2026-09-25
.hostfile-8856460-81	-	0.00	0.00	0	0.00	0.00	N	0.00	2026-09-23
.hostfile-8853557-19	-	0.00	0.00	0	0.00	0.00	N	0.00	2026-09-22
.hostfile-8901080-26	-	0.00	0.00	0	0.00	0.00	N	0.00	2026-10-03
.hostfile-validate-8842190.aurora-pbs-0001.hostmgmt.cm.aurora.alcf.anl.gov	-	0.00	0.00	0	0.00	0.00	N	0.00	2026-09-20
.hostfile-8840693-0	-	0.00	0.00	0	0.00	0.00	N	0.00	2026-09-20
.hostfile-k168a-400m-1	-	0.00	0.00	0	0.00	0.00	N	0.00	2026-09-30
.hostfile-8884292-7	-	0.00	0.00	0	0.00	0.00	N	0.00	2026-10-01
.hostfile-8876833-3	-	0.00	0.00	0	0.00	0.00	N	0.00	2026-09-29
.failed-8842154	8842154	0.00	0.00	0	0.00	0.00	N	0.00	2026-09-20
.hostfile-8853703-16	-	0.00	0.00	0	0.00	0.00	N	0.00	2026-09-22
.hostfile-8846027-44	-	0.00	0.00	0	0.00	0.00	N	0.00	2026-09-21
.hostfile-8847663-2	-	0.00	0.00	0	0.00	0.00	N	0.00	2026-09-22
.hostfile-8856460-8	-	0.00	0.00	0	0.00	0.00	N	0.00	2026-09-23
.hostfile-8840408-2	-	0.00	0.00	0	0.00	0.00	N	0.00	2026-09-19
.hostfile-8853557-15	-	0.00	0.00	0	0.00	0.00	N	0.00	2026-09-22
.hostfile-8847444-2	-	0.00	0.00	0	0.00	0.00	N	0.00	2026-09-21
.hostfile-8848420-2	-	0.00	0.00	0	0.00	0.00	N	0.00	2026-09-22
.hostfile-8846027-24	-	0.00	0.00	0	0.00	0.00	N	0.00	2026-09-21
.hostfile-8880712-20	-	0.00	0.00	0	0.00	0.00	N	0.00	2026-09-30
.failed-8872678	8872678	0.00	0.00	0	0.00	0.00	N	0.00	2026-09-26
.hostfile-8856460-87	-	0.00	0.00	0	0.00	0.00	N	0.00	2026-09-23
.hostfile-8880712-24	-	0.00	0.00	0	0.00	0.00	N	0.00	2026-09-30
.hostfile-8876832-5	-	0.00	0.00	0	0.00	0.00	N	0.00	2026-09-29
.hostfile-8842121-11	-	0.00	0.00	0	0.00	0.00	N	0.00	2026-09-20
.hostfile-8840693-8	-	0.00	0.00	0	0.00	0.00	N	0.00	2026-09-20
.hostfile-8876833-7	-	0.00	0.00	0	0.00	0.00	N	0.00	2026-09-29
.hostfile-8901080-31	-	0.00	0.00	0	0.00	0.00	N	0.00	2026-10-03
.hostfile-8876832-3	-	0.00	0.00	0	0.00	0.00	N	0.00	2026-09-29
.hostfile-8880653-13	-	0.00	0.00	0	0.00	0.00	N	0.00	2026-09-30
.hostfile-8884292-11	-	0.00	0.00	0	0.00	0.00	N	0.00	2026-10-01
.hostfile-k168a-400m-10	-	0.00	0.00	0	0.00	0.00	N	0.00	2026-09-30
.hostfile-validate-8848815.aurora-pbs-0001.hostmgmt.cm.aurora.alcf.anl.gov	-	0.00	0.00	0	0.00	0.00	N	0.00	2026-09-22
.hostfile-8873427-6	-	0.00	0.00	0	0.00	0.00	N	0.00	2026-09-27
.hostfile-8884292-1	-	0.00	0.00	0	0.00	0.00	N	0.00	2026-10-01
.hostfile-8853703-1	-	0.00	0.00	0	0.00	0.00	N	0.00	2026-09-22
.hostfile-8860472-9	-	0.00	0.00	0	0.00	0.00	N	0.00	2026-09-24
.hostfile-validate-8846290.aurora-pbs-0001.hostmgmt.cm.aurora.alcf.anl.gov	-	0.00	0.00	0	0.00	0.00	N	0.00	2026-09-21
.hostfile-8847663-6	-	0.00	0.00	0	0.00	0.00	N	0.00	2026-09-22
.hostfile-8846027-41	-	0.00	0.00	0	0.00	0.00	N	0.00	2026-09-21
.hostfile-8845233-5	-	0.00	0.00	0	0.00	0.00	N	0.00	2026-09-21
.hostfile-8845252-5	-	0.00	0.00	0	0.00	0.00	N	0.00	2026-09-21
.hostfile-8846027-71	-	0.00	0.00	0	0.00	0.00	N	0.00	2026-09-21
.hostfile-8853558-2	-	0.00	0.00	0	0.00	0.00	N	0.00	2026-09-22
.hostfile-8847444-7	-	0.00	0.00	0	0.00	0.00	N	0.00	2026-09-21
.hostfile-8848420-4	-	0.00	0.00	0	0.00	0.00	N	0.00	2026-09-22
.hostfile-8878345-6	-	0.00	0.00	0	0.00	0.00	N	0.00	2026-09-29
.hostfile-8853558-16	-	0.00	0.00	0	0.00	0.00	N	0.00	2026-09-22
.hostfile-8845548-7	-	0.00	0.00	0	0.00	0.00	N	0.00	2026-09-21
.hostfile-8901080-40	-	0.00	0.00	0	0.00	0.00	N	0.00	2026-10-03
.hostfile-8846027-37	-	0.00	0.00	0	0.00	0.00	N	0.00	2026-09-21
.hostfile-8853558-15	-	0.00	0.00	0	0.00	0.00	N	0.00	2026-09-22
.failed-8881848	8881848	0.00	0.00	0	0.00	0.00	N	0.00	2026-09-30
k168-k168a.nohup	-	0.00	0.00	0	0.00	0.00	N	0.00	2026-09-30
.hostfile-8856460-53	-	0.00	0.00	0	0.00	0.00	N	0.00	2026-09-23
.hostfile-8848420-7	-	0.00	0.00	0	0.00	0.00	N	0.00	2026-09-22
.hostfile-8847444-8	-	0.00	0.00	0	0.00	0.00	N	0.00	2026-09-21
.hostfile-8842121-4	-	0.00	0.00	0	0.00	0.00	N	0.00	2026-09-20
.hostfile-8846027-21	-	0.00	0.00	0	0.00	0.00	N	0.00	2026-09-21
.hostfile-8846027-8	-	0.00	0.00	0	0.00	0.00	N	0.00	2026-09-21
.hostfile-8842153-5	-	0.00	0.00	0	0.00	0.00	N	0.00	2026-09-20
.hostfile-8872678-3	-	0.00	0.00	0	0.00	0.00	N	0.00	2026-09-26
.hostfile-8853557-21	-	0.00	0.00	0	0.00	0.00	N	0.00	2026-09-22
.hostfile-8856460-42	-	0.00	0.00	0	0.00	0.00	N	0.00	2026-09-23
.hostfile-8856460-3	-	0.00	0.00	0	0.00	0.00	N	0.00	2026-09-23
.hostfile-8901080-46	-	0.00	0.00	0	0.00	0.00	N	0.00	2026-10-03
.hostfile-8845548-10	-	0.00	0.00	0	0.00	0.00	N	0.00	2026-09-21
.hostfile-8842154-10	-	0.00	0.00	0	0.00	0.00	N	0.00	2026-09-20
.hostfile-8856460-15	-	0.00	0.00	0	0.00	0.00	N	0.00	2026-09-23
.hostfile-8845252-7	-	0.00	0.00	0	0.00	0.00	N	0.00	2026-09-21
.hostfile-8870686-1	-	0.00	0.00	0	0.00	0.00	N	0.00	2026-09-25
.hostfile-8847663-5	-	0.00	0.00	0	0.00	0.00	N	0.00	2026-09-22
.hostfile-8856460-43	-	0.00	0.00	0	0.00	0.00	N	0.00	2026-09-23
.failed-8845233	8845233	0.00	0.00	0	0.00	0.00	N	0.00	2026-09-21
.hostfile-8881848-11	-	0.00	0.00	0	0.00	0.00	N	0.00	2026-09-30
.hostfile-8845548-9	-	0.00	0.00	0	0.00	0.00	N	0.00	2026-09-21
.hostfile-8901080-42	-	0.00	0.00	0	0.00	0.00	N	0.00	2026-10-03
.hostfile-8869387-4	-	0.00	0.00	0	0.00	0.00	N	0.00	2026-09-25
.hostfile-8856460-64	-	0.00	0.00	0	0.00	0.00	N	0.00	2026-09-23
.hostfile-8901080-44	-	0.00	0.00	0	0.00	0.00	N	0.00	2026-10-03
.hostfile-8845057-21	-	0.00	0.00	0	0.00	0.00	N	0.00	2026-09-21
.hostfile-8846027-43	-	0.00	0.00	0	0.00	0.00	N	0.00	2026-09-21
.hostfile-8847663-3	-	0.00	0.00	0	0.00	0.00	N	0.00	2026-09-22
.hostfile-8901080-21	-	0.00	0.00	0	0.00	0.00	N	0.00	2026-10-03
.hostfile-8860472-6	-	0.00	0.00	0	0.00	0.00	N	0.00	2026-09-24
.hostfile-8878032-11	-	0.00	0.00	0	0.00	0.00	N	0.00	2026-09-29
.hostfile-8845548-5	-	0.00	0.00	0	0.00	0.00	N	0.00	2026-09-21
.hostfile-8901080-9	-	0.00	0.00	0	0.00	0.00	N	0.00	2026-10-03
.hostfile-8862585-1	-	0.00	0.00	0	0.00	0.00	N	0.00	2026-09-24
.hostfile-8881357-1	-	0.00	0.00	0	0.00	0.00	N	0.00	2026-09-30
.hostfile-8846027-38	-	0.00	0.00	0	0.00	0.00	N	0.00	2026-09-21
.hostfile-8878032-8	-	0.00	0.00	0	0.00	0.00	N	0.00	2026-09-29
.hostfile-8845057-23	-	0.00	0.00	0	0.00	0.00	N	0.00	2026-09-21
.hostfile-8901080-2	-	0.00	0.00	0	0.00	0.00	N	0.00	2026-10-03
.hostfile-k168d-400m-11	-	0.00	0.00	0	0.00	0.00	N	0.00	2026-09-30
.hostfile-8856460-76	-	0.00	0.00	0	0.00	0.00	N	0.00	2026-09-23
.hostfile-8853558-6	-	0.00	0.00	0	0.00	0.00	N	0.00	2026-09-22
.failed-8862585	8862585	0.00	0.00	0	0.00	0.00	N	0.00	2026-09-24
.hostfile-8856460-71	-	0.00	0.00	0	0.00	0.00	N	0.00	2026-09-23
.hostfile-8847663-10	-	0.00	0.00	0	0.00	0.00	N	0.00	2026-09-22
.hostfile-8901080-36	-	0.00	0.00	0	0.00	0.00	N	0.00	2026-10-03
.hostfile-8880653-7	-	0.00	0.00	0	0.00	0.00	N	0.00	2026-09-30
.failed-8847663	8847663	0.00	0.00	0	0.00	0.00	N	0.00	2026-09-22
.hostfile-8845233-2	-	0.00	0.00	0	0.00	0.00	N	0.00	2026-09-21
.hostfile-8845057-7	-	0.00	0.00	0	0.00	0.00	N	0.00	2026-09-21
.hostfile-8853703-11	-	0.00	0.00	0	0.00	0.00	N	0.00	2026-09-22
.hostfile-8845233-7	-	0.00	0.00	0	0.00	0.00	N	0.00	2026-09-21
.hostfile-8853557-20	-	0.00	0.00	0	0.00	0.00	N	0.00	2026-09-22
.hostfile-8856460-1	-	0.00	0.00	0	0.00	0.00	N	0.00	2026-09-23
.hostfile-8856460-50	-	0.00	0.00	0	0.00	0.00	N	0.00	2026-09-23
.hostfile-8856460-60	-	0.00	0.00	0	0.00	0.00	N	0.00	2026-09-23
.hostfile-8880712-33	-	0.00	0.00	0	0.00	0.00	N	0.00	2026-09-30
.hostfile-8880712-32	-	0.00	0.00	0	0.00	0.00	N	0.00	2026-09-30
.hostfile-8853703-17	-	0.00	0.00	0	0.00	0.00	N	0.00	2026-09-22
.hostfile-8869387-8	-	0.00	0.00	0	0.00	0.00	N	0.00	2026-09-25
.hostfile-8880712-12	-	0.00	0.00	0	0.00	0.00	N	0.00	2026-09-30
.hostfile-8853558-9	-	0.00	0.00	0	0.00	0.00	N	0.00	2026-09-22
.hostfile-k168a-400m-11	-	0.00	0.00	0	0.00	0.00	N	0.00	2026-09-30
.hostfile-8845233-10	-	0.00	0.00	0	0.00	0.00	N	0.00	2026-09-21
.hostfile-8846027-5	-	0.00	0.00	0	0.00	0.00	N	0.00	2026-09-21
.hostfile-8869387-1	-	0.00	0.00	0	0.00	0.00	N	0.00	2026-09-25
.hostfile-8901080-16	-	0.00	0.00	0	0.00	0.00	N	0.00	2026-10-03
.hostfile-8878032-7	-	0.00	0.00	0	0.00	0.00	N	0.00	2026-09-29
ddptest-21277-as-is_xccl.log	-	0.00	0.00	0	0.00	0.00	N	0.00	2026-09-21
.hostfile-8873427-9	-	0.00	0.00	0	0.00	0.00	N	0.00	2026-09-27
.hostfile-8853557-5	-	0.00	0.00	0	0.00	0.00	N	0.00	2026-09-22
.hostfile-8856460-103	-	0.00	0.00	0	0.00	0.00	N	0.00	2026-09-23
.hostfile-8840693-2	-	0.00	0.00	0	0.00	0.00	N	0.00	2026-09-20
.hostfile-8878170-7	-	0.00	0.00	0	0.00	0.00	N	0.00	2026-09-29
.hostfile-8845057-2	-	0.00	0.00	0	0.00	0.00	N	0.00	2026-09-21
.hostfile-8856460-32	-	0.00	0.00	0	0.00	0.00	N	0.00	2026-09-23
.hostfile-8853703-4	-	0.00	0.00	0	0.00	0.00	N	0.00	2026-09-22
.hostfile-8856460-95	-	0.00	0.00	0	0.00	0.00	N	0.00	2026-09-23
.hostfile-8853703-35	-	0.00	0.00	0	0.00	0.00	N	0.00	2026-09-22
.hostfile-8880653-10	-	0.00	0.00	0	0.00	0.00	N	0.00	2026-09-30
.hostfile-k168d-400m-3	-	0.00	0.00	0	0.00	0.00	N	0.00	2026-09-30
.hostfile-8870732-1	-	0.00	0.00	0	0.00	0.00	N	0.00	2026-09-25
.hostfile-k168a-400m-8	-	0.00	0.00	0	0.00	0.00	N	0.00	2026-09-30
.hostfile-8856460-94	-	0.00	0.00	0	0.00	0.00	N	0.00	2026-09-23
.hostfile-8884292-6	-	0.00	0.00	0	0.00	0.00	N	0.00	2026-10-01
.hostfile-8880712-38	-	0.00	0.00	0	0.00	0.00	N	0.00	2026-09-30
.hostfile-8901080-45	-	0.00	0.00	0	0.00	0.00	N	0.00	2026-10-03
.hostfile-8846027-67	-	0.00	0.00	0	0.00	0.00	N	0.00	2026-09-21
.hostfile-8846027-4	-	0.00	0.00	0	0.00	0.00	N	0.00	2026-09-21
.hostfile-8845548-8	-	0.00	0.00	0	0.00	0.00	N	0.00	2026-09-21
.hostfile-8853703-33	-	0.00	0.00	0	0.00	0.00	N	0.00	2026-09-22
.hostfile-8878032-3	-	0.00	0.00	0	0.00	0.00	N	0.00	2026-09-29
.hostfile-8840408-7	-	0.00	0.00	0	0.00	0.00	N	0.00	2026-09-19
.hostfile-k168d-400m-4	-	0.00	0.00	0	0.00	0.00	N	0.00	2026-09-30
.hostfile-8848420-1	-	0.00	0.00	0	0.00	0.00	N	0.00	2026-09-22
.hostfile-8880653-11	-	0.00	0.00	0	0.00	0.00	N	0.00	2026-09-30
.hostfile-8884292-9	-	0.00	0.00	0	0.00	0.00	N	0.00	2026-10-01
.hostfile-8881848-5	-	0.00	0.00	0	0.00	0.00	N	0.00	2026-09-30
.hostfile-8880653-1	-	0.00	0.00	0	0.00	0.00	N	0.00	2026-09-30
.hostfile-8881357-2	-	0.00	0.00	0	0.00	0.00	N	0.00	2026-09-30
.hostfile-8853558-21	-	0.00	0.00	0	0.00	0.00	N	0.00	2026-09-22
.hostfile-8840408-6	-	0.00	0.00	0	0.00	0.00	N	0.00	2026-09-19
.hostfile-8846565-0	-	0.00	0.00	0	0.00	0.00	N	0.00	2026-09-21
.hostfile-8880712-1	-	0.00	0.00	0	0.00	0.00	N	0.00	2026-09-30
.hostfile-8856460-16	-	0.00	0.00	0	0.00	0.00	N	0.00	2026-09-23
.hostfile-8847663-11	-	0.00	0.00	0	0.00	0.00	N	0.00	2026-09-22
.hostfile-8870732-10	-	0.00	0.00	0	0.00	0.00	N	0.00	2026-09-25
ddptest-21277-no_workers.log	-	0.00	0.00	0	0.00	0.00	N	0.00	2026-09-21
.hostfile-8878032-6	-	0.00	0.00	0	0.00	0.00	N	0.00	2026-09-29
.hostfile-8876833-0	-	0.00	0.00	0	0.00	0.00	N	0.00	2026-09-29
.hostfile-8880712-3	-	0.00	0.00	0	0.00	0.00	N	0.00	2026-09-30
.hostfile-8876833-10	-	0.00	0.00	0	0.00	0.00	N	0.00	2026-09-29
.hostfile-k168a-400m-5	-	0.00	0.00	0	0.00	0.00	N	0.00	2026-09-30
.hostfile-8845057-17	-	0.00	0.00	0	0.00	0.00	N	0.00	2026-09-21
.hostfile-8845057-14	-	0.00	0.00	0	0.00	0.00	N	0.00	2026-09-21
.hostfile-8840408-1	-	0.00	0.00	0	0.00	0.00	N	0.00	2026-09-19
.hostfile-8856460-70	-	0.00	0.00	0	0.00	0.00	N	0.00	2026-09-23
.hostfile-8842153-2	-	0.00	0.00	0	0.00	0.00	N	0.00	2026-09-20
sibling2-driver.log	-	0.00	0.00	0	0.00	0.00	N	0.00	2026-09-21
.hostfile-8840408-15	-	0.00	0.00	0	0.00	0.00	N	0.00	2026-09-19
.hostfile-8880653-23	-	0.00	0.00	0	0.00	0.00	N	0.00	2026-09-30
.hostfile-8848420-6	-	0.00	0.00	0	0.00	0.00	N	0.00	2026-09-22
.hostfile-8856525-1	-	0.00	0.00	0	0.00	0.00	N	0.00	2026-09-23
.hostfile-8842154-5	-	0.00	0.00	0	0.00	0.00	N	0.00	2026-09-20
.hostfile-8870686-6	-	0.00	0.00	0	0.00	0.00	N	0.00	2026-09-25
.hostfile-8846027-15	-	0.00	0.00	0	0.00	0.00	N	0.00	2026-09-21
.hostfile-8840408-9	-	0.00	0.00	0	0.00	0.00	N	0.00	2026-09-19
.hostfile-8853558-13	-	0.00	0.00	0	0.00	0.00	N	0.00	2026-09-22
.hostfile-8856460-80	-	0.00	0.00	0	0.00	0.00	N	0.00	2026-09-23
.hostfile-8856460-7	-	0.00	0.00	0	0.00	0.00	N	0.00	2026-09-23
.hostfile-validate-8853559.aurora-pbs-0001.hostmgmt.cm.aurora.alcf.anl.gov	-	0.00	0.00	0	0.00	0.00	N	0.00	2026-09-22
.hostfile-validate-8845234.aurora-pbs-0001.hostmgmt.cm.aurora.alcf.anl.gov	-	0.00	0.00	0	0.00	0.00	N	0.00	2026-09-21
.hostfile-8842121-5	-	0.00	0.00	0	0.00	0.00	N	0.00	2026-09-20
.hostfile-8881848-2	-	0.00	0.00	0	0.00	0.00	N	0.00	2026-09-30
.hostfile-8842154-1	-	0.00	0.00	0	0.00	0.00	N	0.00	2026-09-20
.hostfile-validate-8853327.aurora-pbs-0001.hostmgmt.cm.aurora.alcf.anl.gov	-	0.00	0.00	0	0.00	0.00	N	0.00	2026-09-22
.hostfile-8880712-6	-	0.00	0.00	0	0.00	0.00	N	0.00	2026-09-30
.hostfile-8845057-18	-	0.00	0.00	0	0.00	0.00	N	0.00	2026-09-21
.hostfile-8881848-6	-	0.00	0.00	0	0.00	0.00	N	0.00	2026-09-30
.hostfile-validate-8848849.aurora-pbs-0001.hostmgmt.cm.aurora.alcf.anl.gov	-	0.00	0.00	0	0.00	0.00	N	0.00	2026-09-22
.hostfile-8840408-14	-	0.00	0.00	0	0.00	0.00	N	0.00	2026-09-19
.hostfile-8870686-5	-	0.00	0.00	0	0.00	0.00	N	0.00	2026-09-25
.hostfile-8880712-23	-	0.00	0.00	0	0.00	0.00	N	0.00	2026-09-30
.hostfile-8872678-10	-	0.00	0.00	0	0.00	0.00	N	0.00	2026-09-26
.hostfile-8853557-8	-	0.00	0.00	0	0.00	0.00	N	0.00	2026-09-22
.hostfile-8856460-62	-	0.00	0.00	0	0.00	0.00	N	0.00	2026-09-23
.hostfile-8856460-97	-	0.00	0.00	0	0.00	0.00	N	0.00	2026-09-23
.hostfile-8901080-20	-	0.00	0.00	0	0.00	0.00	N	0.00	2026-10-03
.hostfile-8846027-40	-	0.00	0.00	0	0.00	0.00	N	0.00	2026-09-21
.hostfile-8860472-11	-	0.00	0.00	0	0.00	0.00	N	0.00	2026-09-24
.hostfile-8870686-9	-	0.00	0.00	0	0.00	0.00	N	0.00	2026-09-25
.hostfile-8853558-5	-	0.00	0.00	0	0.00	0.00	N	0.00	2026-09-22
.hostfile-8846027-13	-	0.00	0.00	0	0.00	0.00	N	0.00	2026-09-21
.hostfile-8853557-4	-	0.00	0.00	0	0.00	0.00	N	0.00	2026-09-22
.hostfile-8856525-4	-	0.00	0.00	0	0.00	0.00	N	0.00	2026-09-23
.hostfile-validate-8845984.aurora-pbs-0001.hostmgmt.cm.aurora.alcf.anl.gov	-	0.00	0.00	0	0.00	0.00	N	0.00	2026-09-21
.hostfile-8880712-14	-	0.00	0.00	0	0.00	0.00	N	0.00	2026-09-30
.hostfile-8848420-5	-	0.00	0.00	0	0.00	0.00	N	0.00	2026-09-22
.hostfile-8840693-4	-	0.00	0.00	0	0.00	0.00	N	0.00	2026-09-20
.hostfile-8856460-65	-	0.00	0.00	0	0.00	0.00	N	0.00	2026-09-23
.hostfile-8880712-29	-	0.00	0.00	0	0.00	0.00	N	0.00	2026-09-30
.hostfile-8846027-26	-	0.00	0.00	0	0.00	0.00	N	0.00	2026-09-21
.hostfile-8842153-0	-	0.00	0.00	0	0.00	0.00	N	0.00	2026-09-20
.hostfile-8840408-11	-	0.00	0.00	0	0.00	0.00	N	0.00	2026-09-19
.hostfile-8853557-9	-	0.00	0.00	0	0.00	0.00	N	0.00	2026-09-22
.hostfile-8856460-88	-	0.00	0.00	0	0.00	0.00	N	0.00	2026-09-23
.hostfile-8856460-58	-	0.00	0.00	0	0.00	0.00	N	0.00	2026-09-23
.hostfile-8860472-1	-	0.00	0.00	0	0.00	0.00	N	0.00	2026-09-24
.hostfile-8880712-0	-	0.00	0.00	0	0.00	0.00	N	0.00	2026-09-30
.hostfile-8846027-33	-	0.00	0.00	0	0.00	0.00	N	0.00	2026-09-21
.hostfile-8847552-0	-	0.00	0.00	0	0.00	0.00	N	0.00	2026-09-21
.hostfile-8880653-8	-	0.00	0.00	0	0.00	0.00	N	0.00	2026-09-30
.hostfile-8853558-18	-	0.00	0.00	0	0.00	0.00	N	0.00	2026-09-22
.hostfile-8846027-42	-	0.00	0.00	0	0.00	0.00	N	0.00	2026-09-21
.hostfile-8872678-4	-	0.00	0.00	0	0.00	0.00	N	0.00	2026-09-26
.hostfile-8880653-19	-	0.00	0.00	0	0.00	0.00	N	0.00	2026-09-30
.hostfile-8860472-4	-	0.00	0.00	0	0.00	0.00	N	0.00	2026-09-24
.hostfile-8880653-21	-	0.00	0.00	0	0.00	0.00	N	0.00	2026-09-30
.hostfile-8842121-10	-	0.00	0.00	0	0.00	0.00	N	0.00	2026-09-20
.hostfile-8846027-61	-	0.00	0.00	0	0.00	0.00	N	0.00	2026-09-21
k168-k168b.nohup	-	0.00	0.00	0	0.00	0.00	N	0.00	2026-09-30
